id,old_category,proposed_category,confidence,reason
1a167537-f996-46ad-8b85-30ce4deb15ef,"Containers & Packaging","General Silicone Moulds","HIGH","Matched type General Mould"
9402b69d-4f37-4b60-9770-8b79e0d5759b,"Candle & Pillar Moulds","Soap & Bar Moulds","HIGH","Matched type Soap Mould"
7ab585c7-6d05-4ba0-a58c-9a989703efcf,"Fragrance Oils","Containers & Packaging","HIGH","Matched type Bottle/Container"
8bc8ab73-5968-423f-8dae-b0ae0686b4ee,"Culinary & Fondant Moulds","Soap & Bar Moulds","HIGH","Matched type Soap Mould"
8efda9ac-f6e9-4104-bd03-3d7d0b2b17c2,"Food Safe Flavour Oil","Culinary & Fondant Moulds","HIGH","Matched type Culinary Mould"
556ed9b9-95ea-492e-8060-8246a66e1ea3,"Containers & Packaging","General Silicone Moulds","HIGH","Matched type General Mould"
0062c18f-5fb3-46b1-bfce-d10169e9c498,"Candle & Pillar Moulds","Soap & Bar Moulds","HIGH","Matched type Soap Mould"
37456fbd-4c64-4036-9992-adfbabee499d,"Food Safe Flavour Oil","Containers & Packaging","HIGH","Matched type Bottle/Container"
dac4a379-5610-4061-a23b-ce9587a935f5,"Candle & Pillar Moulds","Soap & Bar Moulds","HIGH","Matched type Soap Mould"
cff29c52-f208-4291-b1b5-e39aab25f6bd,"Fragrance Oils","Essential Oils","HIGH","Matched type Essential Oil"
fd625b48-1052-42f6-a491-ef99ecad4c0d,"Fragrance Oils","Containers & Packaging","HIGH","Matched type Bottle/Container"
f26eb402-427b-4c28-b368-132ac01a38e4,"Containers & Packaging","Candle & Pillar Moulds","HIGH","Matched type Candle Mould"
79dc0a86-0c3e-451b-9c94-3c7e85456c70,"Containers & Packaging","Eco-Resin & Stone Moulds","HIGH","Matched type Resin/Concrete Mould"
6cd82bbe-2813-4876-9f82-2b8e8a9830e4,"General Silicone Moulds","Candle Making Accessories","HIGH","Matched type Accessory/Tool"
ee780f9d-d184-420a-b119-0faa7102dc17,"Soap & Bar Moulds","Candle Making Accessories","HIGH","Matched type Accessory/Tool"
d3b81aab-fe78-4235-b40c-eeca0e4292ec,"Containers & Packaging","Eco-Resin & Stone Moulds","HIGH","Matched type Resin/Concrete Mould"
cdeb3b84-a6e4-48a7-9d22-3d96d45dccc7,"Food Safe Flavour Oil","Containers & Packaging","HIGH","Matched type Bottle/Container"
f611a220-ddc3-4442-8c5e-abd30316e7ab,"General Silicone Moulds","Containers & Packaging","HIGH","Matched type Bottle/Container"
e4710ea8-a9a0-4832-9df0-d9e7a14143df,"Containers & Packaging","Eco-Resin & Stone Moulds","HIGH","Matched type Resin/Concrete Mould"
9a4c8603-4c21-4669-90d0-b365781731ae,"Containers & Packaging","Premium Bases & Waxes","HIGH","Matched type Wax/Base"
bbe58755-c490-4273-b192-9b88a3b9e649,"Candle & Pillar Moulds","Soap & Bar Moulds","HIGH","Matched type Soap Mould"
1be2a3ab-ca39-4a06-8875-f82709616c53,"Candle & Pillar Moulds","Soap & Bar Moulds","HIGH","Matched type Soap Mould"
ebe8bbd6-fce2-4132-8fd2-be0fc37f0d8b,"Candle & Pillar Moulds","Soap & Bar Moulds","HIGH","Matched type Soap Mould"
f570c2aa-5552-4f6a-9577-2b30c2fa24e1,"Candle & Pillar Moulds","Soap & Bar Moulds","HIGH","Matched type Soap Mould"
dad6e032-d218-4d6d-8c05-6c7c543ad336,"Candle & Pillar Moulds","Soap & Bar Moulds","HIGH","Matched type Soap Mould"
29bbcaaf-400e-4c80-974b-4f1679366296,"Fragrance Oils","Containers & Packaging","HIGH","Matched type Bottle/Container"
8adf8e3c-de21-406d-9225-7b1e885b60e7,"Fragrance Oils","Containers & Packaging","HIGH","Matched type Bottle/Container"
31fdb341-82ed-4bf3-bbcd-585905b0f96e,"Containers & Packaging","Candle Making Accessories","HIGH","Matched type Accessory/Tool"
0952de25-3019-47d2-b9b6-3713ca6ef60d,"General Silicone Moulds","Fragrance Oils","HIGH","Matched type Fragrance Oil"
092c9e81-2345-4a9e-a5f9-57fe16530511,"Fragrance Oils","Containers & Packaging","HIGH","Matched type Bottle/Container"
3b3f61a9-66c0-4ae3-aeac-b3e4e9415e25,"Fragrance Oils","Containers & Packaging","HIGH","Matched type Bottle/Container"
5360f9d6-b6bf-42ea-8b7e-40a74891f512,"Fragrance Oils","Containers & Packaging","HIGH","Matched type Bottle/Container"
802cf454-ee12-4312-9cc0-666d00fed5f9,"Fragrance Oils","Containers & Packaging","HIGH","Matched type Bottle/Container"
36400989-3e32-41fe-a934-abfcd7de7465,"General Silicone Moulds","Candle Making Accessories","HIGH","Matched type Accessory/Tool"
c77b920a-056a-4eef-ad9f-58ff20c31527,"General Silicone Moulds","Candle Making Accessories","HIGH","Matched type Accessory/Tool"
ba85d47c-b614-4fd6-a9c4-a5c91352bc1a,"Containers & Packaging","General Silicone Moulds","HIGH","Matched type General Mould"
81d504ce-aa08-479a-bbce-a5ddc98d69d6,"Pigments & Colors","Candle Making Accessories","HIGH","Matched type Accessory/Tool"
bd39cecb-1ab4-4a8f-822d-8c68c9e4ed95,"Candle & Pillar Moulds","Soap & Bar Moulds","HIGH","Matched type Soap Mould"
4967a296-fd86-4fe6-b675-b473a8fc2765,"General Silicone Moulds","Candle Making Accessories","HIGH","Matched type Accessory/Tool"
ecb814d1-19d2-4b0b-ac4b-db905a58de36,"Food Safe Flavour Oil","General Silicone Moulds","HIGH","Matched type General Mould"
55793b10-4c98-4115-aed1-1eda65d78f32,"Food Safe Flavour Oil","Containers & Packaging","HIGH","Matched type Bottle/Container"
d74088e2-7484-48a9-a782-4b62971fd97f,"Candle & Pillar Moulds","Soap & Bar Moulds","HIGH","Matched type Soap Mould"
c25af4bb-99e2-4684-ba65-54ef169d84ae,"Fragrance Oils","Containers & Packaging","HIGH","Matched type Bottle/Container"
1b989deb-7360-4b41-95dc-a2e61581ebe2,"Candle & Pillar Moulds","Soap & Bar Moulds","HIGH","Matched type Soap Mould"
cf1d933e-2ee4-41c6-a73f-24bade3b6e08,"Candle & Pillar Moulds","Soap & Bar Moulds","HIGH","Matched type Soap Mould"
46cced58-077a-42a7-866f-4d54b782766c,"Food Safe Flavour Oil","Containers & Packaging","HIGH","Matched type Bottle/Container"
07a1484c-eb99-459f-88b6-906ce37b85b4,"Containers & Packaging","Premium Bases & Waxes","HIGH","Matched type Wax/Base"
ba67cf2b-ec7f-4601-aefd-4bca31f812d8,"Fragrance Oils","Containers & Packaging","HIGH","Matched type Bottle/Container"
7c736550-8c99-4340-8357-8e2ef44358e5,"Containers & Packaging","Eco-Resin & Stone Moulds","HIGH","Matched type Resin/Concrete Mould"
0031dd55-472f-4ce0-a4e8-e5c36242f235,"Food Safe Flavour Oil","Containers & Packaging","HIGH","Matched type Bottle/Container"
539732cf-f525-4001-96e8-8a7284d0dec3,"Fragrance Oils","Containers & Packaging","HIGH","Matched type Bottle/Container"
ff31780a-27d0-47d6-99ec-bb708c5cadf5,"General Silicone Moulds","Premium Bases & Waxes","HIGH","Matched type Wax/Base"
7105ef3d-38a3-4b99-abba-12865bfd80e7,"Soap & Bar Moulds","Fragrance Oils","HIGH","Matched type Fragrance Oil"
6b2cc154-5372-4426-b546-7e2e7f5dd554,"Containers & Packaging","Soap & Bar Moulds","HIGH","Matched type Soap Mould"
0879175a-e149-416a-94db-1229d1a82725,"Candle & Pillar Moulds","Soap & Bar Moulds","HIGH","Matched type Soap Mould"
14c241bd-5e3c-46fb-bab8-5bbbabd3362c,"Candle & Pillar Moulds","Soap & Bar Moulds","HIGH","Matched type Soap Mould"
cf16360f-6d2b-4c89-9c92-b1b5a2471aba,"Candle & Pillar Moulds","Soap & Bar Moulds","HIGH","Matched type Soap Mould"
8c9081cb-76a8-4107-9ea2-52bf5043058d,"Candle & Pillar Moulds","Soap & Bar Moulds","HIGH","Matched type Soap Mould"
ea92151e-1512-4e14-b009-3e6ed07d7fa4,"Candle & Pillar Moulds","Soap & Bar Moulds","HIGH","Matched type Soap Mould"
4b5623d7-5a41-4b33-a05b-3ab3c27d7cd2,"Food Safe Flavour Oil","Culinary & Fondant Moulds","HIGH","Matched type Culinary Mould"
5cb4664c-8603-4b04-a67f-8c83f5457d33,"General Silicone Moulds","Containers & Packaging","HIGH","Matched type Bottle/Container"
da6a87b8-d2c3-41fe-b22e-241f56640656,"Containers & Packaging","Premium Bases & Waxes","HIGH","Matched type Wax/Base"
701896bc-7a04-42db-9dda-506790ad4553,"Fragrance Oils","Containers & Packaging","HIGH","Matched type Bottle/Container"
e5daa48d-9c1b-4a27-9aec-09eb183be86c,"Food Safe Flavour Oil","Containers & Packaging","HIGH","Matched type Bottle/Container"
be54cc59-f52d-4334-82a4-ae63d1f16204,"Food Safe Flavour Oil","Containers & Packaging","HIGH","Matched type Bottle/Container"
ecb29213-edfe-450c-952e-65ea2a4d24d2,"Food Safe Flavour Oil","General Silicone Moulds","HIGH","Matched type General Mould"
087a26c9-d16d-4821-b6bf-413c86792892,"Pigments & Colors","Containers & Packaging","HIGH","Matched type Bottle/Container"
c16ac550-c478-4b33-9cea-5ef5805068d7,"Containers & Packaging","General Silicone Moulds","HIGH","Matched type General Mould"
f1762165-bf21-4b91-a8e5-15df30e349e6,"Containers & Packaging","Premium Bases & Waxes","HIGH","Matched type Wax/Base"
bb262ec7-832b-4789-b05b-2d040957c890,"Pigments & Colors","Containers & Packaging","HIGH","Matched type Bottle/Container"
7c775ae1-b6d9-4467-902f-b4115ef51dae,"Pigments & Colors","Containers & Packaging","HIGH","Matched type Bottle/Container"
e08757ca-93c9-4410-8858-113b6c2e3076,"Candle & Pillar Moulds","Containers & Packaging","HIGH","Matched type Bottle/Container"
fc3cbea0-5804-4889-885a-27aa80fb398f,"Pigments & Colors","Premium Bases & Waxes","HIGH","Matched type Wax/Base"
305c4bf4-ced8-4481-8ec4-f401ee44f642,"Food Safe Flavour Oil","Containers & Packaging","HIGH","Matched type Bottle/Container"
2302ede9-417d-4c18-8036-e19057c589c6,"General Silicone Moulds","Fragrance Oils","HIGH","Matched type Fragrance Oil"
2e44f75e-c345-4bed-9eda-1bc8cdb86df0,"General Silicone Moulds","Fragrance Oils","HIGH","Matched type Fragrance Oil"
15dae3e6-5be7-4392-909d-e3e6d77bcdb4,"General Silicone Moulds","Fragrance Oils","HIGH","Matched type Fragrance Oil"
f78b170e-00e3-4322-bec9-ea168d714a95,"General Silicone Moulds","Fragrance Oils","HIGH","Matched type Fragrance Oil"
5ab4b123-2e1c-4056-9977-44128e6fa5d3,"General Silicone Moulds","Fragrance Oils","HIGH","Matched type Fragrance Oil"
26c932e4-1f18-4ae6-a955-4674481a0c15,"General Silicone Moulds","Fragrance Oils","HIGH","Matched type Fragrance Oil"
8c22edeb-e60c-48f4-9a4b-495b8c17a20a,"General Silicone Moulds","Fragrance Oils","HIGH","Matched type Fragrance Oil"
701cdff0-e373-4285-920d-ec9ee66f01ae,"General Silicone Moulds","Fragrance Oils","HIGH","Matched type Fragrance Oil"
90adde74-42cb-4f7b-b49d-cead861d4a33,"General Silicone Moulds","Fragrance Oils","HIGH","Matched type Fragrance Oil"
2225e1b5-25dc-494a-9f81-6675e2f5c640,"General Silicone Moulds","Fragrance Oils","HIGH","Matched type Fragrance Oil"
437c20e9-08df-4a63-80ec-453189ed4c27,"General Silicone Moulds","Fragrance Oils","HIGH","Matched type Fragrance Oil"
8e053397-e989-4edb-a781-f7ff5f35ce3c,"General Silicone Moulds","Fragrance Oils","HIGH","Matched type Fragrance Oil"
c54d7707-abf0-4600-8eb0-2ca1b0b406b0,"General Silicone Moulds","Fragrance Oils","HIGH","Matched type Fragrance Oil"
1f35d24c-e83b-4c8f-bff2-084aae80b02e,"General Silicone Moulds","Fragrance Oils","HIGH","Matched type Fragrance Oil"
89cff28d-2554-4d69-9a7e-b7ed877c0804,"General Silicone Moulds","Fragrance Oils","HIGH","Matched type Fragrance Oil"
60fb2d0d-0764-4624-bf95-67a4b472e004,"General Silicone Moulds","Fragrance Oils","HIGH","Matched type Fragrance Oil"
bc2e469d-9947-471b-8aab-bc1dd3e7204e,"General Silicone Moulds","Fragrance Oils","HIGH","Matched type Fragrance Oil"
2eab4b34-e672-4c7b-88ec-02e68b1a2178,"Pigments & Colors","Candle & Pillar Moulds","HIGH","Matched type Candle Mould"
1b511de8-e163-4b37-b2ed-b85b07fabe98,"Fragrance Oils","Containers & Packaging","HIGH","Matched type Bottle/Container"
ca1c28bc-a090-415a-ac99-620eb48765e8,"Fragrance Oils","Containers & Packaging","HIGH","Matched type Bottle/Container"
6123ec94-8ced-4081-b0b0-5425eef87d3e,"Candle & Pillar Moulds","Eco-Resin & Stone Moulds","HIGH","Matched type Resin/Concrete Mould"
8ea0a523-ea4d-4318-924f-aa1bb6b58042,"Food Safe Flavour Oil","Containers & Packaging","HIGH","Matched type Bottle/Container"
25384262-bd8b-4d9b-b5d4-3717b7dc6eea,"Containers & Packaging","Eco-Resin & Stone Moulds","HIGH","Matched type Resin/Concrete Mould"
078de343-b582-4054-bbb1-fd4dac5e1883,"Candle & Pillar Moulds","Eco-Resin & Stone Moulds","HIGH","Matched type Resin/Concrete Mould"
ffec3a07-064d-4d24-bc52-5ed1d8c01fe1,"Containers & Packaging","Eco-Resin & Stone Moulds","HIGH","Matched type Resin/Concrete Mould"
f9854aa2-b4f6-48c9-8b81-a10cdac4a856,"Containers & Packaging","Eco-Resin & Stone Moulds","HIGH","Matched type Resin/Concrete Mould"
1069cdad-2102-475e-9fc1-352656e44b93,"Containers & Packaging","Eco-Resin & Stone Moulds","HIGH","Matched type Resin/Concrete Mould"
2c9134ca-1ac5-476f-a9b1-c22574a40204,"Containers & Packaging","Eco-Resin & Stone Moulds","HIGH","Matched type Resin/Concrete Mould"
35a2f68f-8fad-4854-b33a-0dbdc9f72625,"Containers & Packaging","Eco-Resin & Stone Moulds","HIGH","Matched type Resin/Concrete Mould"
c2ada326-cad7-4e85-8c1c-3fc71d799124,"Candle & Pillar Moulds","Eco-Resin & Stone Moulds","HIGH","Matched type Resin/Concrete Mould"
bab69135-098b-4a87-b7de-a0e294cd13f5,"Food Safe Flavour Oil","Containers & Packaging","HIGH","Matched type Bottle/Container"
49b6e1fe-b090-437c-89a7-35c0fead4615,"Candle & Pillar Moulds","Eco-Resin & Stone Moulds","HIGH","Matched type Resin/Concrete Mould"
8025521b-23f2-482d-9dc1-4a049ebaae4a,"General Silicone Moulds","Fragrance Oils","HIGH","Matched type Fragrance Oil"
8ace9887-5c9d-4320-a9e2-b2f7a9f59983,"General Silicone Moulds","Fragrance Oils","HIGH","Matched type Fragrance Oil"
48d4bdd4-0188-4044-8a7b-15ecb43bceb9,"General Silicone Moulds","Fragrance Oils","HIGH","Matched type Fragrance Oil"
7b4c90b4-a186-4000-ad84-109e623e12af,"General Silicone Moulds","Fragrance Oils","HIGH","Matched type Fragrance Oil"
55d04b8f-d35f-4737-b186-a7c0de3107f0,"General Silicone Moulds","Fragrance Oils","HIGH","Matched type Fragrance Oil"
6a856a71-0829-487c-bae9-5fdd9a31ab94,"General Silicone Moulds","Fragrance Oils","HIGH","Matched type Fragrance Oil"
402c384b-761b-4e99-99d0-0373dfe1b230,"General Silicone Moulds","Fragrance Oils","HIGH","Matched type Fragrance Oil"
4cb40f61-a47e-4c4b-bb3f-84351db94695,"General Silicone Moulds","Fragrance Oils","HIGH","Matched type Fragrance Oil"
d3cd52c6-0e68-47f9-8845-8d0e385cbf50,"General Silicone Moulds","Fragrance Oils","HIGH","Matched type Fragrance Oil"
82df4a33-4962-4a29-82a8-cbb5037a386f,"General Silicone Moulds","Fragrance Oils","HIGH","Matched type Fragrance Oil"
23e32e38-3518-4525-a252-65838d4b64dc,"General Silicone Moulds","Fragrance Oils","HIGH","Matched type Fragrance Oil"
1617e7e7-00d1-46c7-9342-20f25aba0dd8,"General Silicone Moulds","Fragrance Oils","HIGH","Matched type Fragrance Oil"
c935d871-5c3d-4016-89bb-b28bc69d331a,"General Silicone Moulds","Fragrance Oils","HIGH","Matched type Fragrance Oil"
5f730948-df2c-4a05-8d24-7546733dea83,"General Silicone Moulds","Fragrance Oils","HIGH","Matched type Fragrance Oil"
7434a165-c78e-42ec-bdd9-a6d528bb7391,"General Silicone Moulds","Fragrance Oils","HIGH","Matched type Fragrance Oil"
a35d90a5-bb6a-4cb2-9424-75535701cf64,"Candle & Pillar Moulds","Soap & Bar Moulds","HIGH","Matched type Soap Mould"
8f16cd2f-e6c4-45d1-b6f9-528e12a1e9ab,"General Silicone Moulds","Fragrance Oils","HIGH","Matched type Fragrance Oil"
fbe9c1f3-fbc4-4bb1-a32e-cc85265a1868,"General Silicone Moulds","Fragrance Oils","HIGH","Matched type Fragrance Oil"
3954190e-3bd2-45d7-8541-043bf5cd8f43,"General Silicone Moulds","Fragrance Oils","HIGH","Matched type Fragrance Oil"
95fd34dd-668c-4dea-9637-399e04ba867d,"General Silicone Moulds","Fragrance Oils","HIGH","Matched type Fragrance Oil"
246d8ee3-974b-482d-a96b-1911b1af5c05,"General Silicone Moulds","Fragrance Oils","HIGH","Matched type Fragrance Oil"
1014844c-625a-4067-bb58-666764a88e76,"General Silicone Moulds","Fragrance Oils","HIGH","Matched type Fragrance Oil"
58aa9b74-2ae3-4a32-9a6d-b82bdd4c0042,"General Silicone Moulds","Fragrance Oils","HIGH","Matched type Fragrance Oil"
6df0e219-b241-4cff-a13c-df3b993dd214,"General Silicone Moulds","Fragrance Oils","HIGH","Matched type Fragrance Oil"
aa1d9781-1c50-4a43-9c31-7b735c690a58,"General Silicone Moulds","Fragrance Oils","HIGH","Matched type Fragrance Oil"
82a9012e-d158-42f4-aa26-795145f440ff,"General Silicone Moulds","Fragrance Oils","HIGH","Matched type Fragrance Oil"
8c4bd184-aa32-4ae8-b349-e0f5004cd0ce,"General Silicone Moulds","Fragrance Oils","HIGH","Matched type Fragrance Oil"
754beca1-83d7-4bfe-a787-a0964502d189,"General Silicone Moulds","Fragrance Oils","HIGH","Matched type Fragrance Oil"
c50e7927-333e-4935-a448-c5756a16fe02,"General Silicone Moulds","Fragrance Oils","HIGH","Matched type Fragrance Oil"
aee65888-000f-4c04-8756-63f63f83e77d,"General Silicone Moulds","Fragrance Oils","HIGH","Matched type Fragrance Oil"
685cdf14-aef5-40df-9174-5d9009635afa,"General Silicone Moulds","Fragrance Oils","HIGH","Matched type Fragrance Oil"
dba03bc4-5e15-4b5b-91e8-509369656a0b,"General Silicone Moulds","Fragrance Oils","HIGH","Matched type Fragrance Oil"
c758c202-8a24-4687-a282-8213c521323d,"General Silicone Moulds","Fragrance Oils","HIGH","Matched type Fragrance Oil"
c22bc8db-86e3-48eb-8031-d7a2704da4d7,"General Silicone Moulds","Fragrance Oils","HIGH","Matched type Fragrance Oil"
0d19c706-690a-40bb-a438-9d97ac0f037f,"General Silicone Moulds","Fragrance Oils","HIGH","Matched type Fragrance Oil"
b17c8c0a-8445-415b-8d92-508a6b23e388,"General Silicone Moulds","Fragrance Oils","HIGH","Matched type Fragrance Oil"
71d03409-be22-4fca-bcee-604d87b88f2b,"General Silicone Moulds","Fragrance Oils","HIGH","Matched type Fragrance Oil"
1fdaa5fd-dc1a-4dad-aef2-1930a3f24d74,"General Silicone Moulds","Fragrance Oils","HIGH","Matched type Fragrance Oil"
a4942fe9-7f50-4939-a9b5-d2e677b04914,"General Silicone Moulds","Fragrance Oils","HIGH","Matched type Fragrance Oil"
12de7fea-9c84-4290-9654-41c8320d626b,"General Silicone Moulds","Fragrance Oils","HIGH","Matched type Fragrance Oil"
82669ecf-70a6-4f34-9e95-513529d69ae2,"General Silicone Moulds","Fragrance Oils","HIGH","Matched type Fragrance Oil"
b5b637d2-fdca-4095-ab52-34411c6be942,"General Silicone Moulds","Fragrance Oils","HIGH","Matched type Fragrance Oil"
b23d2937-f316-4231-9cb6-f6a05fb7f8a0,"General Silicone Moulds","Fragrance Oils","HIGH","Matched type Fragrance Oil"
f84a825e-9c89-49fa-8827-aa52617b543a,"General Silicone Moulds","Fragrance Oils","HIGH","Matched type Fragrance Oil"
f50023fb-c7d4-42b4-ac0c-811f20530977,"General Silicone Moulds","Fragrance Oils","HIGH","Matched type Fragrance Oil"
5a50aba7-d8ab-49dd-9d0b-7ba96f4b2f38,"General Silicone Moulds","Fragrance Oils","HIGH","Matched type Fragrance Oil"
1474e068-ddac-4f65-9f96-a19a6cf2fa03,"General Silicone Moulds","Fragrance Oils","HIGH","Matched type Fragrance Oil"
7fb380b4-4601-428f-b77a-e7ca767c2056,"General Silicone Moulds","Fragrance Oils","HIGH","Matched type Fragrance Oil"
a30fd133-fdaf-4478-9b3c-2aacb5472977,"General Silicone Moulds","Fragrance Oils","HIGH","Matched type Fragrance Oil"
3a483dfa-dab1-40e2-951a-de3c94b73f72,"General Silicone Moulds","Fragrance Oils","HIGH","Matched type Fragrance Oil"
0adf3242-ec04-4f1c-b87d-57a6cb006be6,"General Silicone Moulds","Fragrance Oils","HIGH","Matched type Fragrance Oil"
6cd68206-e227-430d-9362-036e15adb8c3,"General Silicone Moulds","Fragrance Oils","HIGH","Matched type Fragrance Oil"
9f913d8f-efb4-43eb-8117-2ad581710340,"General Silicone Moulds","Fragrance Oils","HIGH","Matched type Fragrance Oil"
8ffe40ca-5980-4d9d-8159-a96bf7ae73c7,"General Silicone Moulds","Fragrance Oils","HIGH","Matched type Fragrance Oil"
93d48fb7-fedb-48fb-9510-e63a1cea00aa,"General Silicone Moulds","Fragrance Oils","HIGH","Matched type Fragrance Oil"
f5363979-6f84-4b96-8841-d222285d1a62,"General Silicone Moulds","Fragrance Oils","HIGH","Matched type Fragrance Oil"
eb477d10-90f0-4773-8937-2a15cb33825c,"General Silicone Moulds","Fragrance Oils","HIGH","Matched type Fragrance Oil"
e7aababe-8e45-4218-81c7-78674e64cec8,"General Silicone Moulds","Fragrance Oils","HIGH","Matched type Fragrance Oil"
61f495da-c94c-4a6c-a7d1-5f464488ee6d,"General Silicone Moulds","Fragrance Oils","HIGH","Matched type Fragrance Oil"
53aa4f50-fa10-484c-91f8-9a6a3cd98e23,"General Silicone Moulds","Fragrance Oils","HIGH","Matched type Fragrance Oil"
0cb84f1f-9709-47c6-97c5-7e207a2b2bd8,"General Silicone Moulds","Fragrance Oils","HIGH","Matched type Fragrance Oil"
db4ceb05-fb1c-4f8c-a865-40f890f815e6,"General Silicone Moulds","Fragrance Oils","HIGH","Matched type Fragrance Oil"
e8271616-7712-44bb-b281-e305da45ee74,"General Silicone Moulds","Fragrance Oils","HIGH","Matched type Fragrance Oil"
64a5c38a-08aa-4b27-9cd7-7a107a68b2cf,"General Silicone Moulds","Fragrance Oils","HIGH","Matched type Fragrance Oil"
77818a56-fe6d-42c8-b4ee-df745caffdb1,"General Silicone Moulds","Fragrance Oils","HIGH","Matched type Fragrance Oil"
f72ed33f-d6bb-4efc-bba7-a788cf554963,"General Silicone Moulds","Fragrance Oils","HIGH","Matched type Fragrance Oil"
35b81d7b-7620-4c32-bc9c-f05ff57143ec,"General Silicone Moulds","Fragrance Oils","HIGH","Matched type Fragrance Oil"
f17c28dc-fe0b-4a8b-a0a6-6be5b861f6e6,"General Silicone Moulds","Fragrance Oils","HIGH","Matched type Fragrance Oil"
d11d5ba5-75c1-4e2c-b4d5-0b97bc311ad5,"General Silicone Moulds","Fragrance Oils","HIGH","Matched type Fragrance Oil"
0eea9926-1439-48db-8976-fb820d79bced,"General Silicone Moulds","Fragrance Oils","HIGH","Matched type Fragrance Oil"
71edcef0-7352-4117-b66d-3a5fc6103afc,"General Silicone Moulds","Fragrance Oils","HIGH","Matched type Fragrance Oil"
9260863a-5548-438d-bd34-ce5ffbbaae05,"General Silicone Moulds","Fragrance Oils","HIGH","Matched type Fragrance Oil"
9c895047-c3ed-466a-ae2d-d985659209e9,"General Silicone Moulds","Fragrance Oils","HIGH","Matched type Fragrance Oil"
194d7c9c-204e-41b9-9f84-bdb377260e19,"General Silicone Moulds","Fragrance Oils","HIGH","Matched type Fragrance Oil"
002a985c-01ef-41b5-93a8-5410411e072e,"General Silicone Moulds","Fragrance Oils","HIGH","Matched type Fragrance Oil"
a9538a69-c1f6-4c6c-88cb-e7708a8559d8,"General Silicone Moulds","Fragrance Oils","HIGH","Matched type Fragrance Oil"
e65436a4-7d5e-456e-9d91-fd5351f0f7e3,"General Silicone Moulds","Fragrance Oils","HIGH","Matched type Fragrance Oil"
4d27ee0b-0a99-4117-aa1d-752985fb7932,"General Silicone Moulds","Fragrance Oils","HIGH","Matched type Fragrance Oil"
e71eb61c-ac71-4edc-91b6-111c2715f1d9,"Fragrance Oils","Containers & Packaging","HIGH","Matched type Bottle/Container"
d920ec4e-ab4a-4ac3-9fc2-905d641eefd7,"Fragrance Oils","Premium Bases & Waxes","HIGH","Matched type Wax/Base"
1648ebfe-c509-4c87-a5fc-c8e5d210cdd2,"Fragrance Oils","Containers & Packaging","HIGH","Matched type Bottle/Container"
d9f2ce88-b8fa-4eb7-ad11-96c04fc9a6ea,"General Silicone Moulds","Fragrance Oils","HIGH","Matched type Fragrance Oil"
ed7d6899-9c90-47d5-bf23-fe9a1c991ec9,"General Silicone Moulds","Fragrance Oils","HIGH","Matched type Fragrance Oil"
8ef2228e-d781-4006-ad7b-4de93f02904d,"General Silicone Moulds","Fragrance Oils","HIGH","Matched type Fragrance Oil"
b53aebaa-5411-46ef-9de0-66318352e8d8,"General Silicone Moulds","Fragrance Oils","HIGH","Matched type Fragrance Oil"
075f2436-2241-480b-9e30-9842a812101f,"General Silicone Moulds","Fragrance Oils","HIGH","Matched type Fragrance Oil"
ccb9db4a-6d34-4145-a465-15fdfdf6c5a2,"General Silicone Moulds","Fragrance Oils","HIGH","Matched type Fragrance Oil"
88d2a6a7-1963-451b-9bbe-94f884a429bf,"General Silicone Moulds","Fragrance Oils","HIGH","Matched type Fragrance Oil"
7fad9fcd-ba38-440b-bf3f-c5bf169d8365,"General Silicone Moulds","Fragrance Oils","HIGH","Matched type Fragrance Oil"
3e05c329-b50c-4fce-b961-2780905c46f3,"General Silicone Moulds","Fragrance Oils","HIGH","Matched type Fragrance Oil"
73c4be01-272c-4a0c-82cd-6646126114c2,"General Silicone Moulds","Fragrance Oils","HIGH","Matched type Fragrance Oil"
6488032d-a3b2-4937-93ab-007b676ef538,"General Silicone Moulds","Fragrance Oils","HIGH","Matched type Fragrance Oil"
ea1265a5-7513-4d86-972f-55b9ad0c2040,"General Silicone Moulds","Fragrance Oils","HIGH","Matched type Fragrance Oil"
cba264e1-e3d3-430b-b347-a7f1a9d40bd1,"General Silicone Moulds","Fragrance Oils","HIGH","Matched type Fragrance Oil"
bb1e0221-a422-4a52-b720-f2f586e184cb,"General Silicone Moulds","Fragrance Oils","HIGH","Matched type Fragrance Oil"
51f8d76f-ed02-460e-bf07-e5877ac02306,"General Silicone Moulds","Fragrance Oils","HIGH","Matched type Fragrance Oil"
fe21fe04-31d0-4f5c-9e63-2d19f9d4c5dd,"General Silicone Moulds","Fragrance Oils","HIGH","Matched type Fragrance Oil"
446cf700-3eb9-46cf-9075-ffe48d81c4fb,"General Silicone Moulds","Fragrance Oils","HIGH","Matched type Fragrance Oil"
a1d245f1-0f69-48df-af2f-49933fdb57e5,"Pigments & Colors","Fragrance Oils","HIGH","Matched type Fragrance Oil"
a62897d9-200e-4e74-8b88-e23fce405084,"General Silicone Moulds","Containers & Packaging","HIGH","Matched type Bottle/Container"
b3b47125-bc66-4d80-b27c-55bcb896d0f7,"General Silicone Moulds","Containers & Packaging","HIGH","Matched type Bottle/Container"
60b552c6-4caf-449f-a6c5-89e2b59396a3,"General Silicone Moulds","Containers & Packaging","HIGH","Matched type Bottle/Container"
8de0bc3c-a3f3-41ec-a043-80e4e7cf7cc9,"General Silicone Moulds","Premium Bases & Waxes","HIGH","Matched type Wax/Base"
bb8f161d-798b-40bf-b0ee-1b5e20f66289,"Pigments & Colors","Containers & Packaging","HIGH","Matched type Bottle/Container"
2b0b171c-88ea-406d-b948-87d86430f598,"General Silicone Moulds","Premium Bases & Waxes","HIGH","Matched type Wax/Base"
abb6a33f-823f-4646-b0f9-6703ca26b51a,"General Silicone Moulds","Premium Bases & Waxes","HIGH","Matched type Wax/Base"
09cd1411-2b55-4ea5-ad8a-96ad0c68d8c5,"General Silicone Moulds","Premium Bases & Waxes","HIGH","Matched type Wax/Base"
dfa83b1d-5f09-40ef-b5b3-061cdaa76bf5,"General Silicone Moulds","Premium Bases & Waxes","HIGH","Matched type Wax/Base"
17db4bd2-dfcd-4762-ab52-7743538a8961,"General Silicone Moulds","Premium Bases & Waxes","HIGH","Matched type Wax/Base"
05cc0476-3832-45b4-bcfe-cbfae276cb93,"General Silicone Moulds","Premium Bases & Waxes","HIGH","Matched type Wax/Base"
ad579969-4150-43df-9a00-0376ec9d1c91,"General Silicone Moulds","Premium Bases & Waxes","HIGH","Matched type Wax/Base"
c09e881f-eeac-4c02-9c05-d1467484f90c,"General Silicone Moulds","Premium Bases & Waxes","HIGH","Matched type Wax/Base"
bca56279-c713-463a-b37d-81f64e3ff8b4,"General Silicone Moulds","Premium Bases & Waxes","HIGH","Matched type Wax/Base"
956ff987-3992-4799-be58-81cbe87549e0,"General Silicone Moulds","Premium Bases & Waxes","HIGH","Matched type Wax/Base"
19e8234c-7990-43ef-bab8-aa79c7ad859e,"General Silicone Moulds","Premium Bases & Waxes","HIGH","Matched type Wax/Base"
5dda465d-19ed-414e-b5b5-9fa517b7036e,"General Silicone Moulds","Premium Bases & Waxes","HIGH","Matched type Wax/Base"
921ae556-a6c4-47f1-b863-91fdfb9b0b25,"General Silicone Moulds","Premium Bases & Waxes","HIGH","Matched type Wax/Base"
cc37895f-3ef5-45db-ad55-19f0bef54fde,"General Silicone Moulds","Premium Bases & Waxes","HIGH","Matched type Wax/Base"
e10d119c-46a5-4480-87d0-d4ab0350ddfb,"General Silicone Moulds","Premium Bases & Waxes","HIGH","Matched type Wax/Base"
8a8e8a4d-ac00-4ce2-b7ae-50c5245b0334,"General Silicone Moulds","Premium Bases & Waxes","HIGH","Matched type Wax/Base"
67a33008-bad6-4418-9e8c-3025d571473d,"General Silicone Moulds","Premium Bases & Waxes","HIGH","Matched type Wax/Base"
90b721ee-872a-4034-90b3-acb761886ea1,"Fragrance Oils","Containers & Packaging","HIGH","Matched type Bottle/Container"
a3546a99-a0c7-467a-b80c-12273bd653af,"Fragrance Oils","Containers & Packaging","HIGH","Matched type Bottle/Container"
1f362cf6-84b8-40b0-b83d-c717667f0d6c,"Pigments & Colors","Containers & Packaging","HIGH","Matched type Bottle/Container"
a9abc06a-50ea-418a-a088-173a6a29824c,"General Silicone Moulds","Premium Bases & Waxes","HIGH","Matched type Wax/Base"
62425605-30bb-4fcf-a627-c1cc0ebea5c2,"General Silicone Moulds","Premium Bases & Waxes","HIGH","Matched type Wax/Base"
0298bfed-759a-4f90-a955-d60bbee9af14,"Fragrance Oils","Containers & Packaging","HIGH","Matched type Bottle/Container"
2c0549a7-b142-4f8f-8820-63c16610bf25,"Containers & Packaging","Candle Making Accessories","HIGH","Matched type Accessory/Tool"
f536ae28-8de5-4251-9a98-756be47741cf,"General Silicone Moulds","Premium Bases & Waxes","HIGH","Matched type Wax/Base"
9e759245-d9b4-43ea-a49b-75fb06c4bd77,"General Silicone Moulds","Candle Making Accessories","HIGH","Matched type Accessory/Tool"
b2e69d17-341f-4728-a904-b7a63519f334,"Fragrance Oils","Containers & Packaging","HIGH","Matched type Bottle/Container"
9868766c-eed7-4684-bc38-ccbe32f0c45b,"General Silicone Moulds","Candle Making Accessories","HIGH","Matched type Accessory/Tool"
7d72efe0-9d4e-4e5e-bc37-232633c7670f,"General Silicone Moulds","Candle Making Accessories","HIGH","Matched type Accessory/Tool"
65964a6c-223d-4022-871e-6c9a7715c008,"General Silicone Moulds","Candle Making Accessories","HIGH","Matched type Accessory/Tool"
84be139d-50ae-42ab-a0ba-18efa480b903,"General Silicone Moulds","Candle Making Accessories","HIGH","Matched type Accessory/Tool"
3aa5a35d-1e7c-42cf-88bf-d6d3197962fd,"General Silicone Moulds","Candle Making Accessories","HIGH","Matched type Accessory/Tool"
97c9ac60-4a50-4de9-bd46-3121daa65131,"General Silicone Moulds","Candle Making Accessories","HIGH","Matched type Accessory/Tool"
4a67e6d1-94f3-4c8b-904d-9778c31957e4,"Fragrance Oils","Containers & Packaging","HIGH","Matched type Bottle/Container"
04a13f14-1914-4b1b-965c-27027f42d47d,"Fragrance Oils","Containers & Packaging","HIGH","Matched type Bottle/Container"
5aed5799-548f-4896-bc6e-6c3c0a04b594,"Containers & Packaging","General Silicone Moulds","HIGH","Matched type General Mould"
c3afa918-553a-4498-bd15-e58cc5376dad,"General Silicone Moulds","Containers & Packaging","HIGH","Matched type Bottle/Container"
b4c5865b-39f1-4130-95e7-518eb43acc6b,"Pigments & Colors","Containers & Packaging","HIGH","Matched type Bottle/Container"
d11bdfe6-aed2-4660-b92a-ddfd0e861221,"Containers & Packaging","General Silicone Moulds","HIGH","Matched type General Mould"
c76a9d87-9813-45b9-85e7-dd8c2139680a,"Candle & Pillar Moulds","Eco-Resin & Stone Moulds","HIGH","Matched type Resin/Concrete Mould"
8078fdc3-62e6-4a5e-9f78-6c3a6a2de54f,"Eco-Resin & Stone Moulds","Containers & Packaging","HIGH","Matched type Bottle/Container"
2310bb55-38e4-4e6b-837b-75e9a31455d3,"Containers & Packaging","Candle & Pillar Moulds","HIGH","Matched type Candle Mould"
f3259949-c8ed-4c6b-9ce5-5e43e10cade0,"Containers & Packaging","Candle & Pillar Moulds","HIGH","Matched type Candle Mould"
d0130577-873b-494d-b6fa-5aefdb518458,"Candle & Pillar Moulds","Containers & Packaging","HIGH","Matched type Bottle/Container"
3732f6bf-52e1-4652-af4b-e9096704af86,"Containers & Packaging","Eco-Resin & Stone Moulds","HIGH","Matched type Resin/Concrete Mould"
1dc49a07-7a32-44e3-b41d-2446bbeb0306,"Food Safe Flavour Oil","Containers & Packaging","HIGH","Matched type Bottle/Container"
f31c11f1-7e88-4c22-8c2d-6012f9712e7a,"Candle & Pillar Moulds","Soap & Bar Moulds","HIGH","Matched type Soap Mould"
de575f5e-b874-4ebf-8a44-eed18324cecc,"Containers & Packaging","Candle & Pillar Moulds","HIGH","Matched type Candle Mould"
92a14018-ef0f-4988-894d-9a7ca4bb66b8,"Containers & Packaging","Eco-Resin & Stone Moulds","HIGH","Matched type Resin/Concrete Mould"
b09bc668-c803-4a27-8be5-8322b709d16a,"Containers & Packaging","Candle & Pillar Moulds","HIGH","Matched type Candle Mould"
decf7d82-8584-4166-93a3-5947cff764c4,"Candle & Pillar Moulds","Eco-Resin & Stone Moulds","HIGH","Matched type Resin/Concrete Mould"
4a3c5d2a-9129-4237-a919-e699f0d4c97b,"Candle & Pillar Moulds","Eco-Resin & Stone Moulds","HIGH","Matched type Resin/Concrete Mould"
d84475ae-94de-4946-9f18-c66c6d87eb0f,"Candle & Pillar Moulds","General Silicone Moulds","HIGH","Matched type General Mould"
b71036c1-7522-41a6-86a4-7dfcd0fb70aa,"Premium Bases & Waxes","Pigments & Colors","HIGH","Matched type Pigment/Color"
5fa3810c-ffdb-4701-8990-86fcc0e7cf45,"Food Safe Flavour Oil","Containers & Packaging","HIGH","Matched type Bottle/Container"
95f62845-569c-4989-be12-fc2e18d07609,"Premium Bases & Waxes","Candle Making Accessories","HIGH","Matched type Wick/Tool"
295b986f-9240-4b5f-aaed-b2f74637c420,"General Silicone Moulds","Containers & Packaging","HIGH","Matched type Bottle/Container"
410c778d-11ac-4017-a6dc-2ed2cb9a3e40,"Containers & Packaging","Candle & Pillar Moulds","HIGH","Matched type Candle Mould"
5dd35d42-a5cf-4216-b849-4e53dda8bd9d,"General Silicone Moulds","Containers & Packaging","HIGH","Matched type Bottle/Container"
bcfc9b9c-4eeb-435b-a034-51823e040cec,"Candle & Pillar Moulds","Eco-Resin & Stone Moulds","HIGH","Matched type Resin/Concrete Mould"
e735c20c-0326-4600-9e3b-dfe068545742,"Food Safe Flavour Oil","Soap & Bar Moulds","HIGH","Matched type Soap Mould"
cd5442ef-e52a-4fc5-b917-24f46075781f,"Containers & Packaging","Candle & Pillar Moulds","HIGH","Matched type Candle Mould"
060326ab-de57-4d14-9a38-9bd9f48ec5fc,"Containers & Packaging","Eco-Resin & Stone Moulds","HIGH","Matched type Resin/Concrete Mould"
c948ae54-b3bc-41c1-aa7a-ddc26ab398d7,"Containers & Packaging","Eco-Resin & Stone Moulds","HIGH","Matched type Resin/Concrete Mould"
59610343-4f8b-4a01-aa1f-75b707400cef,"Candle & Pillar Moulds","Containers & Packaging","HIGH","Matched type Bottle/Container"
3089e945-a64c-4804-8e45-312bf433462a,"Candle & Pillar Moulds","Eco-Resin & Stone Moulds","HIGH","Matched type Resin/Concrete Mould"
a2551466-21dd-4dd6-9e8f-f755d229890f,"Candle & Pillar Moulds","Containers & Packaging","HIGH","Matched type Bottle/Container"
aa639973-dbb4-4306-bf2f-7174921b2bd7,"Candle & Pillar Moulds","Soap & Bar Moulds","HIGH","Matched type Soap Mould"
da06cb69-f7b4-4594-8846-761a1bc21995,"Containers & Packaging","Soap & Bar Moulds","HIGH","Matched type Soap Mould"
31e5bc29-adf7-4713-b9f6-ccb7faac2adc,"Containers & Packaging","Candle & Pillar Moulds","HIGH","Matched type Candle Mould"
2e74e87b-ec6a-48c6-9ad9-bc93da69b6f3,"Containers & Packaging","Eco-Resin & Stone Moulds","HIGH","Matched type Resin/Concrete Mould"
047b9be3-b609-43cf-96af-623635f27959,"Eco-Resin & Stone Moulds","General Silicone Moulds","HIGH","Matched type General Mould"
d4cf0bf2-7e33-41ed-b485-4281c84ca320,"Containers & Packaging","General Silicone Moulds","HIGH","Matched type General Mould"
d9b4e20f-70a8-4962-964c-f0ee67864fc3,"Containers & Packaging","Eco-Resin & Stone Moulds","HIGH","Matched type Resin/Concrete Mould"
58868d42-f409-4bf5-adca-b6c8afd6be21,"Containers & Packaging","Soap & Bar Moulds","HIGH","Matched type Soap Mould"
8e799b05-4f3f-4783-a03b-1afd24c14314,"Candle & Pillar Moulds","Soap & Bar Moulds","HIGH","Matched type Soap Mould"
9e098f08-23c6-4710-ab2e-6d3126bd133d,"Containers & Packaging","Candle & Pillar Moulds","HIGH","Matched type Candle Mould"
d8195643-fd15-4f64-8e66-868701f96d3e,"Containers & Packaging","General Silicone Moulds","HIGH","Matched type General Mould"
f531c2a6-8d0e-4c6c-a998-ebd0cf0f4148,"Containers & Packaging","Candle & Pillar Moulds","HIGH","Matched type Candle Mould"
0daf08aa-725a-42f9-8d08-c48ef577e82b,"Containers & Packaging","General Silicone Moulds","HIGH","Matched type General Mould"
a56c2177-f42d-49e6-8b82-0d29d21ffd63,"Candle & Pillar Moulds","Eco-Resin & Stone Moulds","HIGH","Matched type Resin/Concrete Mould"
39f2fd6c-e861-4fc2-908c-52b76e36e684,"Eco-Resin & Stone Moulds","General Silicone Moulds","HIGH","Matched type General Mould"
56a239a7-0526-4864-977f-943fbf7b05f1,"Eco-Resin & Stone Moulds","General Silicone Moulds","HIGH","Matched type General Mould"
ea4db809-6a80-4d50-9e0a-2d0c2e41a8ed,"Food Safe Flavour Oil","Containers & Packaging","HIGH","Matched type Bottle/Container"
00803c1d-8ccb-4886-8879-aca9a7bc2a89,"Containers & Packaging","Candle & Pillar Moulds","HIGH","Matched type Candle Mould"
0d94bbb1-5cd3-4b44-9e98-1552adf9094f,"General Silicone Moulds","Containers & Packaging","HIGH","Matched type Bottle/Container"
b01bac32-2625-4d66-a6b0-d514a34a74ac,"Containers & Packaging","Candle & Pillar Moulds","HIGH","Matched type Candle Mould"
88cb679a-8fcf-47fe-a05a-49c1f070a5d3,"Containers & Packaging","Candle & Pillar Moulds","HIGH","Matched type Candle Mould"
8756949e-17b1-4821-89ff-ed2242f2d3da,"Candle & Pillar Moulds","Soap & Bar Moulds","HIGH","Matched type Soap Mould"
b4ab3d52-266d-45d5-b0c9-dcbec825ba0f,"Containers & Packaging","Candle & Pillar Moulds","HIGH","Matched type Candle Mould"
5b61957b-ddfc-4dc4-b126-c47b5ddbe932,"Containers & Packaging","Eco-Resin & Stone Moulds","HIGH","Matched type Resin/Concrete Mould"
4ecac981-f970-4646-8e53-2c28065578cc,"Containers & Packaging","General Silicone Moulds","HIGH","Matched type General Mould"
db60bc60-27cc-4caf-8a37-bacb08cfda82,"Candle & Pillar Moulds","Containers & Packaging","HIGH","Matched type Bottle/Container"
30bc0ae1-ed44-4fc1-94e4-0fa6bf2d3fb9,"Candle & Pillar Moulds","Containers & Packaging","HIGH","Matched type Bottle/Container"
06064317-6d80-4e39-8404-c0e9af9f3612,"Containers & Packaging","General Silicone Moulds","HIGH","Matched type General Mould"
95bce252-bfba-42a1-aa90-f90348b8cd8d,"Containers & Packaging","Candle & Pillar Moulds","HIGH","Matched type Candle Mould"
ccb70fba-7aad-4fb5-8562-f90c83e2a69b,"Containers & Packaging","Eco-Resin & Stone Moulds","HIGH","Matched type Resin/Concrete Mould"
ebf41a71-bf4b-4731-b387-1551ddb8dea7,"Candle & Pillar Moulds","Fragrance Oils","HIGH","Matched type Fragrance Oil"
621609f6-ed1c-4315-8e2a-2985374b594a,"Containers & Packaging","Eco-Resin & Stone Moulds","HIGH","Matched type Resin/Concrete Mould"
1ac3cc39-85ce-4389-868d-139ff171a72e,"Candle & Pillar Moulds","Eco-Resin & Stone Moulds","HIGH","Matched type Resin/Concrete Mould"
60367bec-6c15-4f4a-abc0-34840b397ee5,"Containers & Packaging","Candle & Pillar Moulds","HIGH","Matched type Candle Mould"
05db714f-7e15-4f82-911e-50db40020f6c,"Containers & Packaging","Eco-Resin & Stone Moulds","HIGH","Matched type Resin/Concrete Mould"
59ac2fc0-66f0-48ab-be00-9c6a5eeee77f,"Containers & Packaging","Eco-Resin & Stone Moulds","HIGH","Matched type Resin/Concrete Mould"
2599053a-1155-4ab9-b860-59bd098a0bda,"Candle & Pillar Moulds","Soap & Bar Moulds","HIGH","Matched type Soap Mould"
c19085d5-077f-40d9-a321-cef434fd4d31,"Candle & Pillar Moulds","Soap & Bar Moulds","HIGH","Matched type Soap Mould"
f0b03985-b9fe-41e3-a2c4-6f007b8d5cc8,"Containers & Packaging","Candle & Pillar Moulds","HIGH","Matched type Candle Mould"
0dcc19c8-5a07-4664-8ba1-c5c919f66de1,"Containers & Packaging","Premium Bases & Waxes","HIGH","Matched type Wax/Base"
d8edc920-f2a3-4575-97d7-281380ddb085,"Candle & Pillar Moulds","Soap & Bar Moulds","HIGH","Matched type Soap Mould"
115ae350-810a-4ee2-936a-6b379491f76a,"Containers & Packaging","Candle & Pillar Moulds","HIGH","Matched type Candle Mould"
743a8836-c8d2-45e8-a4cb-4203055eba3d,"Containers & Packaging","Eco-Resin & Stone Moulds","HIGH","Matched type Resin/Concrete Mould"
ef393e3e-aea7-42e6-8546-1dbd06ecd1d0,"Containers & Packaging","Soap & Bar Moulds","HIGH","Matched type Soap Mould"
66703af1-5ebf-4664-badf-36f007eb2c04,"Containers & Packaging","Eco-Resin & Stone Moulds","HIGH","Matched type Resin/Concrete Mould"
f9ba9674-b5f2-4cdb-8fc3-0803937c1217,"Candle & Pillar Moulds","Eco-Resin & Stone Moulds","HIGH","Matched type Resin/Concrete Mould"
da7ab88f-4a3a-4d70-a967-9088961638ae,"Candle & Pillar Moulds","Eco-Resin & Stone Moulds","HIGH","Matched type Resin/Concrete Mould"
27bfd690-80a4-45c9-95b1-cf6c1fa124c2,"Containers & Packaging","Eco-Resin & Stone Moulds","HIGH","Matched type Resin/Concrete Mould"
7ed9e753-70fa-4a00-8b33-3cebc6f80778,"Premium Bases & Waxes","Candle & Pillar Moulds","HIGH","Matched type Candle Mould"
73b135dd-8088-4e5a-a77b-f2fa1d6082df,"Pigments & Colors","Candle & Pillar Moulds","HIGH","Matched type Candle Mould"
e0d6ae3c-0c0a-45b1-8c3a-d4305b21acc8,"Fragrance Oils","Eco-Resin & Stone Moulds","HIGH","Matched type Resin/Concrete Mould"
20fecb55-61ad-4ba3-bf61-f3182e90097f,"Eco-Resin & Stone Moulds","Containers & Packaging","HIGH","Matched type Bottle/Container"
da96311a-6009-47ec-9a07-27361bbbe30a,"Candle & Pillar Moulds","Soap & Bar Moulds","HIGH","Matched type Soap Mould"
19e79cab-e3dc-420e-923e-8c93dda27702,"Candle & Pillar Moulds","Eco-Resin & Stone Moulds","HIGH","Matched type Resin/Concrete Mould"
5b706581-04ee-445f-b223-3c28ba1971f6,"Candle & Pillar Moulds","Soap & Bar Moulds","HIGH","Matched type Soap Mould"
0b3caf03-27e0-441f-8946-f8e5021b32ea,"Candle & Pillar Moulds","Containers & Packaging","HIGH","Matched type Bottle/Container"
08223793-ae09-4c7f-9baa-0fed0be9f944,"Containers & Packaging","Candle & Pillar Moulds","HIGH","Matched type Candle Mould"
5da136b9-7535-4e4d-a69f-c687d7931a45,"Containers & Packaging","Eco-Resin & Stone Moulds","HIGH","Matched type Resin/Concrete Mould"
13053a6d-1017-4573-9350-a32a4e4fb0f9,"Containers & Packaging","Eco-Resin & Stone Moulds","HIGH","Matched type Resin/Concrete Mould"
d25fc5ae-5d01-48e9-89fc-57b0a055a5ff,"Candle & Pillar Moulds","Soap & Bar Moulds","HIGH","Matched type Soap Mould"
856e3a62-9cc9-416c-bef9-3ad515176f90,"Containers & Packaging","Soap & Bar Moulds","HIGH","Matched type Soap Mould"
ae4e863f-a089-4cb9-b132-f13b43a655c6,"Containers & Packaging","Candle & Pillar Moulds","HIGH","Matched type Candle Mould"
429f5859-eb4f-4f4f-802a-a5811892f1de,"Containers & Packaging","Eco-Resin & Stone Moulds","HIGH","Matched type Resin/Concrete Mould"
409c1edf-157d-4e16-9d7f-8e8e5a575d2b,"Candle & Pillar Moulds","Soap & Bar Moulds","HIGH","Matched type Soap Mould"
a99bb1f5-53b0-4db3-8b62-bf3d63dfdf7f,"Candle & Pillar Moulds","Soap & Bar Moulds","HIGH","Matched type Soap Mould"
1ad638fc-4876-4284-9d0d-207d8a6c4e92,"Containers & Packaging","Candle & Pillar Moulds","HIGH","Matched type Candle Mould"
0eac3842-a289-4c7b-a0aa-f2057d09aa57,"Candle & Pillar Moulds","Eco-Resin & Stone Moulds","HIGH","Matched type Resin/Concrete Mould"
70c7b5f0-407a-44ee-b59e-e7dd30da5c90,"Candle & Pillar Moulds","Soap & Bar Moulds","HIGH","Matched type Soap Mould"
701edc49-a91c-4fb6-a5ce-c947f1c30f4a,"Candle & Pillar Moulds","Soap & Bar Moulds","HIGH","Matched type Soap Mould"
083f991b-42c5-46a0-ad8e-0b8b441e93e3,"Containers & Packaging","General Silicone Moulds","HIGH","Matched type General Mould"
e8576e83-74ea-4d98-b4a7-b3bc7682794e,"Candle & Pillar Moulds","Eco-Resin & Stone Moulds","HIGH","Matched type Resin/Concrete Mould"
7fd76537-5731-46ed-8c19-3ef75d1484d5,"Candle & Pillar Moulds","Soap & Bar Moulds","HIGH","Matched type Soap Mould"
5fc7e035-24d3-45a4-b2f5-01c81842d602,"Containers & Packaging","Eco-Resin & Stone Moulds","HIGH","Matched type Resin/Concrete Mould"
a2c28625-50b6-44f8-92c6-60d314a50009,"Candle & Pillar Moulds","Containers & Packaging","HIGH","Matched type Bottle/Container"
63624ef3-147f-4013-88fd-8890726b2e2b,"Containers & Packaging","General Silicone Moulds","HIGH","Matched type General Mould"
e44b0c8e-b99f-466b-aba1-68342986beff,"Eco-Resin & Stone Moulds","Premium Bases & Waxes","HIGH","Matched type Wax/Base"
e9e809da-79e6-44d5-9c9e-f98822b5bed4,"Containers & Packaging","Candle & Pillar Moulds","HIGH","Matched type Candle Mould"
9395edc6-e63a-4b3b-8e13-636cc31cefd3,"Containers & Packaging","Eco-Resin & Stone Moulds","HIGH","Matched type Resin/Concrete Mould"
5b0f97a2-2962-4ece-83b3-b70ad7cd3726,"Eco-Resin & Stone Moulds","Soap & Bar Moulds","HIGH","Matched type Soap Mould"
86e40eea-1e99-4176-93c9-3548a2cb2498,"Food Safe Flavour Oil","Premium Bases & Waxes","HIGH","Matched type Wax/Base"
8fb5be89-bb4a-4cf7-88d4-d69476e6e260,"Candle & Pillar Moulds","Soap & Bar Moulds","HIGH","Matched type Soap Mould"
b0a20a46-9561-49d5-af4f-9903f5ef15f1,"Candle & Pillar Moulds","Soap & Bar Moulds","HIGH","Matched type Soap Mould"
15fbc842-9c27-4311-80c7-ab54fad800ad,"Containers & Packaging","Candle & Pillar Moulds","HIGH","Matched type Candle Mould"
c9ae00e4-7be9-408d-b628-d793583b54bd,"Candle & Pillar Moulds","Soap & Bar Moulds","HIGH","Matched type Soap Mould"
90cf5573-1841-4bd4-bf48-084496a0feb0,"Premium Bases & Waxes","Soap & Bar Moulds","HIGH","Matched type Soap Mould"
cc97b960-1d94-484f-aff5-5e2a4b8c69da,"Containers & Packaging","General Silicone Moulds","HIGH","Matched type General Mould"
58116a18-7a51-419b-960d-3838cb00dcce,"Containers & Packaging","General Silicone Moulds","HIGH","Matched type General Mould"
aea1cdd0-bb61-48bb-a4a1-8f36d22cf193,"Containers & Packaging","Candle & Pillar Moulds","HIGH","Matched type Candle Mould"
3ee7442a-9836-4ecc-83f6-761b69ccf19e,"Containers & Packaging","Candle & Pillar Moulds","HIGH","Matched type Candle Mould"
20bce610-8685-4404-8f4e-7fc9d91f6c23,"Containers & Packaging","Soap & Bar Moulds","HIGH","Matched type Soap Mould"
e6ff8c1e-bae5-451e-9aaa-e18635eb1406,"Candle & Pillar Moulds","Soap & Bar Moulds","HIGH","Matched type Soap Mould"
ed2db629-0ff0-4bec-b92b-ee8ced506703,"Containers & Packaging","Candle & Pillar Moulds","HIGH","Matched type Candle Mould"
1d13dc68-5ddd-4bab-8ddf-3921ad6bce50,"Candle & Pillar Moulds","Containers & Packaging","HIGH","Matched type Bottle/Container"
eb15ec6c-fbce-4b4e-941b-229bcab7ddd2,"Containers & Packaging","Candle & Pillar Moulds","HIGH","Matched type Candle Mould"
91eecf0d-1b81-4916-b0da-2713ca204098,"Candle & Pillar Moulds","Containers & Packaging","HIGH","Matched type Bottle/Container"
e19a6ed7-2ad5-4287-b2b0-0658368be2db,"Candle & Pillar Moulds","Containers & Packaging","HIGH","Matched type Bottle/Container"
b28250b7-a935-4542-a4da-2a4834feed6c,"Containers & Packaging","Eco-Resin & Stone Moulds","HIGH","Matched type Resin/Concrete Mould"
199a7e63-b7da-4df3-9ce3-f2430c99e99f,"Candle & Pillar Moulds","Soap & Bar Moulds","HIGH","Matched type Soap Mould"
b1a4a92e-8b52-460e-91f7-6c0b7f28bc41,"General Silicone Moulds","Fragrance Oils","HIGH","Matched type Fragrance Oil"
a60d1f4e-1e50-43b5-854c-dc535191c474,"Containers & Packaging","General Silicone Moulds","HIGH","Matched type General Mould"
384c9730-5c7b-4bd2-b19d-a04b03b2107e,"Fragrance Oils","Containers & Packaging","HIGH","Matched type Bottle/Container"
aaca8a8e-1a2e-4574-bab9-f04c4ddab9ec,"Containers & Packaging","General Silicone Moulds","HIGH","Matched type General Mould"
968b154c-62b2-440f-bd5b-939052d7feb0,"Food Safe Flavour Oil","Containers & Packaging","HIGH","Matched type Bottle/Container"
151a0446-d23b-478d-92c2-fad86a567ebd,"Candle & Pillar Moulds","Soap & Bar Moulds","HIGH","Matched type Soap Mould"
40e11940-98ba-41c1-b084-3c02e17d9866,"Eco-Resin & Stone Moulds","Containers & Packaging","HIGH","Matched type Bottle/Container"
094177fb-f992-4fc8-95da-4b28fa1f01ec,"Fragrance Oils","Essential Oils","HIGH","Matched type Essential Oil"
0b156ead-7343-4aee-9677-6a2377c5d390,"Containers & Packaging","Candle & Pillar Moulds","HIGH","Matched type Candle Mould"
6ff8d1c8-b4e9-4f27-bb4f-26b1988711e3,"Containers & Packaging","Eco-Resin & Stone Moulds","HIGH","Matched type Resin/Concrete Mould"
b6a0ba07-a66e-44bd-a968-e8dcf43c399c,"General Silicone Moulds","Candle Making Accessories","HIGH","Matched type Accessory/Tool"
c5d5e950-c5f3-480e-b13f-99f511a426bd,"Soap & Bar Moulds","Candle Making Accessories","HIGH","Matched type Accessory/Tool"
00ab243f-73cf-45f9-ba35-c765e0dfb2a1,"Fragrance Oils","Containers & Packaging","HIGH","Matched type Bottle/Container"
bd459e62-4202-4133-8f23-1fdb6cc8aef5,"Containers & Packaging","Eco-Resin & Stone Moulds","HIGH","Matched type Resin/Concrete Mould"
637a5ab6-40fe-4a7b-bd46-647471edc0d0,"General Silicone Moulds","Containers & Packaging","HIGH","Matched type Bottle/Container"
bee6da67-599e-447e-ad0f-a5d52d846cbe,"Food Safe Flavour Oil","Containers & Packaging","HIGH","Matched type Bottle/Container"
c5916ac1-e243-4a3b-bd49-e1e550ddb482,"Fragrance Oils","Containers & Packaging","HIGH","Matched type Bottle/Container"
89aa4c33-83a5-41e5-86bd-cc74d3b3db7e,"Fragrance Oils","Containers & Packaging","HIGH","Matched type Bottle/Container"
f34663e4-619b-495c-88df-91886cdd2692,"Containers & Packaging","Candle Making Accessories","HIGH","Matched type Accessory/Tool"
b45127e3-7480-45fb-9157-c53c4adb155a,"General Silicone Moulds","Fragrance Oils","HIGH","Matched type Fragrance Oil"
edb08108-7122-49ca-8fa7-8099a9261444,"Fragrance Oils","Containers & Packaging","HIGH","Matched type Bottle/Container"
9f470e2c-baa0-48fe-a4d0-26c956de2634,"Fragrance Oils","Containers & Packaging","HIGH","Matched type Bottle/Container"
48a0f0a6-3432-4b07-85b5-54cdb1fc879e,"Fragrance Oils","Containers & Packaging","HIGH","Matched type Bottle/Container"
8174ff54-3e17-4a7b-badb-85c7c328967f,"Fragrance Oils","Containers & Packaging","HIGH","Matched type Bottle/Container"
d9b40ad6-0792-456c-9e0a-4743ec3311ac,"General Silicone Moulds","Candle Making Accessories","HIGH","Matched type Accessory/Tool"
5a6e0180-a40b-423b-b5f1-c967595a0499,"General Silicone Moulds","Candle Making Accessories","HIGH","Matched type Accessory/Tool"
0ac73357-887b-4648-9ebc-804c50003f3f,"Containers & Packaging","General Silicone Moulds","HIGH","Matched type General Mould"
419820bd-c685-427f-a743-926ee529bef8,"Pigments & Colors","Candle Making Accessories","HIGH","Matched type Accessory/Tool"
c9c794b4-a46f-4510-85eb-2d31d3d7a6c6,"General Silicone Moulds","Candle Making Accessories","HIGH","Matched type Accessory/Tool"
fb35dbb5-fb72-4069-87a0-ab12540ee6ae,"Food Safe Flavour Oil","Containers & Packaging","HIGH","Matched type Bottle/Container"
c164b3f2-228b-4b6a-a9b2-dac4a3c55102,"Food Safe Flavour Oil","General Silicone Moulds","HIGH","Matched type General Mould"
a7269bb6-b77d-44fb-90a8-405b72e46bd6,"Candle & Pillar Moulds","Soap & Bar Moulds","HIGH","Matched type Soap Mould"
d2a5f3e0-63f9-42a2-9f78-91395ac69642,"Fragrance Oils","Containers & Packaging","HIGH","Matched type Bottle/Container"
0fcb3acb-e916-46f6-a638-780a7c7e5dc9,"Food Safe Flavour Oil","Containers & Packaging","HIGH","Matched type Bottle/Container"
7d310cfa-9432-4255-b015-72b9835df01e,"Fragrance Oils","Containers & Packaging","HIGH","Matched type Bottle/Container"
14e83733-d464-40fd-9d88-afad3a2a05a0,"General Silicone Moulds","Premium Bases & Waxes","HIGH","Matched type Wax/Base"
d4983002-639c-479e-a9df-e888487fc98a,"Candle & Pillar Moulds","Soap & Bar Moulds","HIGH","Matched type Soap Mould"
36c2d8de-6533-4339-8c35-b328bce13b80,"Soap & Bar Moulds","Fragrance Oils","HIGH","Matched type Fragrance Oil"
4d2d547f-c1ae-44af-a4f9-08d2daf5e9af,"Containers & Packaging","Soap & Bar Moulds","HIGH","Matched type Soap Mould"
c1b48171-8a1d-4788-adc9-58a95982d571,"Candle & Pillar Moulds","Soap & Bar Moulds","HIGH","Matched type Soap Mould"
67418294-a393-40b2-b680-53db4186f308,"Candle & Pillar Moulds","Soap & Bar Moulds","HIGH","Matched type Soap Mould"
f2bbf8b2-e379-4d6b-bf82-e5c15b7dcdf6,"Candle & Pillar Moulds","Soap & Bar Moulds","HIGH","Matched type Soap Mould"
c6694920-eba7-4405-8584-30525c8809d3,"Candle & Pillar Moulds","Soap & Bar Moulds","HIGH","Matched type Soap Mould"
c394683d-f3d1-4eb4-8b46-514cdfe699cb,"Candle & Pillar Moulds","Soap & Bar Moulds","HIGH","Matched type Soap Mould"
aeff5cb7-c1e2-4da9-83d4-13cca7019a45,"Candle & Pillar Moulds","General Silicone Moulds","HIGH","Matched type General Mould"
02372fa6-9a65-4c76-95f5-2144946977c2,"General Silicone Moulds","Containers & Packaging","HIGH","Matched type Bottle/Container"
be3fcc22-a676-4954-806a-1f5eec20caf6,"Fragrance Oils","Containers & Packaging","HIGH","Matched type Bottle/Container"
c059886c-4a0c-442f-98fb-e155a435d3a1,"Food Safe Flavour Oil","Containers & Packaging","HIGH","Matched type Bottle/Container"
eeaa2f23-57c1-4cde-9f07-aa3a7e75ffd7,"Food Safe Flavour Oil","Containers & Packaging","HIGH","Matched type Bottle/Container"
94d2d280-6f1c-4575-b1f0-90cbafdb9233,"Food Safe Flavour Oil","General Silicone Moulds","HIGH","Matched type General Mould"
73189bd4-ef4d-4db5-8d5d-31825555d4e8,"Candle & Pillar Moulds","Fragrance Oils","HIGH","Matched type Fragrance Oil"
8ba26df1-1f7b-4c61-94cc-f7e24145d6fe,"Pigments & Colors","Containers & Packaging","HIGH","Matched type Bottle/Container"
0ffe8e93-a213-48ea-bd3d-6802ba10ffdb,"Containers & Packaging","General Silicone Moulds","HIGH","Matched type General Mould"
933b0f20-9ccc-4d7f-a3d0-b421813212fc,"Candle & Pillar Moulds","Soap & Bar Moulds","HIGH","Matched type Soap Mould"
6654a6da-1906-4349-916b-11742169d853,"Pigments & Colors","Containers & Packaging","HIGH","Matched type Bottle/Container"
ce340cd5-96d1-4c5c-ad9d-fad6a06d7a50,"Pigments & Colors","Containers & Packaging","HIGH","Matched type Bottle/Container"
3a9ea174-9ff3-445b-9314-50e38a6e6b80,"Pigments & Colors","Premium Bases & Waxes","HIGH","Matched type Wax/Base"
74de725e-5c69-4502-8286-5b7e6084a6e9,"General Silicone Moulds","Fragrance Oils","HIGH","Matched type Fragrance Oil"
e888229e-bdf1-4865-83a1-29a38ad9aeb3,"General Silicone Moulds","Fragrance Oils","HIGH","Matched type Fragrance Oil"
bfd70e7e-196f-4ab1-8f3e-8c10f780cd4d,"General Silicone Moulds","Fragrance Oils","HIGH","Matched type Fragrance Oil"
dca93f88-d338-4daa-ac95-20492e8971f6,"General Silicone Moulds","Fragrance Oils","HIGH","Matched type Fragrance Oil"
ed5a9d57-5fd3-48ac-b5a9-a1e58a0f5ee6,"General Silicone Moulds","Fragrance Oils","HIGH","Matched type Fragrance Oil"
391150d9-d673-4897-b11b-cd74b53f04d4,"General Silicone Moulds","Fragrance Oils","HIGH","Matched type Fragrance Oil"
2bd494ea-b7be-47e0-b8af-37a6474ceebc,"General Silicone Moulds","Fragrance Oils","HIGH","Matched type Fragrance Oil"
b4c3aca7-c576-40d5-9f4d-2af5d3b15f7b,"General Silicone Moulds","Fragrance Oils","HIGH","Matched type Fragrance Oil"
a6c5a1f8-4d69-40f7-86b6-4b61b4756e43,"General Silicone Moulds","Fragrance Oils","HIGH","Matched type Fragrance Oil"
2e8ea2b0-09a3-4e10-a272-e48097836903,"General Silicone Moulds","Fragrance Oils","HIGH","Matched type Fragrance Oil"
b8285342-61ed-4d33-93ed-7d7c3686353d,"General Silicone Moulds","Fragrance Oils","HIGH","Matched type Fragrance Oil"
56c8739c-b6ba-4c7c-a94d-8583b8c4ad0a,"General Silicone Moulds","Fragrance Oils","HIGH","Matched type Fragrance Oil"
c5615bb4-493b-405f-87de-935e9b883aeb,"General Silicone Moulds","Fragrance Oils","HIGH","Matched type Fragrance Oil"
87c221f8-da55-4ef6-8fc1-bc5f180a4eca,"General Silicone Moulds","Fragrance Oils","HIGH","Matched type Fragrance Oil"
93efceee-61fe-4c2f-ac14-ee07d8f9e42f,"General Silicone Moulds","Fragrance Oils","HIGH","Matched type Fragrance Oil"
b488de34-c4d8-472b-9893-1634f5fa8807,"General Silicone Moulds","Fragrance Oils","HIGH","Matched type Fragrance Oil"
469a37b2-227d-443e-9d8e-8209b1369407,"Candle & Pillar Moulds","Fragrance Oils","HIGH","Matched type Fragrance Oil"
b86b0aec-9fb1-4e61-ba7f-b91395477134,"General Silicone Moulds","Fragrance Oils","HIGH","Matched type Fragrance Oil"
69008e57-f173-4274-b561-80350167d0c3,"General Silicone Moulds","Fragrance Oils","HIGH","Matched type Fragrance Oil"
48af4415-a4a2-4ec9-b69d-2f5bf68eefe5,"General Silicone Moulds","Fragrance Oils","HIGH","Matched type Fragrance Oil"
915b832b-cee5-4e24-a0ef-2dc8f1c525b7,"General Silicone Moulds","Fragrance Oils","HIGH","Matched type Fragrance Oil"
4767937b-0d3a-4dfe-bb96-aceb978d1991,"General Silicone Moulds","Fragrance Oils","HIGH","Matched type Fragrance Oil"
3666d630-f13f-4f37-8bc6-6a75778a7ae0,"General Silicone Moulds","Fragrance Oils","HIGH","Matched type Fragrance Oil"
35bea939-57e5-4fb7-b35f-276c2b1c9050,"General Silicone Moulds","Fragrance Oils","HIGH","Matched type Fragrance Oil"
72a66425-ec09-4194-b221-3afa03af5578,"General Silicone Moulds","Fragrance Oils","HIGH","Matched type Fragrance Oil"
5576671c-c423-4a19-ab9e-f4411f9ece4a,"General Silicone Moulds","Fragrance Oils","HIGH","Matched type Fragrance Oil"
84a12790-dcaa-40ad-ac02-56ca278be92d,"General Silicone Moulds","Fragrance Oils","HIGH","Matched type Fragrance Oil"
e64e4c29-2449-4b3a-8613-91702ae79db7,"General Silicone Moulds","Fragrance Oils","HIGH","Matched type Fragrance Oil"
acaf2774-3149-4006-99d5-82cad5bc584b,"General Silicone Moulds","Fragrance Oils","HIGH","Matched type Fragrance Oil"
3303b90f-9540-4433-b0c6-fb6c1cbc8901,"General Silicone Moulds","Fragrance Oils","HIGH","Matched type Fragrance Oil"
ad8e5b78-fa8c-424f-a3df-0825f24df1d2,"General Silicone Moulds","Fragrance Oils","HIGH","Matched type Fragrance Oil"
f4f6dfd2-1668-4965-82b5-7e5553fc269a,"General Silicone Moulds","Fragrance Oils","HIGH","Matched type Fragrance Oil"
a4436b9c-d3fd-40fa-96df-c5f850562de3,"General Silicone Moulds","Fragrance Oils","HIGH","Matched type Fragrance Oil"
27babee9-f021-4fc5-8e6e-0c8293b1b6f3,"General Silicone Moulds","Fragrance Oils","HIGH","Matched type Fragrance Oil"
aeae5325-fa60-452a-a5b2-03cdbbfc1737,"General Silicone Moulds","Fragrance Oils","HIGH","Matched type Fragrance Oil"
22c54c30-96e8-436a-acf0-154442e72f01,"General Silicone Moulds","Fragrance Oils","HIGH","Matched type Fragrance Oil"
8be2e1fc-6c11-4a54-96f3-111758b77df6,"General Silicone Moulds","Fragrance Oils","HIGH","Matched type Fragrance Oil"
5af23dab-182f-4c0c-8670-e1c629bcd61a,"General Silicone Moulds","Fragrance Oils","HIGH","Matched type Fragrance Oil"
2c7fe88f-4774-474c-ac9b-ca5b5e273493,"General Silicone Moulds","Fragrance Oils","HIGH","Matched type Fragrance Oil"
9f79e312-152b-489b-98fb-4b20bc1d5b92,"General Silicone Moulds","Fragrance Oils","HIGH","Matched type Fragrance Oil"
c2e64be8-6f6d-4e26-b23f-bf0699463d5c,"General Silicone Moulds","Fragrance Oils","HIGH","Matched type Fragrance Oil"
192a36fc-eb5f-48e6-b858-66356fad8c69,"General Silicone Moulds","Fragrance Oils","HIGH","Matched type Fragrance Oil"
a44be23f-91e2-4158-a1b6-53258d4cda95,"General Silicone Moulds","Fragrance Oils","HIGH","Matched type Fragrance Oil"
2c75629a-7474-46c2-b55e-dced5face298,"General Silicone Moulds","Fragrance Oils","HIGH","Matched type Fragrance Oil"
0afd5c22-c04d-4c9b-beee-43da8ee6de7e,"General Silicone Moulds","Fragrance Oils","HIGH","Matched type Fragrance Oil"
85cab4fe-149e-4cd3-9bb4-f54ceb37456c,"General Silicone Moulds","Fragrance Oils","HIGH","Matched type Fragrance Oil"
6e0d325e-bf85-4898-894f-97acb5e54c90,"General Silicone Moulds","Fragrance Oils","HIGH","Matched type Fragrance Oil"
d7e821ab-eeca-4af9-adb1-e45feebfa66d,"General Silicone Moulds","Fragrance Oils","HIGH","Matched type Fragrance Oil"
bd13f376-590d-43b3-9d19-3e13dc855cba,"General Silicone Moulds","Fragrance Oils","HIGH","Matched type Fragrance Oil"
adaf48b7-edff-4014-9127-0b1bc2c1dede,"General Silicone Moulds","Fragrance Oils","HIGH","Matched type Fragrance Oil"
9064ac16-61f6-4c1c-9a9a-728733c76152,"General Silicone Moulds","Fragrance Oils","HIGH","Matched type Fragrance Oil"
a0b7b41f-cb4d-46d8-9674-abdae843b334,"General Silicone Moulds","Fragrance Oils","HIGH","Matched type Fragrance Oil"
3f2d13cf-e001-40ba-8516-0a5ef06d7a99,"General Silicone Moulds","Fragrance Oils","HIGH","Matched type Fragrance Oil"
caaf56d4-df85-4074-954d-5b20bdec2a2b,"General Silicone Moulds","Fragrance Oils","HIGH","Matched type Fragrance Oil"
d34c29b7-8833-41dd-a1f1-7125cb605b9c,"General Silicone Moulds","Fragrance Oils","HIGH","Matched type Fragrance Oil"
310a6d5b-751b-4b43-8c47-5b7fc94af237,"General Silicone Moulds","Fragrance Oils","HIGH","Matched type Fragrance Oil"
e722a05e-b2cc-4761-9db8-9e1985357780,"General Silicone Moulds","Fragrance Oils","HIGH","Matched type Fragrance Oil"
2c8d2594-40b2-47f1-9a34-72b88a40dc37,"General Silicone Moulds","Fragrance Oils","HIGH","Matched type Fragrance Oil"
dc617fd0-8551-44e0-964d-8ad6a467dde5,"General Silicone Moulds","Fragrance Oils","HIGH","Matched type Fragrance Oil"
939b4baf-5499-4ea0-b0a6-96991f80b4c4,"General Silicone Moulds","Fragrance Oils","HIGH","Matched type Fragrance Oil"
4b3ea5e7-2623-466c-8bcf-7a7ea8c87efd,"General Silicone Moulds","Fragrance Oils","HIGH","Matched type Fragrance Oil"
ebfb8757-2b42-4def-b86a-5870717de2e9,"General Silicone Moulds","Fragrance Oils","HIGH","Matched type Fragrance Oil"
5db38c38-5cf0-461e-9fea-29736851694d,"General Silicone Moulds","Fragrance Oils","HIGH","Matched type Fragrance Oil"
92bfc069-f17a-4318-bdbf-61e22afa11df,"General Silicone Moulds","Fragrance Oils","HIGH","Matched type Fragrance Oil"
bd9d6bbd-7ad1-42dd-a612-966ca509f95c,"General Silicone Moulds","Fragrance Oils","HIGH","Matched type Fragrance Oil"
19e94c1a-2935-4186-9daa-6dc27e449df7,"General Silicone Moulds","Fragrance Oils","HIGH","Matched type Fragrance Oil"
0c80a5d9-0051-47c8-aac1-140a2d608bf0,"General Silicone Moulds","Fragrance Oils","HIGH","Matched type Fragrance Oil"
7e284f43-98b6-426b-b82b-02a4af197a0f,"General Silicone Moulds","Fragrance Oils","HIGH","Matched type Fragrance Oil"
026f0635-b39a-49e1-8725-2e23d54422bd,"General Silicone Moulds","Fragrance Oils","HIGH","Matched type Fragrance Oil"
365bdbba-9d85-415e-92fe-f29641eaa5bc,"General Silicone Moulds","Fragrance Oils","HIGH","Matched type Fragrance Oil"
3a659713-a523-4a16-aaed-e22d3263fc30,"General Silicone Moulds","Fragrance Oils","HIGH","Matched type Fragrance Oil"
c5f7485b-528a-4b43-bfc3-4495cd815708,"General Silicone Moulds","Fragrance Oils","HIGH","Matched type Fragrance Oil"
e514bcfc-a83b-41ad-8cd5-6364ba802979,"General Silicone Moulds","Fragrance Oils","HIGH","Matched type Fragrance Oil"
a947b27f-3405-49b5-9640-b83f0e78fb41,"General Silicone Moulds","Fragrance Oils","HIGH","Matched type Fragrance Oil"
a0eae58b-5062-4595-bb61-cce8426605f3,"General Silicone Moulds","Fragrance Oils","HIGH","Matched type Fragrance Oil"
27647120-93b0-41cc-b3c6-f73d4238fc6a,"General Silicone Moulds","Fragrance Oils","HIGH","Matched type Fragrance Oil"
6b3c1325-3152-4497-b5cc-69578755f9cb,"General Silicone Moulds","Fragrance Oils","HIGH","Matched type Fragrance Oil"
16daf836-90f6-4b9b-b5fd-2cd1988c9ef8,"Soap & Bar Moulds","Fragrance Oils","HIGH","Matched type Fragrance Oil"
99774a1a-4482-4e16-9190-0600e79017c7,"Soap & Bar Moulds","Fragrance Oils","HIGH","Matched type Fragrance Oil"
69ff6e2f-18a2-449c-b827-943d9c6f83cb,"General Silicone Moulds","Fragrance Oils","HIGH","Matched type Fragrance Oil"
3574f136-96fa-4c3a-a407-c52f7536fa26,"General Silicone Moulds","Fragrance Oils","HIGH","Matched type Fragrance Oil"
0bf916f6-b303-45d1-92d7-776a9b4bae15,"General Silicone Moulds","Fragrance Oils","HIGH","Matched type Fragrance Oil"
436d4d42-8105-4f63-993d-bd932ef75c66,"General Silicone Moulds","Fragrance Oils","HIGH","Matched type Fragrance Oil"
c984c696-7873-4822-8203-0f0ee33c6860,"General Silicone Moulds","Fragrance Oils","HIGH","Matched type Fragrance Oil"
4959c65b-2728-4d9a-80ed-5c2c94b1a45a,"General Silicone Moulds","Fragrance Oils","HIGH","Matched type Fragrance Oil"
fef898b1-4f8d-4ffb-977e-5fdfa5c0051a,"General Silicone Moulds","Fragrance Oils","HIGH","Matched type Fragrance Oil"
d8801c2b-fff6-44a2-9084-025f3899c4ae,"General Silicone Moulds","Fragrance Oils","HIGH","Matched type Fragrance Oil"
9a983a0a-ab69-4519-bfa5-f70693715284,"General Silicone Moulds","Fragrance Oils","HIGH","Matched type Fragrance Oil"
6140c6c2-e481-46e4-8181-cd775df7ac4f,"General Silicone Moulds","Fragrance Oils","HIGH","Matched type Fragrance Oil"
19e5cee1-7c09-40ff-b300-8023f851c15b,"General Silicone Moulds","Fragrance Oils","HIGH","Matched type Fragrance Oil"
9ea33f20-82c4-440e-a66e-8404b66f49ed,"General Silicone Moulds","Fragrance Oils","HIGH","Matched type Fragrance Oil"
7eed87e5-1ce2-4cf5-afce-d2e7262fba6f,"Fragrance Oils","Containers & Packaging","HIGH","Matched type Bottle/Container"
a2487472-b353-40a4-a9cf-5a47519d9bff,"Fragrance Oils","Premium Bases & Waxes","HIGH","Matched type Wax/Base"
89780c89-c34b-4f7b-b23a-b20e6f391e31,"General Silicone Moulds","Fragrance Oils","HIGH","Matched type Fragrance Oil"
08e80b36-847f-4fe3-8e2d-a0c10ba0b617,"General Silicone Moulds","Fragrance Oils","HIGH","Matched type Fragrance Oil"
3ace3bd9-fcc4-4486-b049-2cb0a40cabab,"General Silicone Moulds","Fragrance Oils","HIGH","Matched type Fragrance Oil"
70edc4ab-abc5-4e4e-ac48-a40e0eab17f2,"General Silicone Moulds","Fragrance Oils","HIGH","Matched type Fragrance Oil"
e67bbb06-1e2d-4094-8137-3676b5462655,"General Silicone Moulds","Fragrance Oils","HIGH","Matched type Fragrance Oil"
f66c29e9-d295-4ef4-a867-b05686521dd1,"General Silicone Moulds","Fragrance Oils","HIGH","Matched type Fragrance Oil"
66c6461d-cb71-4958-b63f-e92d805fa272,"General Silicone Moulds","Fragrance Oils","HIGH","Matched type Fragrance Oil"
df0db78a-c103-48cd-9e4b-6e14527ea6d1,"General Silicone Moulds","Fragrance Oils","HIGH","Matched type Fragrance Oil"
15b47005-1b2c-4cbd-be7a-4d1db812ab45,"General Silicone Moulds","Fragrance Oils","HIGH","Matched type Fragrance Oil"
bd19c9c9-20bc-49f5-87ca-a55f9af0fae8,"General Silicone Moulds","Fragrance Oils","HIGH","Matched type Fragrance Oil"
4b1126c4-93cd-4574-9294-47b1b1026b9a,"General Silicone Moulds","Fragrance Oils","HIGH","Matched type Fragrance Oil"
6e390cc6-2301-4bb9-82cb-77b588d38370,"General Silicone Moulds","Fragrance Oils","HIGH","Matched type Fragrance Oil"
c550a5c7-f9c0-48c8-a777-d4f194bc5088,"Pigments & Colors","Fragrance Oils","HIGH","Matched type Fragrance Oil"
1c71867c-aa2f-4fdf-911e-bcc969c037e4,"General Silicone Moulds","Fragrance Oils","HIGH","Matched type Fragrance Oil"
2b17e0a7-0745-489c-901a-c280dc01ae5b,"General Silicone Moulds","Fragrance Oils","HIGH","Matched type Fragrance Oil"
a52680d7-6fa3-449f-9d11-5bca4f49303d,"General Silicone Moulds","Fragrance Oils","HIGH","Matched type Fragrance Oil"
78e33e4d-52cb-4cfd-8b7b-b5f27bb9cff5,"General Silicone Moulds","Fragrance Oils","HIGH","Matched type Fragrance Oil"
56fd1b11-1699-467b-bca1-f85f7460d35e,"General Silicone Moulds","Fragrance Oils","HIGH","Matched type Fragrance Oil"
bc46a005-220f-481b-8fa1-2196dedee0f1,"General Silicone Moulds","Fragrance Oils","HIGH","Matched type Fragrance Oil"
343b1bc6-96b8-48de-9c14-e5791c72477f,"General Silicone Moulds","Fragrance Oils","HIGH","Matched type Fragrance Oil"
c5263682-a2a5-4117-9635-719227df805c,"General Silicone Moulds","Containers & Packaging","HIGH","Matched type Bottle/Container"
07fee4e6-7956-4fe2-8adc-9711a8a04858,"General Silicone Moulds","Containers & Packaging","HIGH","Matched type Bottle/Container"
25bdd7e2-6b55-428a-ae7b-82252897fe82,"General Silicone Moulds","Containers & Packaging","HIGH","Matched type Bottle/Container"
d2a4552a-727b-4bee-9ce7-7a923dfd0a8e,"Pigments & Colors","Containers & Packaging","HIGH","Matched type Bottle/Container"
a89b1bd2-680c-4b48-88e8-1f1289f7b352,"General Silicone Moulds","Premium Bases & Waxes","HIGH","Matched type Wax/Base"
4fb8f87d-81f2-49a3-a829-4dafbd914a7a,"Premium Bases & Waxes","Candle Making Accessories","HIGH","Matched type Wick/Tool"
c13f3351-7f45-4bff-b900-d7acd3baf6cb,"General Silicone Moulds","Premium Bases & Waxes","HIGH","Matched type Wax/Base"
ad5922ae-5345-4dac-bd69-e1f10f283b20,"Candle & Pillar Moulds","Soap & Bar Moulds","HIGH","Matched type Soap Mould"
e922b9a7-c3c3-4706-b451-8bda75e872a1,"General Silicone Moulds","Premium Bases & Waxes","HIGH","Matched type Wax/Base"
679e9348-26f1-491e-8f3b-feb1789b2825,"General Silicone Moulds","Premium Bases & Waxes","HIGH","Matched type Wax/Base"
076bd502-97ce-4cf2-9d11-5c305f00a6c0,"General Silicone Moulds","Premium Bases & Waxes","HIGH","Matched type Wax/Base"
ba066f9a-ceb5-488d-9516-5bbd2095d46b,"General Silicone Moulds","Premium Bases & Waxes","HIGH","Matched type Wax/Base"
06953741-fe64-4a24-8c7d-2a7585540e70,"General Silicone Moulds","Premium Bases & Waxes","HIGH","Matched type Wax/Base"
7769a6a2-61ba-4987-8c10-de7d8d6a686d,"General Silicone Moulds","Premium Bases & Waxes","HIGH","Matched type Wax/Base"
b59ef2fe-a57a-48ad-adf9-b1ade6825f50,"General Silicone Moulds","Premium Bases & Waxes","HIGH","Matched type Wax/Base"
2e1cc246-8153-4c22-90c4-0adfa1648d78,"General Silicone Moulds","Premium Bases & Waxes","HIGH","Matched type Wax/Base"
ec95ad4c-6350-417c-bc61-8aed19a97f5f,"General Silicone Moulds","Premium Bases & Waxes","HIGH","Matched type Wax/Base"
db24e447-66e8-47fe-9911-c242aa5c3817,"General Silicone Moulds","Premium Bases & Waxes","HIGH","Matched type Wax/Base"
8d79172a-7f5c-43df-8e42-ae1d4c67541c,"General Silicone Moulds","Premium Bases & Waxes","HIGH","Matched type Wax/Base"
6ab8a0b7-46e2-4ae7-80b3-9dfd3f1228c6,"General Silicone Moulds","Premium Bases & Waxes","HIGH","Matched type Wax/Base"
c49aa766-bbd1-453f-90ef-cb7902175686,"General Silicone Moulds","Premium Bases & Waxes","HIGH","Matched type Wax/Base"
f6af49eb-e372-486b-a466-0729a3647071,"General Silicone Moulds","Premium Bases & Waxes","HIGH","Matched type Wax/Base"
21638762-45ad-4248-9042-ef358a20edbd,"General Silicone Moulds","Premium Bases & Waxes","HIGH","Matched type Wax/Base"
7e66b2c0-45a0-43a8-b05d-524cd9b0ceb5,"General Silicone Moulds","Premium Bases & Waxes","HIGH","Matched type Wax/Base"
327f18a9-d861-45e9-b8a3-7b54879ec6b6,"General Silicone Moulds","Premium Bases & Waxes","HIGH","Matched type Wax/Base"
4d3958fb-564e-4281-ad22-5b2d29949aff,"General Silicone Moulds","Premium Bases & Waxes","HIGH","Matched type Wax/Base"
cffa998b-888d-43f1-8dc9-3b9c24f4de82,"Fragrance Oils","Containers & Packaging","HIGH","Matched type Bottle/Container"
b8646fad-a514-4906-a96e-91f9b9c6e13b,"Fragrance Oils","Containers & Packaging","HIGH","Matched type Bottle/Container"
c504f622-a527-4e90-a56d-ae4fe6e77445,"Pigments & Colors","Containers & Packaging","HIGH","Matched type Bottle/Container"
f0871b3e-a6b3-403b-aeea-68a4e07e5532,"Fragrance Oils","Containers & Packaging","HIGH","Matched type Bottle/Container"
f442118b-93bc-4010-a0ed-7bfd45198b87,"Containers & Packaging","Candle Making Accessories","HIGH","Matched type Accessory/Tool"
84923411-11ac-44e8-b7e5-5b244ec85b78,"General Silicone Moulds","Premium Bases & Waxes","HIGH","Matched type Wax/Base"
3b1f029c-610b-4a93-89e9-7c5087966011,"Fragrance Oils","Containers & Packaging","HIGH","Matched type Bottle/Container"
9f8d95f7-3ca3-48e7-9d53-c2eec4b2625e,"General Silicone Moulds","Candle Making Accessories","HIGH","Matched type Accessory/Tool"
82c5525a-f704-4515-8a1b-d8e63672b469,"General Silicone Moulds","Candle Making Accessories","HIGH","Matched type Accessory/Tool"
cb8a2343-1a80-4494-9f1f-2b414908d2bb,"General Silicone Moulds","Candle Making Accessories","HIGH","Matched type Accessory/Tool"
94b770e9-1544-4cd3-98ba-6fc6cc81e076,"General Silicone Moulds","Candle Making Accessories","HIGH","Matched type Accessory/Tool"
d91edc1d-ae31-42ea-836c-2e3584cb8c1f,"General Silicone Moulds","Candle Making Accessories","HIGH","Matched type Accessory/Tool"
493dba78-6e88-471b-ad9f-a2e47d019117,"Fragrance Oils","Containers & Packaging","HIGH","Matched type Bottle/Container"
975d5894-9bc7-404b-b159-b72945b07f78,"General Silicone Moulds","Candle Making Accessories","HIGH","Matched type Accessory/Tool"
1ece02c8-c0c0-4990-8f98-adc082159433,"General Silicone Moulds","Candle Making Accessories","HIGH","Matched type Accessory/Tool"
23f4c344-5ffe-4172-945c-b8d10849de91,"Fragrance Oils","Containers & Packaging","HIGH","Matched type Bottle/Container"
570251c9-45be-4eb6-86fc-d5e393c022a3,"General Silicone Moulds","Containers & Packaging","HIGH","Matched type Bottle/Container"
6f6e8fec-c208-4df1-9c75-bc15e2dc5a67,"Pigments & Colors","Containers & Packaging","HIGH","Matched type Bottle/Container"
a85398a1-53b2-479a-bfe3-9ced13605c44,"Containers & Packaging","General Silicone Moulds","HIGH","Matched type General Mould"
5dc35039-e71e-4120-a3b6-d0ca593200bf,"Fragrance Oils","Containers & Packaging","HIGH","Matched type Bottle/Container"
183471ad-f4b7-4f9e-90f2-cb119691847c,"Candle & Pillar Moulds","Soap & Bar Moulds","HIGH","Matched type Soap Mould"
416c496d-8135-4cd6-99e4-31774dfbbe4d,"Containers & Packaging","Eco-Resin & Stone Moulds","HIGH","Matched type Resin/Concrete Mould"
8814bfbe-823b-408f-ac6c-45e53b89fa3b,"Containers & Packaging","General Silicone Moulds","HIGH","Matched type General Mould"
6e1496b5-bf02-4bdf-9e51-e8982a79a535,"Food Safe Flavour Oil","Containers & Packaging","HIGH","Matched type Bottle/Container"
00aabbf9-2fe4-48a5-82b2-f3d8d94a0da5,"General Silicone Moulds","Fragrance Oils","HIGH","Matched type Fragrance Oil"
0cc418bd-a521-4904-bf75-7fd4cc0fee84,"Fragrance Oils","Essential Oils","HIGH","Matched type Essential Oil"
d12ca4b7-e905-4edc-a7fa-7b09a165a823,"Fragrance Oils","Containers & Packaging","HIGH","Matched type Bottle/Container"
94b5b336-479b-4db0-b72a-0e1e52b79988,"General Silicone Moulds","Candle Making Accessories","HIGH","Matched type Accessory/Tool"
bbd7b76a-8535-48d9-9fcf-8f68db62aa09,"Containers & Packaging","Candle & Pillar Moulds","HIGH","Matched type Candle Mould"
1709862f-3542-4ea4-bb2c-8635b6c8e3b8,"Soap & Bar Moulds","Candle Making Accessories","HIGH","Matched type Accessory/Tool"
15f32071-5b5a-4c7b-a013-c0acd29827c1,"General Silicone Moulds","Containers & Packaging","HIGH","Matched type Bottle/Container"
d98d6009-786c-40b9-9d88-0acdc39515d2,"Food Safe Flavour Oil","Containers & Packaging","HIGH","Matched type Bottle/Container"
612822c0-423a-4de3-bb8e-9bce8f14bef0,"Containers & Packaging","Eco-Resin & Stone Moulds","HIGH","Matched type Resin/Concrete Mould"
f8edf66e-0ac5-4787-84a2-011bc458b575,"Eco-Resin & Stone Moulds","Containers & Packaging","HIGH","Matched type Bottle/Container"
53e20e91-8a9e-41f4-b3f7-696cac1c27f0,"General Silicone Moulds","Fragrance Oils","HIGH","Matched type Fragrance Oil"
b726a21b-a2e2-452f-a353-215ca45b59c4,"Premium Bases & Waxes","Candle Making Accessories","HIGH","Matched type Wick/Tool"
6fb8809c-f0b9-4b3d-989a-234c586b0ed8,"Containers & Packaging","Eco-Resin & Stone Moulds","HIGH","Matched type Resin/Concrete Mould"
d00c22d2-a252-46e4-a91d-eaf7749487bd,"Fragrance Oils","Containers & Packaging","HIGH","Matched type Bottle/Container"
6d290616-a7c3-420d-b852-503527135d7c,"Fragrance Oils","Containers & Packaging","HIGH","Matched type Bottle/Container"
e7b6f605-5046-4479-9522-9e22a3c93f39,"Containers & Packaging","Candle Making Accessories","HIGH","Matched type Accessory/Tool"
e90ec3a9-fe5a-41fb-83f5-70418b52cf8c,"Fragrance Oils","Containers & Packaging","HIGH","Matched type Bottle/Container"
5a5c8ff7-3c93-41e8-8909-fbc7cefd169d,"General Silicone Moulds","Fragrance Oils","HIGH","Matched type Fragrance Oil"
8771b293-5a4c-4687-9664-95cc3d440541,"Fragrance Oils","Containers & Packaging","HIGH","Matched type Bottle/Container"
245b937e-fcfb-4452-b994-41232d721a8f,"Fragrance Oils","Containers & Packaging","HIGH","Matched type Bottle/Container"
66ff4c7b-fbc7-4e21-8dc8-0f56c158680c,"Fragrance Oils","Containers & Packaging","HIGH","Matched type Bottle/Container"
50833cf4-b130-41e7-b8ce-62091edfe98c,"Containers & Packaging","General Silicone Moulds","HIGH","Matched type General Mould"
9a34c6ef-95d8-4ea5-a273-9cdcabf68b94,"General Silicone Moulds","Candle Making Accessories","HIGH","Matched type Accessory/Tool"
e576b0ef-dbf5-4a53-ac3b-ee19a41b0204,"General Silicone Moulds","Candle Making Accessories","HIGH","Matched type Accessory/Tool"
0d0c60a3-8047-4b2b-99ac-79c431cbe974,"Pigments & Colors","Candle Making Accessories","HIGH","Matched type Accessory/Tool"
8cdca292-526c-4e8a-9047-de1e66168b67,"Candle & Pillar Moulds","Containers & Packaging","HIGH","Matched type Bottle/Container"
2cb3097b-4fa9-498e-a96f-60db06887800,"General Silicone Moulds","Candle Making Accessories","HIGH","Matched type Accessory/Tool"
13096db4-b8b5-410b-b980-d2d8b2a9ad2b,"Food Safe Flavour Oil","General Silicone Moulds","HIGH","Matched type General Mould"
2b3223ec-007d-4963-bf63-40872358cbbf,"Food Safe Flavour Oil","Containers & Packaging","HIGH","Matched type Bottle/Container"
27bd9b4e-7fa6-43ba-983a-b7f914a07e83,"Food Safe Flavour Oil","Containers & Packaging","HIGH","Matched type Bottle/Container"
2671393b-90cf-4d22-a8be-51445e21e73e,"Fragrance Oils","Containers & Packaging","HIGH","Matched type Bottle/Container"
96399d54-8826-49a1-99bd-80e23c814199,"Candle & Pillar Moulds","Soap & Bar Moulds","HIGH","Matched type Soap Mould"
0d33af2d-7233-491c-ae76-9b96cebe7f3a,"Food Safe Flavour Oil","Containers & Packaging","HIGH","Matched type Bottle/Container"
decf7ee1-01d6-4357-88bc-09f86e7b19de,"General Silicone Moulds","Fragrance Oils","HIGH","Matched type Fragrance Oil"
5349183a-baf6-43f1-9c59-1e38131de563,"Soap & Bar Moulds","Fragrance Oils","HIGH","Matched type Fragrance Oil"
b1046a97-2543-4a3b-86ab-e128d67f7384,"Food Safe Flavour Oil","Containers & Packaging","HIGH","Matched type Bottle/Container"
0f46a23a-2557-46a1-9f12-1fc611b4875a,"Fragrance Oils","Containers & Packaging","HIGH","Matched type Bottle/Container"
bc3c23a5-024b-4e19-8897-1207b33c5a9c,"General Silicone Moulds","Premium Bases & Waxes","HIGH","Matched type Wax/Base"
2dd5de59-92d6-40a1-9858-eb3f55a68589,"Containers & Packaging","Soap & Bar Moulds","HIGH","Matched type Soap Mould"
228a6728-0c0f-4df8-9fed-47f5dfcfaa51,"Candle & Pillar Moulds","Soap & Bar Moulds","HIGH","Matched type Soap Mould"
447e22cc-ea80-460c-88ea-b344862b1a5b,"Candle & Pillar Moulds","Soap & Bar Moulds","HIGH","Matched type Soap Mould"
98dfa2c7-4d2f-4c51-a3c5-dad8b0b54260,"Candle & Pillar Moulds","Soap & Bar Moulds","HIGH","Matched type Soap Mould"
6e942c8a-17fa-475a-bc6f-d1c66129a3af,"General Silicone Moulds","Containers & Packaging","HIGH","Matched type Bottle/Container"
dfaafc0d-ae10-4a13-948d-c321e4f338a6,"Fragrance Oils","Containers & Packaging","HIGH","Matched type Bottle/Container"
85808d5c-e1fb-43ee-abf6-d7be02085f7d,"Food Safe Flavour Oil","Containers & Packaging","HIGH","Matched type Bottle/Container"
150365f7-24d2-40d1-b1ac-c063feb1b91a,"Food Safe Flavour Oil","Containers & Packaging","HIGH","Matched type Bottle/Container"
fe1b5723-787f-4893-83a4-72136e180497,"General Silicone Moulds","Fragrance Oils","HIGH","Matched type Fragrance Oil"
3d743baf-5f59-4b3f-a88f-07b314c1e296,"Containers & Packaging","General Silicone Moulds","HIGH","Matched type General Mould"
1dc9d87c-7488-47cd-aa03-a934416434fb,"Fragrance Oils","Containers & Packaging","HIGH","Matched type Bottle/Container"
5d4a7a2e-1c9c-41ef-b80b-e6ecf4448d4d,"Candle & Pillar Moulds","Soap & Bar Moulds","HIGH","Matched type Soap Mould"
dd3f4b72-c85d-4cda-9204-c9d7d44a51c9,"Containers & Packaging","Eco-Resin & Stone Moulds","HIGH","Matched type Resin/Concrete Mould"
ea235bd7-c54f-449e-a44a-6536602ba3af,"Containers & Packaging","General Silicone Moulds","HIGH","Matched type General Mould"
0c71a7f6-7687-4583-b8e6-ae057bfba439,"Food Safe Flavour Oil","Containers & Packaging","HIGH","Matched type Bottle/Container"
f63a9660-03e8-477f-9471-f82e3b72c14a,"General Silicone Moulds","Fragrance Oils","HIGH","Matched type Fragrance Oil"
5a7a8baf-f719-4ca2-88e0-ba765c94d66f,"Fragrance Oils","Essential Oils","HIGH","Matched type Essential Oil"
77818225-a90b-42c3-8d79-15a6a210bc17,"Fragrance Oils","Containers & Packaging","HIGH","Matched type Bottle/Container"
d7afabf6-9f8b-4692-af06-c72b89f73c53,"General Silicone Moulds","Candle Making Accessories","HIGH","Matched type Accessory/Tool"
06845b23-e424-41fc-87c9-113ec66759bb,"Containers & Packaging","Candle & Pillar Moulds","HIGH","Matched type Candle Mould"
bfe2572b-a09a-446e-9d07-f36c23e7eec2,"Soap & Bar Moulds","Candle Making Accessories","HIGH","Matched type Accessory/Tool"
be92ae48-0dd4-4470-bca6-b25e5d3fae2f,"General Silicone Moulds","Containers & Packaging","HIGH","Matched type Bottle/Container"
2a6db03b-83e8-4824-ba0f-7643adcf7a12,"Food Safe Flavour Oil","Containers & Packaging","HIGH","Matched type Bottle/Container"
caae138a-beb5-431c-aa47-28d1db3f6811,"Containers & Packaging","Eco-Resin & Stone Moulds","HIGH","Matched type Resin/Concrete Mould"
b2a201ce-5ebe-4da0-ba61-930b28f11865,"Eco-Resin & Stone Moulds","Containers & Packaging","HIGH","Matched type Bottle/Container"
dda2a5f7-feb2-464f-9ede-adb5174b27ce,"Premium Bases & Waxes","Candle Making Accessories","HIGH","Matched type Wick/Tool"
8165ccd5-136e-4f42-a8c5-25ea33f32294,"Containers & Packaging","Eco-Resin & Stone Moulds","HIGH","Matched type Resin/Concrete Mould"
4f50fce6-9e61-4c3c-b4e1-3bbfabac7404,"Fragrance Oils","Containers & Packaging","HIGH","Matched type Bottle/Container"
022430e8-5fd2-4801-92ab-be92e6857729,"Fragrance Oils","Containers & Packaging","HIGH","Matched type Bottle/Container"
ad610e54-7a87-4863-8e53-3b71c8fd4b07,"Containers & Packaging","Candle Making Accessories","HIGH","Matched type Accessory/Tool"
f2d66e11-1c68-450b-a1b8-644b8d6324d2,"Fragrance Oils","Containers & Packaging","HIGH","Matched type Bottle/Container"
1183ddae-8135-44dd-a74d-f40055c02a30,"Fragrance Oils","Containers & Packaging","HIGH","Matched type Bottle/Container"
a6029b24-7b3a-49ed-a9e1-60e74616eb24,"Fragrance Oils","Containers & Packaging","HIGH","Matched type Bottle/Container"
4d2df72b-b3e5-47a4-8458-97e32cab8d37,"Fragrance Oils","Containers & Packaging","HIGH","Matched type Bottle/Container"
f25abfd7-a48c-49f0-80a7-efcf375bfc78,"Containers & Packaging","General Silicone Moulds","HIGH","Matched type General Mould"
ff674a79-607b-4774-9961-61ba22751d72,"General Silicone Moulds","Candle Making Accessories","HIGH","Matched type Accessory/Tool"
1cd8946f-913d-425e-a806-a08f9cc2bce2,"General Silicone Moulds","Candle Making Accessories","HIGH","Matched type Accessory/Tool"
40fc8c83-b810-4042-b5bd-8cda2e44f614,"Pigments & Colors","Candle Making Accessories","HIGH","Matched type Accessory/Tool"
f0a576b0-9ce7-4e45-ad67-2149dfacf98d,"Candle & Pillar Moulds","Containers & Packaging","HIGH","Matched type Bottle/Container"
518b38cf-2046-4784-bd73-27c610f9f915,"General Silicone Moulds","Fragrance Oils","HIGH","Matched type Fragrance Oil"
4be9490a-4aa7-4071-94c9-f5b2d93b8144,"General Silicone Moulds","Candle Making Accessories","HIGH","Matched type Accessory/Tool"
845beaf5-d5d7-4367-957d-d0f7026704e6,"Food Safe Flavour Oil","General Silicone Moulds","HIGH","Matched type General Mould"
1364cef8-521d-4299-abba-b2813cb1345f,"Food Safe Flavour Oil","Containers & Packaging","HIGH","Matched type Bottle/Container"
12c00b4d-ab60-4a20-9543-316a10d99dc9,"Food Safe Flavour Oil","Containers & Packaging","HIGH","Matched type Bottle/Container"
d710baf5-0a81-4ce5-829f-e34543217cd0,"Fragrance Oils","Containers & Packaging","HIGH","Matched type Bottle/Container"
ff7a44a9-800c-4acb-a457-842cc3208a68,"Candle & Pillar Moulds","Soap & Bar Moulds","HIGH","Matched type Soap Mould"
17905208-e2c4-46e9-9950-a2d4e216371a,"Food Safe Flavour Oil","Containers & Packaging","HIGH","Matched type Bottle/Container"
4a035fe1-e88c-4267-b466-fe4a09d76754,"General Silicone Moulds","Fragrance Oils","HIGH","Matched type Fragrance Oil"
78e83ce8-7701-408a-88ed-8a65f023bca8,"Soap & Bar Moulds","Fragrance Oils","HIGH","Matched type Fragrance Oil"
d7f478d8-3573-4dc9-b712-fc0dd79195f7,"Food Safe Flavour Oil","Containers & Packaging","HIGH","Matched type Bottle/Container"
7a097c22-1294-40e0-aa00-15a215df0f75,"Fragrance Oils","Containers & Packaging","HIGH","Matched type Bottle/Container"
5016c9ca-36e6-4a46-b5ae-1f1f4dc400f0,"General Silicone Moulds","Premium Bases & Waxes","HIGH","Matched type Wax/Base"
95247d44-e7d1-4cd9-9431-3745e432478b,"Containers & Packaging","Soap & Bar Moulds","HIGH","Matched type Soap Mould"
3c3e82ff-5e93-4d4f-be6c-7bd10bb6e78d,"Candle & Pillar Moulds","Soap & Bar Moulds","HIGH","Matched type Soap Mould"
2850cbee-5da8-4392-a3e3-9bd23325f925,"Candle & Pillar Moulds","Soap & Bar Moulds","HIGH","Matched type Soap Mould"
12e833c1-5667-489a-bcef-6f40d148388f,"Candle & Pillar Moulds","Soap & Bar Moulds","HIGH","Matched type Soap Mould"
7ba56b50-dd47-4dad-984c-049a78eba324,"General Silicone Moulds","Containers & Packaging","HIGH","Matched type Bottle/Container"
9f8a92c8-5c63-4af2-91f2-5d04a8e02a90,"Fragrance Oils","Containers & Packaging","HIGH","Matched type Bottle/Container"
7d6ca43a-b4aa-4328-98d2-9b797eb0dae2,"Food Safe Flavour Oil","Containers & Packaging","HIGH","Matched type Bottle/Container"
9ea0a9c7-0bdf-4727-9a30-9da616f4fa20,"Food Safe Flavour Oil","Containers & Packaging","HIGH","Matched type Bottle/Container"
065d2e5a-a906-4ec7-917f-3f14775a1967,"General Silicone Moulds","Fragrance Oils","HIGH","Matched type Fragrance Oil"
2433b885-1e58-4785-9c67-10d5ffd1bfd8,"Food Safe Flavour Oil","General Silicone Moulds","HIGH","Matched type General Mould"
5f714b95-ccc9-4f69-b8f6-4ae56bafb2cb,"Pigments & Colors","Containers & Packaging","HIGH","Matched type Bottle/Container"
5a2b6f7c-c382-4fb2-9202-1a322a65b3dd,"Containers & Packaging","General Silicone Moulds","HIGH","Matched type General Mould"
a2b76163-aef2-432b-99cc-de4605ec395c,"Pigments & Colors","Containers & Packaging","HIGH","Matched type Bottle/Container"
9a30f3a7-8b7c-4f32-bf38-c6a92ec80287,"Pigments & Colors","Containers & Packaging","HIGH","Matched type Bottle/Container"
3f37c83f-7ffa-47d5-8858-866d1b02b6c6,"Pigments & Colors","Premium Bases & Waxes","HIGH","Matched type Wax/Base"
7a599391-1846-48a9-8999-7727dca40504,"General Silicone Moulds","Fragrance Oils","HIGH","Matched type Fragrance Oil"
10057841-41c7-4b5b-84f3-7fe2245c43a1,"General Silicone Moulds","Fragrance Oils","HIGH","Matched type Fragrance Oil"
981a5c85-faf1-4720-9e52-127d5d57ec31,"General Silicone Moulds","Fragrance Oils","HIGH","Matched type Fragrance Oil"
1d7e4546-4695-4ec6-b03e-fbde4bc63fa5,"General Silicone Moulds","Fragrance Oils","HIGH","Matched type Fragrance Oil"
5706c2e5-4b9b-4f9c-9b29-d1347c6e9b20,"General Silicone Moulds","Fragrance Oils","HIGH","Matched type Fragrance Oil"
bbc39d53-1abf-45c9-841c-ad4f2947fb4b,"General Silicone Moulds","Fragrance Oils","HIGH","Matched type Fragrance Oil"
b5f57b4c-69d2-42cf-8fa8-47dd4a94651e,"General Silicone Moulds","Fragrance Oils","HIGH","Matched type Fragrance Oil"
3e33a67c-ebd8-4d15-ad4d-7a98b5ff896b,"General Silicone Moulds","Fragrance Oils","HIGH","Matched type Fragrance Oil"
7128f55c-4633-4ed2-8e88-ee1d664b16ca,"General Silicone Moulds","Fragrance Oils","HIGH","Matched type Fragrance Oil"
2bc2673d-1cc6-48e5-b3b6-25f81ae11ccd,"General Silicone Moulds","Fragrance Oils","HIGH","Matched type Fragrance Oil"
6bb274c9-a954-4b01-aa69-cd96fba333c0,"General Silicone Moulds","Fragrance Oils","HIGH","Matched type Fragrance Oil"
ad407837-fd8a-4695-91a2-a59d31208dc8,"General Silicone Moulds","Fragrance Oils","HIGH","Matched type Fragrance Oil"
322f1d39-834b-467a-b7d3-feb843e2c4dd,"General Silicone Moulds","Fragrance Oils","HIGH","Matched type Fragrance Oil"
663cf7e8-730c-4e7e-81f8-fd9f8ba36731,"General Silicone Moulds","Fragrance Oils","HIGH","Matched type Fragrance Oil"
627bca63-77ba-4c29-85f5-a16ed5c0f90d,"General Silicone Moulds","Fragrance Oils","HIGH","Matched type Fragrance Oil"
d6f55b35-a4f8-42ff-821d-b4e6f69f3d8b,"Candle & Pillar Moulds","Fragrance Oils","HIGH","Matched type Fragrance Oil"
3d89f559-0af0-41c8-9256-01c32e0a1f83,"General Silicone Moulds","Fragrance Oils","HIGH","Matched type Fragrance Oil"
94763e5f-83fb-40d3-91e5-548a136d7c06,"General Silicone Moulds","Fragrance Oils","HIGH","Matched type Fragrance Oil"
e92da5c0-28f1-48ad-84f5-a356b15955e9,"General Silicone Moulds","Fragrance Oils","HIGH","Matched type Fragrance Oil"
a726da89-f342-4a63-8ec6-42580df1c5b3,"General Silicone Moulds","Fragrance Oils","HIGH","Matched type Fragrance Oil"
50910b3f-9c31-4476-8175-18597db0fd13,"General Silicone Moulds","Fragrance Oils","HIGH","Matched type Fragrance Oil"
54d590d7-6b43-4df2-a610-c6e1280e534e,"General Silicone Moulds","Fragrance Oils","HIGH","Matched type Fragrance Oil"
675e475b-026c-4e21-8ac9-cd3400139763,"General Silicone Moulds","Fragrance Oils","HIGH","Matched type Fragrance Oil"
9f276c67-a511-401f-add8-d57ec4e4ecbe,"General Silicone Moulds","Fragrance Oils","HIGH","Matched type Fragrance Oil"
dd6b1161-f2b4-439c-bb43-d2f3b4a687e5,"General Silicone Moulds","Fragrance Oils","HIGH","Matched type Fragrance Oil"
784126f2-f79f-479f-bccc-931fe308c114,"General Silicone Moulds","Fragrance Oils","HIGH","Matched type Fragrance Oil"
5e3fbcf4-0f5e-4f70-8245-bb064fb4ee27,"General Silicone Moulds","Fragrance Oils","HIGH","Matched type Fragrance Oil"
10841786-1a68-4776-b436-0dcd078433b2,"General Silicone Moulds","Fragrance Oils","HIGH","Matched type Fragrance Oil"
746bba94-89c8-4294-9948-fb57c172dfb1,"General Silicone Moulds","Fragrance Oils","HIGH","Matched type Fragrance Oil"
9aaafefa-0ac2-4569-999b-ddc85d204f18,"General Silicone Moulds","Fragrance Oils","HIGH","Matched type Fragrance Oil"
013be3a7-7c47-4ef8-a311-8340967d69de,"General Silicone Moulds","Fragrance Oils","HIGH","Matched type Fragrance Oil"
4d229959-44a6-4682-a953-15891e55c2cb,"General Silicone Moulds","Fragrance Oils","HIGH","Matched type Fragrance Oil"
7aa19417-e823-47f7-9d4f-4395d7f8500d,"General Silicone Moulds","Fragrance Oils","HIGH","Matched type Fragrance Oil"
6726f5e2-1e7f-4c6f-9f4d-bd83d1a06a0f,"General Silicone Moulds","Fragrance Oils","HIGH","Matched type Fragrance Oil"
9bfae119-1987-4c7b-869b-b733fb92da28,"General Silicone Moulds","Fragrance Oils","HIGH","Matched type Fragrance Oil"
4d2115c6-3f4e-4802-bcda-44d4fbddff2e,"General Silicone Moulds","Fragrance Oils","HIGH","Matched type Fragrance Oil"
014942c0-80ba-4260-ac03-52d0aba8d9fc,"General Silicone Moulds","Fragrance Oils","HIGH","Matched type Fragrance Oil"
3edbe968-d4ad-4db6-90b9-a9240e5dc47f,"General Silicone Moulds","Fragrance Oils","HIGH","Matched type Fragrance Oil"
fbceaf79-09f2-4bbb-b0bf-adf2dfe8c3aa,"General Silicone Moulds","Fragrance Oils","HIGH","Matched type Fragrance Oil"
4e3ebaa4-4e59-494b-9d20-e3cc9a41b6f4,"General Silicone Moulds","Fragrance Oils","HIGH","Matched type Fragrance Oil"
4a5b3974-16fd-47d1-b262-1250e4398d84,"General Silicone Moulds","Fragrance Oils","HIGH","Matched type Fragrance Oil"
5aab1481-070f-4f64-a1c1-da7df10646ba,"General Silicone Moulds","Fragrance Oils","HIGH","Matched type Fragrance Oil"
6965762b-d02b-440c-8c0c-e81948e8a31b,"General Silicone Moulds","Fragrance Oils","HIGH","Matched type Fragrance Oil"
c94fefe7-bb81-48ee-bfd1-50741d2c5834,"General Silicone Moulds","Fragrance Oils","HIGH","Matched type Fragrance Oil"
23759636-32f1-47f3-a3c3-0bae872f2f12,"General Silicone Moulds","Fragrance Oils","HIGH","Matched type Fragrance Oil"
338f80d8-647b-4507-b2fe-ae69c064287b,"General Silicone Moulds","Fragrance Oils","HIGH","Matched type Fragrance Oil"
2fa71cfe-1512-4b26-983e-571847831750,"General Silicone Moulds","Fragrance Oils","HIGH","Matched type Fragrance Oil"
1f2b67b0-fb8c-43b3-b01b-14056e48401c,"General Silicone Moulds","Fragrance Oils","HIGH","Matched type Fragrance Oil"
94e0a0a8-2f01-42f4-aff2-0d9b8bf6b5a5,"General Silicone Moulds","Fragrance Oils","HIGH","Matched type Fragrance Oil"
26287b1e-4940-487a-a1a1-eb3045faf487,"General Silicone Moulds","Fragrance Oils","HIGH","Matched type Fragrance Oil"
38c2754b-3d2d-44c1-b72b-e1746ca0d569,"General Silicone Moulds","Fragrance Oils","HIGH","Matched type Fragrance Oil"
a6883e89-41e3-4722-ac86-4575c6379af2,"General Silicone Moulds","Fragrance Oils","HIGH","Matched type Fragrance Oil"
4b6ad540-5d4f-450e-9463-252fb3b120ba,"General Silicone Moulds","Fragrance Oils","HIGH","Matched type Fragrance Oil"
65f61210-0a4d-4fb3-99ea-d698e6cc6e0f,"General Silicone Moulds","Fragrance Oils","HIGH","Matched type Fragrance Oil"
84262b2d-34c3-4479-a63f-f18992b24862,"General Silicone Moulds","Fragrance Oils","HIGH","Matched type Fragrance Oil"
1943d5e3-a911-40d5-a79e-44a3b927e33e,"General Silicone Moulds","Fragrance Oils","HIGH","Matched type Fragrance Oil"
4829f2ef-cd0e-4846-92ba-3b34a6e1bd50,"General Silicone Moulds","Fragrance Oils","HIGH","Matched type Fragrance Oil"
c07bff5f-363e-4c43-b1c8-60fda9c807db,"General Silicone Moulds","Fragrance Oils","HIGH","Matched type Fragrance Oil"
35709903-0716-4774-ae9c-59d827b21ed2,"General Silicone Moulds","Fragrance Oils","HIGH","Matched type Fragrance Oil"
03870a92-e55e-43ee-a5a2-6906216c1878,"General Silicone Moulds","Fragrance Oils","HIGH","Matched type Fragrance Oil"
60e622a5-b8c0-4465-84e2-ea919bed16d2,"General Silicone Moulds","Fragrance Oils","HIGH","Matched type Fragrance Oil"
1bece10c-b45e-42c8-8bb2-508423598cf6,"General Silicone Moulds","Fragrance Oils","HIGH","Matched type Fragrance Oil"
e6205a66-c229-4667-8a38-ca8aff569d7c,"General Silicone Moulds","Fragrance Oils","HIGH","Matched type Fragrance Oil"
d64297ff-e0e1-4f14-a44b-15634f2c6bc0,"General Silicone Moulds","Fragrance Oils","HIGH","Matched type Fragrance Oil"
6e3cc21b-eb28-4287-b277-4bf8cc617549,"General Silicone Moulds","Fragrance Oils","HIGH","Matched type Fragrance Oil"
c36854ca-72b8-46f1-a62e-d21c508bdfec,"General Silicone Moulds","Fragrance Oils","HIGH","Matched type Fragrance Oil"
7c15cb77-8a96-488e-99c4-fa721cc070bb,"General Silicone Moulds","Fragrance Oils","HIGH","Matched type Fragrance Oil"
6136f703-90b3-4f2a-8526-3ab7abda7dd4,"General Silicone Moulds","Fragrance Oils","HIGH","Matched type Fragrance Oil"
ba0ce4e5-3cac-4c65-bb5b-f8a57908e6b1,"General Silicone Moulds","Fragrance Oils","HIGH","Matched type Fragrance Oil"
d32be0d0-6e10-4e29-a553-78ab1fadb386,"General Silicone Moulds","Fragrance Oils","HIGH","Matched type Fragrance Oil"
36fb11ff-3bab-454d-b04a-fb39165d1e4e,"General Silicone Moulds","Fragrance Oils","HIGH","Matched type Fragrance Oil"
75e919c0-7a60-4ff2-8e76-d6224bd97723,"General Silicone Moulds","Fragrance Oils","HIGH","Matched type Fragrance Oil"
313f221f-d11a-4351-89cb-c4b6457e321d,"General Silicone Moulds","Fragrance Oils","HIGH","Matched type Fragrance Oil"
ac16de08-a846-454c-8eaf-eb429118e367,"General Silicone Moulds","Fragrance Oils","HIGH","Matched type Fragrance Oil"
103c90a7-1405-42a8-bcd0-d2ace78029fb,"General Silicone Moulds","Fragrance Oils","HIGH","Matched type Fragrance Oil"
01c682c2-d2a7-4970-a95e-63e4a224ec84,"General Silicone Moulds","Fragrance Oils","HIGH","Matched type Fragrance Oil"
3359cf72-cb98-4378-8333-244750416cae,"General Silicone Moulds","Fragrance Oils","HIGH","Matched type Fragrance Oil"
6278d5eb-b571-4ba7-8972-790bbdb91d9a,"General Silicone Moulds","Fragrance Oils","HIGH","Matched type Fragrance Oil"
d8aafc00-1b66-46e0-a518-d79843818012,"Soap & Bar Moulds","Fragrance Oils","HIGH","Matched type Fragrance Oil"
a4ef520c-96c8-4139-9271-c3c994f504b9,"General Silicone Moulds","Fragrance Oils","HIGH","Matched type Fragrance Oil"
3e2224d6-f5b5-424a-8c22-b802e6720dff,"General Silicone Moulds","Fragrance Oils","HIGH","Matched type Fragrance Oil"
c8dafb6d-9c4c-4471-96e8-2dcc75dcdc31,"General Silicone Moulds","Fragrance Oils","HIGH","Matched type Fragrance Oil"
0fea6e17-4e5d-4085-8d00-a4881b00066a,"General Silicone Moulds","Fragrance Oils","HIGH","Matched type Fragrance Oil"
95c931eb-540b-40f5-9737-dd678c17e120,"General Silicone Moulds","Fragrance Oils","HIGH","Matched type Fragrance Oil"
add2257a-3597-44a5-9080-38c26c6c708b,"General Silicone Moulds","Fragrance Oils","HIGH","Matched type Fragrance Oil"
f2ab9c63-150e-42ab-bb85-69f3604222d0,"General Silicone Moulds","Fragrance Oils","HIGH","Matched type Fragrance Oil"
ce7fe9cd-6f6a-4568-abc4-0fc4bc7781cb,"General Silicone Moulds","Fragrance Oils","HIGH","Matched type Fragrance Oil"
2e34814b-6f8b-4a21-ac6f-4178c92a87f4,"General Silicone Moulds","Fragrance Oils","HIGH","Matched type Fragrance Oil"
fac784ba-f609-4543-ab54-b955928b4c2a,"Fragrance Oils","Containers & Packaging","HIGH","Matched type Bottle/Container"
9db70d46-7342-47c0-a335-0cb2fa31d700,"Fragrance Oils","Premium Bases & Waxes","HIGH","Matched type Wax/Base"
8c7ce968-b050-4b52-8736-4da237861b12,"Fragrance Oils","Containers & Packaging","HIGH","Matched type Bottle/Container"
42bffd58-add7-416e-8b2d-82b94c1d0336,"General Silicone Moulds","Fragrance Oils","HIGH","Matched type Fragrance Oil"
5941db52-932e-49fc-8895-dfed39baa255,"General Silicone Moulds","Fragrance Oils","HIGH","Matched type Fragrance Oil"
34608784-1976-40c7-ad1c-0e68fbbd5100,"General Silicone Moulds","Fragrance Oils","HIGH","Matched type Fragrance Oil"
65922ca0-198b-4d42-ae30-91ccbc129df4,"General Silicone Moulds","Fragrance Oils","HIGH","Matched type Fragrance Oil"
3d1f5dba-a184-4450-8c0e-5867d76caaad,"General Silicone Moulds","Fragrance Oils","HIGH","Matched type Fragrance Oil"
4a3398d5-2577-4caf-9307-f6bb8efb950f,"General Silicone Moulds","Fragrance Oils","HIGH","Matched type Fragrance Oil"
9771b6f9-48ef-4ab0-b3f9-af165b2a0a71,"General Silicone Moulds","Fragrance Oils","HIGH","Matched type Fragrance Oil"
cb0eec73-25a2-4580-8c4b-04cfbfe5a310,"General Silicone Moulds","Fragrance Oils","HIGH","Matched type Fragrance Oil"
b3277535-be89-4126-a5b1-fb0dac1290b1,"General Silicone Moulds","Fragrance Oils","HIGH","Matched type Fragrance Oil"
6f436383-7bb0-4d56-8d40-d9cc4fd4b212,"General Silicone Moulds","Fragrance Oils","HIGH","Matched type Fragrance Oil"
d0cda7fc-c916-4ce1-ac68-0cf76b7d25b9,"General Silicone Moulds","Fragrance Oils","HIGH","Matched type Fragrance Oil"
0121610a-7ca7-46a9-b545-6b3e5bf8d958,"General Silicone Moulds","Fragrance Oils","HIGH","Matched type Fragrance Oil"
472406ac-49bc-4099-916f-e45b06a5f185,"General Silicone Moulds","Fragrance Oils","HIGH","Matched type Fragrance Oil"
2d860345-ca1c-48bd-b205-e68c0e7abeac,"General Silicone Moulds","Fragrance Oils","HIGH","Matched type Fragrance Oil"
d75d45f1-deb8-495f-b9a9-314235d5b477,"Pigments & Colors","Fragrance Oils","HIGH","Matched type Fragrance Oil"
af18cd5a-57d0-473a-9161-0c004ca38263,"General Silicone Moulds","Fragrance Oils","HIGH","Matched type Fragrance Oil"
89311088-2096-4619-90f2-19f0a88ba801,"General Silicone Moulds","Fragrance Oils","HIGH","Matched type Fragrance Oil"
6ee915b9-6ce2-4895-ad48-32dadaa1972e,"General Silicone Moulds","Fragrance Oils","HIGH","Matched type Fragrance Oil"
9656b7cd-a592-4eab-ae14-3a7ea1ca3bf8,"General Silicone Moulds","Containers & Packaging","HIGH","Matched type Bottle/Container"
b26d65ad-055e-4c48-a163-5e7b6ff60eb4,"General Silicone Moulds","Containers & Packaging","HIGH","Matched type Bottle/Container"
177cf655-7fbc-48da-b4c9-c2539480209d,"General Silicone Moulds","Containers & Packaging","HIGH","Matched type Bottle/Container"
8d5c9ab9-4084-4624-a20f-1932341e8d37,"Pigments & Colors","Containers & Packaging","HIGH","Matched type Bottle/Container"
a22ea45d-90d5-4dc3-bea2-ec30de7367c7,"General Silicone Moulds","Premium Bases & Waxes","HIGH","Matched type Wax/Base"
fbbb167a-c50e-47cb-8485-43413829d1d3,"General Silicone Moulds","Premium Bases & Waxes","HIGH","Matched type Wax/Base"
9504ea82-400d-4adf-93a0-607cb2838def,"General Silicone Moulds","Premium Bases & Waxes","HIGH","Matched type Wax/Base"
a032e5b8-a569-4feb-b02c-29eca65e0294,"General Silicone Moulds","Premium Bases & Waxes","HIGH","Matched type Wax/Base"
97f66bcc-be76-4a35-9d96-8f5baa59765e,"General Silicone Moulds","Premium Bases & Waxes","HIGH","Matched type Wax/Base"
c170cd46-62df-414b-8b14-e01fb109c8ce,"Candle & Pillar Moulds","Soap & Bar Moulds","HIGH","Matched type Soap Mould"
88937ea2-8aff-47de-860f-8a93479ec8a1,"General Silicone Moulds","Premium Bases & Waxes","HIGH","Matched type Wax/Base"
0e17c652-b202-4229-b93a-b1c0ee0d7cc5,"General Silicone Moulds","Premium Bases & Waxes","HIGH","Matched type Wax/Base"
32c73070-482d-41b9-ab9c-b9ec455d9d72,"General Silicone Moulds","Premium Bases & Waxes","HIGH","Matched type Wax/Base"
2d20f5d4-4087-43ff-b3e5-7bac2d749067,"General Silicone Moulds","Premium Bases & Waxes","HIGH","Matched type Wax/Base"
63a158fc-51c0-4df6-a347-ee4043790e30,"General Silicone Moulds","Premium Bases & Waxes","HIGH","Matched type Wax/Base"
b0d3602e-8d36-4ddd-a607-5322d44a1e65,"General Silicone Moulds","Premium Bases & Waxes","HIGH","Matched type Wax/Base"
568d7ffc-e85f-42ca-b1f2-cc6c275d6bcf,"General Silicone Moulds","Premium Bases & Waxes","HIGH","Matched type Wax/Base"
0b6c9856-5a5f-4648-b885-a6bb981e4006,"General Silicone Moulds","Premium Bases & Waxes","HIGH","Matched type Wax/Base"
08f3f841-4d1a-483f-834f-c100b7e54d6a,"General Silicone Moulds","Premium Bases & Waxes","HIGH","Matched type Wax/Base"
e0aaa000-66c5-43c1-827d-c3310219275d,"Fragrance Oils","Containers & Packaging","HIGH","Matched type Bottle/Container"
d9b01ba1-4f13-4950-94f2-481b6ab5841e,"General Silicone Moulds","Premium Bases & Waxes","HIGH","Matched type Wax/Base"
8fbd7806-a0b9-4563-897c-061c2a769b54,"General Silicone Moulds","Premium Bases & Waxes","HIGH","Matched type Wax/Base"
16748993-2ef0-4f08-9828-201d533b8661,"General Silicone Moulds","Premium Bases & Waxes","HIGH","Matched type Wax/Base"
6f7091c5-ea1a-4e52-86ee-b607522f7c7b,"General Silicone Moulds","Premium Bases & Waxes","HIGH","Matched type Wax/Base"
6d65cd56-7011-4bc6-8b99-190625fc5d67,"Fragrance Oils","Containers & Packaging","HIGH","Matched type Bottle/Container"
01e1ab8a-f62a-49c5-8b37-48e29d4dcbb7,"General Silicone Moulds","Premium Bases & Waxes","HIGH","Matched type Wax/Base"
1ee5a590-f8e0-4e35-a41e-3879b99e7ca5,"General Silicone Moulds","Premium Bases & Waxes","HIGH","Matched type Wax/Base"
76c29f07-ade8-4021-9ebe-f47a0df5a8dd,"Pigments & Colors","Containers & Packaging","HIGH","Matched type Bottle/Container"
6c5479f9-f285-4867-bb30-04496ea0794e,"Fragrance Oils","Containers & Packaging","HIGH","Matched type Bottle/Container"
4fff874c-a0c3-4827-be26-511520052f18,"Containers & Packaging","Candle Making Accessories","HIGH","Matched type Accessory/Tool"
bab4b3f4-76b2-42ec-b363-c4d92d6b525e,"General Silicone Moulds","Premium Bases & Waxes","HIGH","Matched type Wax/Base"
6fade592-5267-4a46-a24c-780a12b7ed9d,"General Silicone Moulds","Candle Making Accessories","HIGH","Matched type Accessory/Tool"
efb5ca9c-7899-4a11-85fb-358ff1c35254,"Fragrance Oils","Containers & Packaging","HIGH","Matched type Bottle/Container"
a6b0d4de-f42b-4321-8af1-ebd80abc7ce4,"General Silicone Moulds","Candle Making Accessories","HIGH","Matched type Accessory/Tool"
8f9c6041-2c57-464c-adee-1cc262d4d93d,"General Silicone Moulds","Candle Making Accessories","HIGH","Matched type Accessory/Tool"
5738a9bc-2fb3-4718-91d9-7b06d1ff8e04,"General Silicone Moulds","Candle Making Accessories","HIGH","Matched type Accessory/Tool"
18d6b433-75ba-4eec-a83e-e63634efdbbc,"General Silicone Moulds","Candle Making Accessories","HIGH","Matched type Accessory/Tool"
2fa8fcd7-1c88-40ee-9b6a-031c67b856cb,"General Silicone Moulds","Candle Making Accessories","HIGH","Matched type Accessory/Tool"
05e62945-5fc7-4c6e-a024-a113525e848c,"General Silicone Moulds","Candle Making Accessories","HIGH","Matched type Accessory/Tool"
a1713eb4-d9d2-4693-8e9e-c207f19cbb03,"Fragrance Oils","Containers & Packaging","HIGH","Matched type Bottle/Container"
28fffbc0-ce32-4f4b-8870-cb3db359e34d,"Fragrance Oils","Containers & Packaging","HIGH","Matched type Bottle/Container"
42f01bb3-bf8b-4798-ae73-4626454bd2ca,"General Silicone Moulds","Containers & Packaging","HIGH","Matched type Bottle/Container"
de17aff4-21f2-4cd4-92de-fcd40abdf151,"Pigments & Colors","Containers & Packaging","HIGH","Matched type Bottle/Container"
b5308f39-1e3f-4ddc-98fb-c599de5f3508,"Containers & Packaging","General Silicone Moulds","HIGH","Matched type General Mould"
272b25f1-6ff1-4b69-a1fe-560f1e62be16,"Candle & Pillar Moulds","Eco-Resin & Stone Moulds","HIGH","Matched type Resin/Concrete Mould"
e0a111e9-14f5-40e1-b3b4-35ec1e7ee92f,"Containers & Packaging","Candle & Pillar Moulds","HIGH","Matched type Candle Mould"
11ad21f1-d402-45ec-a408-4379c2100186,"Eco-Resin & Stone Moulds","Containers & Packaging","HIGH","Matched type Bottle/Container"
d53c2ed7-0ef6-414d-9aaf-26f87f08553a,"Containers & Packaging","Candle & Pillar Moulds","HIGH","Matched type Candle Mould"
bb65f4d4-489a-4d1e-8db6-0e85e6a1fb67,"Candle & Pillar Moulds","Containers & Packaging","HIGH","Matched type Bottle/Container"
e5e65eab-625c-4782-9a51-eefc3e0fa1b5,"Containers & Packaging","Eco-Resin & Stone Moulds","HIGH","Matched type Resin/Concrete Mould"
8a0f999f-89cd-436d-8740-838255da367d,"Food Safe Flavour Oil","Containers & Packaging","HIGH","Matched type Bottle/Container"
101f32ca-05fb-4533-9677-e18979c73c54,"Containers & Packaging","Candle & Pillar Moulds","HIGH","Matched type Candle Mould"
8e1e615d-954e-47e5-9529-1abe5d54f106,"Containers & Packaging","Eco-Resin & Stone Moulds","HIGH","Matched type Resin/Concrete Mould"
ef75970d-2c04-41f2-b99a-e4a827f08647,"Containers & Packaging","Candle & Pillar Moulds","HIGH","Matched type Candle Mould"
7caae6d6-5386-4ea2-aaff-5d4f82cba0cb,"Candle & Pillar Moulds","Eco-Resin & Stone Moulds","HIGH","Matched type Resin/Concrete Mould"
804e100e-368d-4f04-80b0-8ebf0f2e1462,"Candle & Pillar Moulds","Soap & Bar Moulds","HIGH","Matched type Soap Mould"
e9e593f6-3184-4ec0-91a2-36f33c22ccd9,"Candle & Pillar Moulds","Eco-Resin & Stone Moulds","HIGH","Matched type Resin/Concrete Mould"
e2f065ce-9dc0-452b-bc0e-78bb7ae985fb,"Candle & Pillar Moulds","General Silicone Moulds","HIGH","Matched type General Mould"
e9ea5859-02a6-46cb-9888-a4904f1cbfa4,"Containers & Packaging","General Silicone Moulds","HIGH","Matched type General Mould"
55078f04-c327-49f4-85e3-4cf49f10d884,"Containers & Packaging","Candle & Pillar Moulds","HIGH","Matched type Candle Mould"
7376dbe8-21d1-4332-aee2-6162a4f713ca,"Premium Bases & Waxes","Pigments & Colors","HIGH","Matched type Pigment/Color"
0b73b164-1358-4a3e-baeb-a280c6f85643,"Food Safe Flavour Oil","Containers & Packaging","HIGH","Matched type Bottle/Container"
6a66fa4a-99a0-4ece-a23b-bd6850734d8c,"Premium Bases & Waxes","Containers & Packaging","HIGH","Matched type Bottle/Container"
64565bf8-d24b-482b-81ef-ef7879e69303,"Premium Bases & Waxes","Pigments & Colors","HIGH","Matched type Pigment/Color"
31d210f8-df98-40ab-a0fd-be20e31ac1a0,"General Silicone Moulds","Containers & Packaging","HIGH","Matched type Bottle/Container"
38b7b9a3-8062-45a2-8c15-887db7c5aec5,"Premium Bases & Waxes","Candle Making Accessories","HIGH","Matched type Wick/Tool"
391042d1-1896-4d3a-a5ab-3ffda8b96447,"General Silicone Moulds","Containers & Packaging","HIGH","Matched type Bottle/Container"
4a2d9593-e764-464c-a7f5-73902868fba3,"Premium Bases & Waxes","Candle Making Accessories","HIGH","Matched type Wick/Tool"
4a49d07b-db20-496a-89e6-21b439b8860f,"Food Safe Flavour Oil","Soap & Bar Moulds","HIGH","Matched type Soap Mould"
b97b668b-d4e8-4f56-adb3-350d54a540c5,"Containers & Packaging","Candle & Pillar Moulds","HIGH","Matched type Candle Mould"
585ec3c3-dad5-461b-ba12-d3b34d390489,"Containers & Packaging","Candle & Pillar Moulds","HIGH","Matched type Candle Mould"
4810fbc4-63c0-4773-be74-87dee4d40adf,"Containers & Packaging","Candle & Pillar Moulds","HIGH","Matched type Candle Mould"
cf1d225c-0ca7-4872-995e-80fc1dc9a752,"Containers & Packaging","Eco-Resin & Stone Moulds","HIGH","Matched type Resin/Concrete Mould"
43e9afb5-d1bb-497b-821c-c40e54827886,"Candle & Pillar Moulds","Eco-Resin & Stone Moulds","HIGH","Matched type Resin/Concrete Mould"
825b162a-9205-448d-9592-429ce77037a8,"Candle & Pillar Moulds","Containers & Packaging","HIGH","Matched type Bottle/Container"
58f77f0f-e5d0-4e1a-a674-85c28290bc70,"Containers & Packaging","Eco-Resin & Stone Moulds","HIGH","Matched type Resin/Concrete Mould"
ae5a588a-e730-4f49-88db-29f2e5861e81,"Candle & Pillar Moulds","Eco-Resin & Stone Moulds","HIGH","Matched type Resin/Concrete Mould"
73853365-0048-4659-9ff5-6d820172a841,"Candle & Pillar Moulds","Containers & Packaging","HIGH","Matched type Bottle/Container"
c148ca00-c499-4d77-a014-67c5b32c91f9,"Candle & Pillar Moulds","Soap & Bar Moulds","HIGH","Matched type Soap Mould"
7b12498a-612b-4853-9260-2ed798e9fe82,"Containers & Packaging","Soap & Bar Moulds","HIGH","Matched type Soap Mould"
f25f7584-1faf-4ce0-8db0-724423efe7e5,"Containers & Packaging","Eco-Resin & Stone Moulds","HIGH","Matched type Resin/Concrete Mould"
164bce54-55fc-4cee-bc09-d53cc0964578,"Containers & Packaging","General Silicone Moulds","HIGH","Matched type General Mould"
14dd0e9f-a62e-4796-a7df-2853c2c1fd9d,"Containers & Packaging","Candle & Pillar Moulds","HIGH","Matched type Candle Mould"
37519b27-dffa-4e92-9aaa-508596da785c,"Containers & Packaging","Eco-Resin & Stone Moulds","HIGH","Matched type Resin/Concrete Mould"
a74a9b80-26c6-4bb2-9efc-491caece969e,"Candle & Pillar Moulds","Soap & Bar Moulds","HIGH","Matched type Soap Mould"
b27f8cf1-40f4-4ce2-bbf1-2f3742dbde41,"Containers & Packaging","Soap & Bar Moulds","HIGH","Matched type Soap Mould"
03eb56df-7efd-4573-9416-1f3cc64a4c55,"Eco-Resin & Stone Moulds","General Silicone Moulds","HIGH","Matched type General Mould"
31f6a5c0-217f-4caf-b1e2-3c6f1ff73ded,"Containers & Packaging","Candle & Pillar Moulds","HIGH","Matched type Candle Mould"
1fc9731f-4970-49a6-b600-2e183bc2c9ef,"Containers & Packaging","General Silicone Moulds","HIGH","Matched type General Mould"
b8176f7d-e4e0-4dd4-9188-cbb507b7d724,"Containers & Packaging","Candle & Pillar Moulds","HIGH","Matched type Candle Mould"
66eaf5d3-52a2-44f0-b6d2-531f52b8ebbd,"Containers & Packaging","General Silicone Moulds","HIGH","Matched type General Mould"
d79b5c6c-dc4c-4e0f-922d-af8c4bbddafa,"Eco-Resin & Stone Moulds","General Silicone Moulds","HIGH","Matched type General Mould"
ce4472b0-54ec-4eb8-8416-6c71d79cefd3,"Eco-Resin & Stone Moulds","General Silicone Moulds","HIGH","Matched type General Mould"
e8df38bf-3fde-43ad-9d05-cbb644059e8b,"Containers & Packaging","Candle & Pillar Moulds","HIGH","Matched type Candle Mould"
e7789fb8-7049-4f15-84c4-e186c4fdb423,"General Silicone Moulds","Containers & Packaging","HIGH","Matched type Bottle/Container"
bbbb1933-7c29-4bb0-867a-4b80af1d1cbd,"Containers & Packaging","Candle & Pillar Moulds","HIGH","Matched type Candle Mould"
327207ce-7944-4394-8e75-04c619e82f29,"Containers & Packaging","Candle & Pillar Moulds","HIGH","Matched type Candle Mould"
aae817dc-29b6-48b1-982f-f3c31b94d058,"Candle & Pillar Moulds","Soap & Bar Moulds","HIGH","Matched type Soap Mould"
b5208ddd-a7b9-4ed9-8106-a6da9a0a9453,"Containers & Packaging","General Silicone Moulds","HIGH","Matched type General Mould"
636da964-004a-4679-b718-c4c45aca5574,"Containers & Packaging","Eco-Resin & Stone Moulds","HIGH","Matched type Resin/Concrete Mould"
6fbb4258-becd-4abe-bbc6-97a4cb8ef682,"Candle & Pillar Moulds","Containers & Packaging","HIGH","Matched type Bottle/Container"
01d3d707-a82a-4071-80c8-973a9fedf85b,"Containers & Packaging","General Silicone Moulds","HIGH","Matched type General Mould"
897effbc-9706-4667-9970-1d48a924b6d4,"Candle & Pillar Moulds","Premium Bases & Waxes","HIGH","Matched type Wax/Base"
b3a5d831-fc88-4f94-a59d-0978382c41a7,"Containers & Packaging","Candle & Pillar Moulds","HIGH","Matched type Candle Mould"
3b74559f-f145-44e8-85ea-58176ee09e28,"Containers & Packaging","Eco-Resin & Stone Moulds","HIGH","Matched type Resin/Concrete Mould"
094e4cbb-5d9b-4a3e-9db6-322af78d7282,"Candle & Pillar Moulds","Eco-Resin & Stone Moulds","HIGH","Matched type Resin/Concrete Mould"
fa86803b-566a-49d7-a2d5-d0dbbb4de817,"Containers & Packaging","Eco-Resin & Stone Moulds","HIGH","Matched type Resin/Concrete Mould"
34a3bd2f-d47f-4bfd-8654-fb8f66765bee,"Containers & Packaging","Soap & Bar Moulds","HIGH","Matched type Soap Mould"
8f617837-71f7-4381-80dd-a29514ee7ff1,"Containers & Packaging","Candle & Pillar Moulds","HIGH","Matched type Candle Mould"
745b9bf6-b90b-422c-bd88-f99535c74ef9,"Containers & Packaging","Premium Bases & Waxes","HIGH","Matched type Wax/Base"
a43a57d8-cca1-4a1e-9533-c4586e39a0c8,"Candle & Pillar Moulds","Soap & Bar Moulds","HIGH","Matched type Soap Mould"
e33e8f87-1247-4fcf-a77d-6fa5d73824d3,"Containers & Packaging","Eco-Resin & Stone Moulds","HIGH","Matched type Resin/Concrete Mould"
4ce080e8-2674-49e0-bb5d-9b19f3de5559,"Containers & Packaging","Candle & Pillar Moulds","HIGH","Matched type Candle Mould"
2120f5d6-0a20-41e4-b56f-5b0c49c7b750,"Containers & Packaging","Soap & Bar Moulds","HIGH","Matched type Soap Mould"
dfc42817-00b7-4e74-9933-df5221d36fba,"Containers & Packaging","Eco-Resin & Stone Moulds","HIGH","Matched type Resin/Concrete Mould"
5fc0b8b2-861f-4352-98da-f4b5b36ceab9,"Candle & Pillar Moulds","Eco-Resin & Stone Moulds","HIGH","Matched type Resin/Concrete Mould"
d657ee1d-05d9-4e0a-aaf5-1d1ef3039ef2,"Candle & Pillar Moulds","Eco-Resin & Stone Moulds","HIGH","Matched type Resin/Concrete Mould"
533ee160-b99e-4a21-925b-17a1e6add691,"Premium Bases & Waxes","Containers & Packaging","HIGH","Matched type Bottle/Container"
19fc1986-5fe8-4e1a-9cbe-e165035cef76,"Fragrance Oils","Eco-Resin & Stone Moulds","HIGH","Matched type Resin/Concrete Mould"
8a84a1f7-29aa-4b7a-94b4-fef8834c91b3,"Eco-Resin & Stone Moulds","Containers & Packaging","HIGH","Matched type Bottle/Container"
e3959888-26e3-46e8-b1c2-28989e5f083d,"Candle & Pillar Moulds","Eco-Resin & Stone Moulds","HIGH","Matched type Resin/Concrete Mould"
83a79eff-ccec-4fc9-839c-71598ab8f352,"Candle & Pillar Moulds","Soap & Bar Moulds","HIGH","Matched type Soap Mould"
a965d167-d93f-461f-8458-6fa5e5976db8,"Candle & Pillar Moulds","Soap & Bar Moulds","HIGH","Matched type Soap Mould"
3b409cb1-dfc8-49f1-9cbc-5e466de56228,"Candle & Pillar Moulds","Containers & Packaging","HIGH","Matched type Bottle/Container"
0d95d88e-9723-4a79-b121-6d118f9a5b3e,"Containers & Packaging","Candle & Pillar Moulds","HIGH","Matched type Candle Mould"
bada3a10-1b81-4697-956e-e0cd47a9168c,"Containers & Packaging","Eco-Resin & Stone Moulds","HIGH","Matched type Resin/Concrete Mould"
7fb1d2ef-c663-4c50-ab9e-8b11c87d0a25,"Containers & Packaging","Eco-Resin & Stone Moulds","HIGH","Matched type Resin/Concrete Mould"
e9cb7226-42a3-4de4-8db6-a356342a4ee3,"Candle & Pillar Moulds","Soap & Bar Moulds","HIGH","Matched type Soap Mould"
09d43956-2312-4867-aa83-14fa1d619ca7,"Containers & Packaging","Candle & Pillar Moulds","HIGH","Matched type Candle Mould"
2453154c-d566-4f7e-85cc-6394d71e480a,"Containers & Packaging","Eco-Resin & Stone Moulds","HIGH","Matched type Resin/Concrete Mould"
90375a24-88f4-4d97-afc7-9bbad56d6748,"Containers & Packaging","Eco-Resin & Stone Moulds","HIGH","Matched type Resin/Concrete Mould"
f8de5402-ea6a-40b8-bf07-fcb30e80e34d,"Containers & Packaging","Soap & Bar Moulds","HIGH","Matched type Soap Mould"
be79db20-0eb4-421c-96ed-60a85daef88b,"Containers & Packaging","Candle & Pillar Moulds","HIGH","Matched type Candle Mould"
60f48a36-83e6-4f39-bc62-d87c3bf1887b,"Containers & Packaging","Eco-Resin & Stone Moulds","HIGH","Matched type Resin/Concrete Mould"
b752cc9a-bc09-45f6-97b4-0d6d4197463f,"Candle & Pillar Moulds","Eco-Resin & Stone Moulds","HIGH","Matched type Resin/Concrete Mould"
a2978767-88bb-4c9d-9a90-10f6161100a2,"Containers & Packaging","General Silicone Moulds","HIGH","Matched type General Mould"
b407ae27-01ec-4a4f-9681-1db4486ba67f,"Candle & Pillar Moulds","Eco-Resin & Stone Moulds","HIGH","Matched type Resin/Concrete Mould"
50fb438b-0a97-4662-a512-3cae75360ffe,"Containers & Packaging","Candle & Pillar Moulds","HIGH","Matched type Candle Mould"
ad2f675e-d35d-415c-a183-66e6755a034f,"Containers & Packaging","Eco-Resin & Stone Moulds","HIGH","Matched type Resin/Concrete Mould"
1e1fdd20-4ffc-4a8c-8b71-83bfd69d41fb,"Eco-Resin & Stone Moulds","Premium Bases & Waxes","HIGH","Matched type Wax/Base"
a4aeb87e-d3e0-481a-9cc0-799da6ad2e9d,"Containers & Packaging","General Silicone Moulds","HIGH","Matched type General Mould"
6025e8e8-61c4-41b6-8c66-74153f4a2d85,"Containers & Packaging","Candle & Pillar Moulds","HIGH","Matched type Candle Mould"
62fd9e7d-0bbe-4901-954b-f710e54e13d5,"Candle & Pillar Moulds","Containers & Packaging","HIGH","Matched type Bottle/Container"
6dcba705-61dc-4211-871c-bca4890f322b,"Food Safe Flavour Oil","Premium Bases & Waxes","HIGH","Matched type Wax/Base"
a684458a-a9a1-4531-ac92-41858d23fb12,"Containers & Packaging","Eco-Resin & Stone Moulds","HIGH","Matched type Resin/Concrete Mould"
06290bff-22cd-4130-b39c-3ee2d2ff6611,"Eco-Resin & Stone Moulds","Soap & Bar Moulds","HIGH","Matched type Soap Mould"
8afa018c-9107-4e20-8077-b179aeae50bd,"Containers & Packaging","Candle & Pillar Moulds","HIGH","Matched type Candle Mould"
fb78374b-e8b6-482b-ae0a-374082da7717,"Candle & Pillar Moulds","Soap & Bar Moulds","HIGH","Matched type Soap Mould"
368f3d41-f913-4318-9034-8159eeb9ac39,"Premium Bases & Waxes","Soap & Bar Moulds","HIGH","Matched type Soap Mould"
7398fc5b-9aa9-4a70-bffd-7f0c3c3b8f1b,"Containers & Packaging","General Silicone Moulds","HIGH","Matched type General Mould"
f9635ade-ac4f-452c-8107-b4969d45071a,"Containers & Packaging","Candle & Pillar Moulds","HIGH","Matched type Candle Mould"
5d86bb1c-f538-4f6c-9e3d-781f3e889d54,"Containers & Packaging","Candle & Pillar Moulds","HIGH","Matched type Candle Mould"
85e93789-5d4e-416e-b939-ef7274a837f4,"Candle & Pillar Moulds","Soap & Bar Moulds","HIGH","Matched type Soap Mould"
eb9d6ec8-1469-481a-b26f-9ab73e2e71ce,"Containers & Packaging","Soap & Bar Moulds","HIGH","Matched type Soap Mould"
5fe92dd2-fb0b-48d0-85fc-b96d693db840,"Containers & Packaging","General Silicone Moulds","HIGH","Matched type General Mould"
b1c07a70-f8c0-45c7-bc7a-34b1470f81bc,"Containers & Packaging","Candle & Pillar Moulds","HIGH","Matched type Candle Mould"
10e8ac31-4fbd-46c8-aa41-7451c3079f9a,"Candle & Pillar Moulds","Soap & Bar Moulds","HIGH","Matched type Soap Mould"
1702c018-b4c4-45bc-907c-330f21ff1dab,"Candle & Pillar Moulds","Containers & Packaging","HIGH","Matched type Bottle/Container"
cc4244e8-39d5-40ef-9c00-27f30f83c6f0,"Containers & Packaging","Candle & Pillar Moulds","HIGH","Matched type Candle Mould"
fea74339-554b-4f91-9ccf-fc0ae4a71490,"Candle & Pillar Moulds","Containers & Packaging","HIGH","Matched type Bottle/Container"
78529948-8720-4bc8-a1ae-f6d5193e4933,"Candle & Pillar Moulds","Containers & Packaging","HIGH","Matched type Bottle/Container"
fb09f820-cade-44cf-bab5-a44c981f4cc4,"Containers & Packaging","Eco-Resin & Stone Moulds","HIGH","Matched type Resin/Concrete Mould"
4c71ef3b-7e1f-442c-bfa3-4a3ceec2466b,"Candle & Pillar Moulds","Soap & Bar Moulds","HIGH","Matched type Soap Mould"
e6262741-87eb-4735-a8b7-f6d2adfd1082,"Eco-Resin & Stone Moulds","General Silicone Moulds","HIGH","Matched type General Mould"
024bae78-8250-4632-a93a-168d038c3542,"Candle & Pillar Moulds","Soap & Bar Moulds","HIGH","Matched type Soap Mould"
ef17bf33-d4a9-45f3-b231-77886e4b4e3c,"Eco-Resin & Stone Moulds","Soap & Bar Moulds","HIGH","Matched type Soap Mould"
1d1b4fcf-277b-4a30-bd3c-bddbd414dfb1,"Containers & Packaging","Eco-Resin & Stone Moulds","HIGH","Matched type Resin/Concrete Mould"
8c22ad9a-84f7-4a5a-a2db-4e48dbfd370e,"Containers & Packaging","Soap & Bar Moulds","HIGH","Matched type Soap Mould"
43a2a892-4afc-4a16-bd71-3dd930b35aa1,"Eco-Resin & Stone Moulds","General Silicone Moulds","HIGH","Matched type General Mould"
37a0f296-f389-4888-b6c8-47d4b805f89a,"Candle & Pillar Moulds","Soap & Bar Moulds","HIGH","Matched type Soap Mould"
962dff0d-5363-48fc-b110-f9a32e1a7bef,"Eco-Resin & Stone Moulds","General Silicone Moulds","HIGH","Matched type General Mould"
0cfb2445-ab52-41d2-ab87-8eb04ac7ff1e,"Eco-Resin & Stone Moulds","General Silicone Moulds","HIGH","Matched type General Mould"
22040151-7130-4a9e-ac87-6e97c6950fd5,"Containers & Packaging","General Silicone Moulds","HIGH","Matched type General Mould"
ec70535a-e0a3-4a38-9d39-115128d1c044,"Containers & Packaging","Soap & Bar Moulds","HIGH","Matched type Soap Mould"
2306db9b-8b6a-47fe-b61a-ae2214e51ed5,"Fragrance Oils","Containers & Packaging","HIGH","Matched type Bottle/Container"
a5ebe9ef-31e9-46eb-9e2d-ab5b2d0cb807,"Fragrance Oils","Containers & Packaging","HIGH","Matched type Bottle/Container"
b72dd427-1b90-4098-b4cc-87a5490209d4,"Food Safe Flavour Oil","Containers & Packaging","HIGH","Matched type Bottle/Container"
ae822aff-4d9c-4500-af1d-0c78a54da240,"Fragrance Oils","Containers & Packaging","HIGH","Matched type Bottle/Container"
c2f21e35-1212-4868-b73a-bdc491798e83,"Food Safe Flavour Oil","Containers & Packaging","HIGH","Matched type Bottle/Container"
afb896c9-fd98-4d5d-bc6a-3a837c19a7e4,"Food Safe Flavour Oil","Containers & Packaging","HIGH","Matched type Bottle/Container"
06151de7-ab5f-4a6e-8e3c-2233fe7f755d,"Fragrance Oils","Containers & Packaging","HIGH","Matched type Bottle/Container"
2c1664dd-cc24-4906-aba1-51bc0b371077,"Candle & Pillar Moulds","Containers & Packaging","HIGH","Matched type Bottle/Container"
f20dcc71-fb9e-429e-9b29-558f9334f5df,"Candle & Pillar Moulds","Eco-Resin & Stone Moulds","HIGH","Matched type Resin/Concrete Mould"
f13f59c9-47c5-419f-b97d-d900e487f372,"Containers & Packaging","Eco-Resin & Stone Moulds","HIGH","Matched type Resin/Concrete Mould"
c28e28e8-1a44-4de6-b805-d6c611c59e7e,"Candle & Pillar Moulds","Eco-Resin & Stone Moulds","HIGH","Matched type Resin/Concrete Mould"
9fbe908b-85d6-4ebf-af86-1037efc6b3db,"Candle & Pillar Moulds","Soap & Bar Moulds","HIGH","Matched type Soap Mould"
22b63e43-3653-4e17-8d04-a6af223cc3e5,"Containers & Packaging","General Silicone Moulds","HIGH","Matched type General Mould"
5ea08d8a-752a-4c6f-9116-f708760a28a0,"Eco-Resin & Stone Moulds","Soap & Bar Moulds","HIGH","Matched type Soap Mould"
f3709ca1-7675-4006-b53c-559968d3fab5,"Eco-Resin & Stone Moulds","Premium Bases & Waxes","HIGH","Matched type Wax/Base"
c089e580-75c5-4a4d-bb78-f8b9ce04acdf,"Eco-Resin & Stone Moulds","General Silicone Moulds","HIGH","Matched type General Mould"
ea941c8c-af65-4c5f-98f3-ee18df9b7cc3,"Eco-Resin & Stone Moulds","General Silicone Moulds","HIGH","Matched type General Mould"
7703f5a4-3271-477f-a479-575010f3846c,"Eco-Resin & Stone Moulds","General Silicone Moulds","HIGH","Matched type General Mould"
054f6d05-08b0-4101-ab36-1fa532e84ca7,"Containers & Packaging","General Silicone Moulds","HIGH","Matched type General Mould"
1715b467-665d-4ee9-bb82-9181cf998859,"Eco-Resin & Stone Moulds","General Silicone Moulds","HIGH","Matched type General Mould"
08110e73-079c-4735-8bfc-487e1219e9c8,"Fragrance Oils","Containers & Packaging","HIGH","Matched type Bottle/Container"
a14448a3-7a37-4ef9-ab74-542cf13daf94,"Containers & Packaging","General Silicone Moulds","HIGH","Matched type General Mould"
5c31bd37-0277-4d3d-bbca-3f07fa9513ae,"Food Safe Flavour Oil","Containers & Packaging","HIGH","Matched type Bottle/Container"
aa41850a-6df7-4be7-80fa-57d30e093ca5,"Candle & Pillar Moulds","Soap & Bar Moulds","HIGH","Matched type Soap Mould"
1b00a6e7-3e62-425a-b2e0-0580e51e76f0,"Eco-Resin & Stone Moulds","Containers & Packaging","HIGH","Matched type Bottle/Container"
ca31cea9-534a-40fc-9e3f-04c4f66d5219,"Fragrance Oils","Essential Oils","HIGH","Matched type Essential Oil"
f4d7795e-0e9e-48b3-9d97-d4e7dab627ad,"Containers & Packaging","Candle & Pillar Moulds","HIGH","Matched type Candle Mould"
d8f08cb3-81eb-4b79-bbe7-6bdd23092a6a,"Containers & Packaging","Eco-Resin & Stone Moulds","HIGH","Matched type Resin/Concrete Mould"
dfca80de-61c7-4d2b-948b-4b97cfc06afc,"General Silicone Moulds","Candle Making Accessories","HIGH","Matched type Accessory/Tool"
7e2da8a3-84e1-4a34-9551-3915b054af93,"Soap & Bar Moulds","Candle Making Accessories","HIGH","Matched type Accessory/Tool"
35ab3085-80c4-47df-8aa9-9123debc2aac,"Fragrance Oils","Containers & Packaging","HIGH","Matched type Bottle/Container"
0da087da-792f-4c7d-8e52-7f8cba35a5ac,"Containers & Packaging","Eco-Resin & Stone Moulds","HIGH","Matched type Resin/Concrete Mould"
cc60bebd-7e7e-470f-bdec-d933716df65d,"General Silicone Moulds","Containers & Packaging","HIGH","Matched type Bottle/Container"
68b8c1a4-aac6-4b60-9f93-560aac2a3f53,"Food Safe Flavour Oil","Containers & Packaging","HIGH","Matched type Bottle/Container"
2be682ab-7e8d-4824-8855-3f1d6b89a7b2,"Candle & Pillar Moulds","Containers & Packaging","HIGH","Matched type Bottle/Container"
1c2a7b73-e4e2-449a-bf22-cb472423dd41,"Fragrance Oils","Containers & Packaging","HIGH","Matched type Bottle/Container"
573ea6f3-b027-4efd-89a6-ed7eb5cf37ea,"Fragrance Oils","Containers & Packaging","HIGH","Matched type Bottle/Container"
e70f5509-8d4c-493d-b519-a1c724193d74,"Premium Bases & Waxes","Candle Making Accessories","HIGH","Matched type Wick/Tool"
0c5a0bc3-4911-4361-8fec-bb39760920f9,"Containers & Packaging","Candle Making Accessories","HIGH","Matched type Accessory/Tool"
595c143e-a56e-4923-af27-9d39be347e44,"Fragrance Oils","Containers & Packaging","HIGH","Matched type Bottle/Container"
a618cbd5-db7f-48c9-9d85-335b28d294f0,"Fragrance Oils","Containers & Packaging","HIGH","Matched type Bottle/Container"
d772c6f0-a32b-4a66-8389-2c65fdd82cf3,"General Silicone Moulds","Candle Making Accessories","HIGH","Matched type Accessory/Tool"
3dab6b9e-749a-4fce-b7e0-59003729219e,"General Silicone Moulds","Candle Making Accessories","HIGH","Matched type Accessory/Tool"
49d67b97-6497-48d6-b62f-8943b8d79256,"Fragrance Oils","Containers & Packaging","HIGH","Matched type Bottle/Container"
43728b73-b759-41f8-8a15-1ee14219b7de,"Fragrance Oils","Containers & Packaging","HIGH","Matched type Bottle/Container"
72dee750-5f95-41cd-aa82-d9b2c51bd90b,"Containers & Packaging","General Silicone Moulds","HIGH","Matched type General Mould"
af5ae958-ca0d-4937-b484-5e6234e9f69f,"Candle & Pillar Moulds","Containers & Packaging","HIGH","Matched type Bottle/Container"
bd448e2b-ce0f-45dc-841f-558c856f9a76,"Pigments & Colors","Candle Making Accessories","HIGH","Matched type Accessory/Tool"
6b10dbe5-7aa6-442a-820d-42c3f0ffa873,"Food Safe Flavour Oil","Containers & Packaging","HIGH","Matched type Bottle/Container"
bd8473d6-26a6-40dc-b0bd-d2e7a82daba7,"General Silicone Moulds","Candle Making Accessories","HIGH","Matched type Accessory/Tool"
4d011d02-d1fd-4322-af81-2a0bf6124a66,"Food Safe Flavour Oil","General Silicone Moulds","HIGH","Matched type General Mould"
bf60f166-8f07-4da3-b232-1970ec49656c,"Candle & Pillar Moulds","Soap & Bar Moulds","HIGH","Matched type Soap Mould"
f32bf738-40c5-483a-bcad-74395de37148,"Candle & Pillar Moulds","Soap & Bar Moulds","HIGH","Matched type Soap Mould"
2a592c50-f996-4f99-a616-76e6d0082bd6,"Candle & Pillar Moulds","Soap & Bar Moulds","HIGH","Matched type Soap Mould"
d13bba2a-6e66-41ff-a505-5fa1a733c16c,"Candle & Pillar Moulds","Soap & Bar Moulds","HIGH","Matched type Soap Mould"
e84435e2-4adf-4ff0-ba45-b7006aa3b8ec,"Food Safe Flavour Oil","Containers & Packaging","HIGH","Matched type Bottle/Container"
37eb5b63-f0f1-46b4-91bb-9c3496b0d61d,"Fragrance Oils","Containers & Packaging","HIGH","Matched type Bottle/Container"
c28f6edc-0971-47ff-92f9-bcc5c7a1423e,"Food Safe Flavour Oil","Containers & Packaging","HIGH","Matched type Bottle/Container"
6bef5651-b90f-4495-aaea-559a393f528d,"Fragrance Oils","Containers & Packaging","HIGH","Matched type Bottle/Container"
12a56fea-d872-4b16-a82f-9ab3f1a60c28,"General Silicone Moulds","Premium Bases & Waxes","HIGH","Matched type Wax/Base"
9ed468dd-491b-4a2b-8954-b85610d401a5,"Soap & Bar Moulds","Fragrance Oils","HIGH","Matched type Fragrance Oil"
8ff9938d-b262-46b7-a7a6-edc1e075e43e,"Containers & Packaging","Soap & Bar Moulds","HIGH","Matched type Soap Mould"
381fbe5c-612e-411a-8d98-b74549e9e161,"Candle & Pillar Moulds","Soap & Bar Moulds","HIGH","Matched type Soap Mould"
7bc2856b-c9a0-4b44-9a55-5b807af21911,"Candle & Pillar Moulds","Soap & Bar Moulds","HIGH","Matched type Soap Mould"
f3a14498-f065-4e0b-be46-fcdb7bd61875,"Candle & Pillar Moulds","Soap & Bar Moulds","HIGH","Matched type Soap Mould"
d33481f6-a51d-4250-8071-93e5d3a02380,"Candle & Pillar Moulds","Soap & Bar Moulds","HIGH","Matched type Soap Mould"
d9e32c8e-a0a5-4441-af19-951931285d21,"Candle & Pillar Moulds","Soap & Bar Moulds","HIGH","Matched type Soap Mould"
e1f60292-3b94-46c8-bdd3-d49405f93329,"Containers & Packaging","Eco-Resin & Stone Moulds","HIGH","Matched type Resin/Concrete Mould"
aa16160a-4030-465b-8492-7df01dd9d65d,"Candle & Pillar Moulds","General Silicone Moulds","HIGH","Matched type General Mould"
72db6dff-bbdd-4ca4-9bea-b0705d79667e,"General Silicone Moulds","Containers & Packaging","HIGH","Matched type Bottle/Container"
94f458d1-1207-43e2-994f-fd2e08bdf9ff,"Candle & Pillar Moulds","Containers & Packaging","HIGH","Matched type Bottle/Container"
4235555d-425f-4914-b79d-b16cbae4df91,"Fragrance Oils","Containers & Packaging","HIGH","Matched type Bottle/Container"
ac6ba9a0-5b2d-4302-8711-1240d8e482bc,"Food Safe Flavour Oil","Containers & Packaging","HIGH","Matched type Bottle/Container"
ec7a4a72-29a4-48f2-b2f2-320f312ce154,"Food Safe Flavour Oil","Containers & Packaging","HIGH","Matched type Bottle/Container"
95300a02-90ed-41e4-afa1-00f97f2c9aed,"Food Safe Flavour Oil","General Silicone Moulds","HIGH","Matched type General Mould"
915362d3-f6a5-4778-af86-d7e1aa8a4906,"Pigments & Colors","Containers & Packaging","HIGH","Matched type Bottle/Container"
f32ae85c-f364-4162-a878-3f54367d1a81,"Containers & Packaging","General Silicone Moulds","HIGH","Matched type General Mould"
548a27e9-3f8b-44fb-8410-3b085a01a5da,"General Silicone Moulds","Fragrance Oils","HIGH","Matched type Fragrance Oil"
de9a9ee4-ffd3-434b-8416-5e217ca0517d,"Pigments & Colors","Containers & Packaging","HIGH","Matched type Bottle/Container"
574b3236-c3a2-4358-81ec-72ef3fa8a988,"Pigments & Colors","Containers & Packaging","HIGH","Matched type Bottle/Container"
17e07eea-13cf-4b9b-94ff-5f9b0d9f1ba4,"Pigments & Colors","Premium Bases & Waxes","HIGH","Matched type Wax/Base"
7ac6e457-d99b-495c-9fe0-99c18c7e08cb,"General Silicone Moulds","Fragrance Oils","HIGH","Matched type Fragrance Oil"
a3923bfa-b9a3-41a3-be61-a8fdb36fafce,"General Silicone Moulds","Fragrance Oils","HIGH","Matched type Fragrance Oil"
57ddec37-8a45-47f6-9037-fc92af5d7289,"General Silicone Moulds","Fragrance Oils","HIGH","Matched type Fragrance Oil"
84755fcf-3b7c-4540-baf1-5acdf84e6634,"General Silicone Moulds","Fragrance Oils","HIGH","Matched type Fragrance Oil"
a2601600-347c-42e4-88fa-1ce72a4d1990,"General Silicone Moulds","Fragrance Oils","HIGH","Matched type Fragrance Oil"
33725b24-e4cb-47ba-ac0f-6f1a537bb740,"General Silicone Moulds","Fragrance Oils","HIGH","Matched type Fragrance Oil"
02cb30b7-39ed-40e9-b2c0-043d35a02752,"General Silicone Moulds","Fragrance Oils","HIGH","Matched type Fragrance Oil"
fafcbd4d-b094-4550-8aa0-5b2ee510b60b,"General Silicone Moulds","Fragrance Oils","HIGH","Matched type Fragrance Oil"
e10a7963-b020-480b-a1eb-64a26a98a228,"General Silicone Moulds","Fragrance Oils","HIGH","Matched type Fragrance Oil"
9deefa81-14b6-457c-8449-da061169adf5,"General Silicone Moulds","Fragrance Oils","HIGH","Matched type Fragrance Oil"
199a820a-c645-4bad-87d4-c439250912b5,"General Silicone Moulds","Fragrance Oils","HIGH","Matched type Fragrance Oil"
335fd662-cc83-4348-a9fb-82696af40124,"General Silicone Moulds","Fragrance Oils","HIGH","Matched type Fragrance Oil"
717f3832-74bd-4981-a41a-47ca8dbfe233,"General Silicone Moulds","Fragrance Oils","HIGH","Matched type Fragrance Oil"
516ba148-a902-48a5-bac4-30148f6f2e97,"General Silicone Moulds","Fragrance Oils","HIGH","Matched type Fragrance Oil"
d4b31bb3-c080-4741-8602-d975f5ec56d5,"General Silicone Moulds","Fragrance Oils","HIGH","Matched type Fragrance Oil"
43b77897-d015-481a-b6ca-8eca345b7d6c,"General Silicone Moulds","Fragrance Oils","HIGH","Matched type Fragrance Oil"
855d92c5-8d67-4de7-b217-522e1bd82cd0,"General Silicone Moulds","Fragrance Oils","HIGH","Matched type Fragrance Oil"
cb5ad37c-671f-4d36-bdc0-25387e1fa9f4,"General Silicone Moulds","Fragrance Oils","HIGH","Matched type Fragrance Oil"
8da39e25-5d82-450f-9d8e-ba98225aae96,"General Silicone Moulds","Fragrance Oils","HIGH","Matched type Fragrance Oil"
7cfd1c52-8dfa-484a-aba6-b4a92c77126d,"General Silicone Moulds","Fragrance Oils","HIGH","Matched type Fragrance Oil"
f8317cb0-8d05-41b7-a10f-7656b145d451,"General Silicone Moulds","Fragrance Oils","HIGH","Matched type Fragrance Oil"
3452730e-3d99-4864-8a0f-5335d3e92dad,"General Silicone Moulds","Fragrance Oils","HIGH","Matched type Fragrance Oil"
f807ca38-7787-4cc8-8f09-e012ef4a1a86,"General Silicone Moulds","Fragrance Oils","HIGH","Matched type Fragrance Oil"
6698fea2-4a57-430d-a1b5-416df275b87b,"General Silicone Moulds","Fragrance Oils","HIGH","Matched type Fragrance Oil"
1fce8478-8ae3-4589-82d0-fc564f3821cc,"General Silicone Moulds","Fragrance Oils","HIGH","Matched type Fragrance Oil"
acdb04c3-95ab-4625-b06c-e671bd775504,"General Silicone Moulds","Fragrance Oils","HIGH","Matched type Fragrance Oil"
e8e555a1-f7a8-4b8b-b025-b74ee074d038,"General Silicone Moulds","Fragrance Oils","HIGH","Matched type Fragrance Oil"
746da3aa-cde1-43d8-a4d5-895bd82c9381,"General Silicone Moulds","Fragrance Oils","HIGH","Matched type Fragrance Oil"
faa01032-b8a2-4672-84da-8aa82a101e83,"General Silicone Moulds","Fragrance Oils","HIGH","Matched type Fragrance Oil"
e9fba3f1-df9f-44e0-9da5-a05a694ccc2b,"General Silicone Moulds","Fragrance Oils","HIGH","Matched type Fragrance Oil"
c3c43ed8-f9f2-43b3-ae88-0c2b95c25d60,"General Silicone Moulds","Fragrance Oils","HIGH","Matched type Fragrance Oil"
088378bc-7710-46d8-9d26-bf54f5d5a81b,"General Silicone Moulds","Fragrance Oils","HIGH","Matched type Fragrance Oil"
6305448c-8033-4f03-89be-6436812134f5,"General Silicone Moulds","Fragrance Oils","HIGH","Matched type Fragrance Oil"
a7b6e44d-1be7-461f-908a-9470af58f38d,"General Silicone Moulds","Fragrance Oils","HIGH","Matched type Fragrance Oil"
93f6cdef-f1f7-4022-95c9-da675e86e5d7,"General Silicone Moulds","Fragrance Oils","HIGH","Matched type Fragrance Oil"
53e26098-a7c1-4c51-821f-3b45dcaa8a50,"General Silicone Moulds","Fragrance Oils","HIGH","Matched type Fragrance Oil"
a4aae0ea-2469-4aff-819d-4b1d2c9ba860,"General Silicone Moulds","Fragrance Oils","HIGH","Matched type Fragrance Oil"
8e97c0bc-2a55-4ab6-8557-8835d5b03e94,"General Silicone Moulds","Fragrance Oils","HIGH","Matched type Fragrance Oil"
33ad425d-c90a-4966-bd74-0c1bd44fd28f,"General Silicone Moulds","Fragrance Oils","HIGH","Matched type Fragrance Oil"
9691f9d7-5e4b-4b85-925d-02609066c51d,"General Silicone Moulds","Fragrance Oils","HIGH","Matched type Fragrance Oil"
e0c7bd48-45fd-4ac0-a37c-6b2f1e16b007,"General Silicone Moulds","Fragrance Oils","HIGH","Matched type Fragrance Oil"
3b4c6c06-5d7c-4e0e-94ae-45c1e600b4ad,"General Silicone Moulds","Fragrance Oils","HIGH","Matched type Fragrance Oil"
a1a34cb6-7cfc-4118-8217-fc13aef94308,"General Silicone Moulds","Fragrance Oils","HIGH","Matched type Fragrance Oil"
a7d03e8a-95d7-44f9-9278-4222f7cf610b,"General Silicone Moulds","Fragrance Oils","HIGH","Matched type Fragrance Oil"
0e5eb880-b083-4e11-8467-a8f77d2fce81,"General Silicone Moulds","Fragrance Oils","HIGH","Matched type Fragrance Oil"
460f0898-2586-4d79-a807-e850e7f6b094,"General Silicone Moulds","Fragrance Oils","HIGH","Matched type Fragrance Oil"
8690ecdb-4186-42dc-90c7-0e8cd1745c4f,"General Silicone Moulds","Fragrance Oils","HIGH","Matched type Fragrance Oil"
10a3b96b-aab0-4711-8fe8-8980db3c2c8c,"General Silicone Moulds","Fragrance Oils","HIGH","Matched type Fragrance Oil"
0b257fcb-9640-4fb4-bcc1-af5805c9ddd4,"General Silicone Moulds","Fragrance Oils","HIGH","Matched type Fragrance Oil"
0f01f21d-2dc0-4628-ab32-8f79e35d7ff2,"General Silicone Moulds","Fragrance Oils","HIGH","Matched type Fragrance Oil"
592b985e-9ddd-4949-bfc0-147e11c782f2,"General Silicone Moulds","Fragrance Oils","HIGH","Matched type Fragrance Oil"
7bce5574-a0a2-403a-ab04-874d5262f686,"General Silicone Moulds","Fragrance Oils","HIGH","Matched type Fragrance Oil"
7d3e5c40-c425-4233-8498-a7ebd6427d6f,"General Silicone Moulds","Fragrance Oils","HIGH","Matched type Fragrance Oil"
ad319e28-6141-4e4e-902a-ef2d0b453500,"General Silicone Moulds","Fragrance Oils","HIGH","Matched type Fragrance Oil"
26b186d8-07b8-43e7-a5da-8709856cf620,"General Silicone Moulds","Fragrance Oils","HIGH","Matched type Fragrance Oil"
c7d11ed1-3bd2-47c2-8c09-341c79fc0c23,"General Silicone Moulds","Fragrance Oils","HIGH","Matched type Fragrance Oil"
15ec85aa-71a8-4b23-853e-2bdad7841db3,"General Silicone Moulds","Fragrance Oils","HIGH","Matched type Fragrance Oil"
96f59049-6683-4949-9922-5b0250a96a2e,"General Silicone Moulds","Fragrance Oils","HIGH","Matched type Fragrance Oil"
3f8280fe-0091-4f2f-94b1-7b46cd7ec9dc,"General Silicone Moulds","Fragrance Oils","HIGH","Matched type Fragrance Oil"
48413efe-cda8-4391-b1cd-41297f7f3e25,"General Silicone Moulds","Fragrance Oils","HIGH","Matched type Fragrance Oil"
2a48bde5-5058-42a0-bcfc-29c9d618a8a6,"General Silicone Moulds","Fragrance Oils","HIGH","Matched type Fragrance Oil"
46e46c56-36b2-47af-960d-045050ed65e0,"General Silicone Moulds","Fragrance Oils","HIGH","Matched type Fragrance Oil"
a1b41117-28a5-4dc5-861a-bd789905ce35,"General Silicone Moulds","Fragrance Oils","HIGH","Matched type Fragrance Oil"
72edc075-63cd-4a68-b05d-0ba5025358e4,"General Silicone Moulds","Fragrance Oils","HIGH","Matched type Fragrance Oil"
11cea408-4220-48b2-aebd-e446e7c2334c,"General Silicone Moulds","Fragrance Oils","HIGH","Matched type Fragrance Oil"
fcc600e3-2ee0-41ba-b285-813be5805c7c,"General Silicone Moulds","Fragrance Oils","HIGH","Matched type Fragrance Oil"
50b1bee1-2f25-406b-9d16-dc036a094976,"General Silicone Moulds","Fragrance Oils","HIGH","Matched type Fragrance Oil"
cd1a9f2a-d02a-46af-9a08-b14254df8c83,"General Silicone Moulds","Fragrance Oils","HIGH","Matched type Fragrance Oil"
da6e67c8-0f9c-441f-9781-a43fb08e0dcd,"General Silicone Moulds","Fragrance Oils","HIGH","Matched type Fragrance Oil"
86ad858a-5b70-4699-b8f3-3ade6457f97d,"General Silicone Moulds","Fragrance Oils","HIGH","Matched type Fragrance Oil"
f49fc2a0-1dde-4ed4-be5d-68becfe542f3,"General Silicone Moulds","Fragrance Oils","HIGH","Matched type Fragrance Oil"
71cf5078-8540-4bbc-ac82-f39029d96912,"General Silicone Moulds","Fragrance Oils","HIGH","Matched type Fragrance Oil"
89c4521f-81bd-4445-94d1-e8c6478d2a89,"General Silicone Moulds","Fragrance Oils","HIGH","Matched type Fragrance Oil"
cba46997-20f9-46bd-ac31-7f173f90f300,"General Silicone Moulds","Fragrance Oils","HIGH","Matched type Fragrance Oil"
37c2ed16-4b1d-4713-ae79-eb22a1ac9a8f,"General Silicone Moulds","Fragrance Oils","HIGH","Matched type Fragrance Oil"
b4f1aa99-01bc-4157-ad1e-c2f497511c43,"General Silicone Moulds","Fragrance Oils","HIGH","Matched type Fragrance Oil"
f16d4e57-cb57-4034-83b0-5f8d5e3804dc,"General Silicone Moulds","Fragrance Oils","HIGH","Matched type Fragrance Oil"
d64ee318-f8ec-4168-a809-eb53e2ff98ce,"General Silicone Moulds","Fragrance Oils","HIGH","Matched type Fragrance Oil"
7a147a64-7871-499f-be16-3146af10cf34,"General Silicone Moulds","Fragrance Oils","HIGH","Matched type Fragrance Oil"
3b7b8be6-3cf4-4929-b05b-356d563c26a6,"General Silicone Moulds","Fragrance Oils","HIGH","Matched type Fragrance Oil"
fcbfa2e4-695e-417f-b385-d158b8d5eaf5,"General Silicone Moulds","Fragrance Oils","HIGH","Matched type Fragrance Oil"
fa954c61-0c4d-41c6-86c5-15b9be3c6ba0,"General Silicone Moulds","Fragrance Oils","HIGH","Matched type Fragrance Oil"
d51dad75-19a6-49e1-816b-d73ff052657b,"General Silicone Moulds","Fragrance Oils","HIGH","Matched type Fragrance Oil"
43871443-6861-4c93-8ce4-d1272c3c845b,"General Silicone Moulds","Fragrance Oils","HIGH","Matched type Fragrance Oil"
66717e74-7d69-496c-9eca-6c6c3cfc6dec,"General Silicone Moulds","Fragrance Oils","HIGH","Matched type Fragrance Oil"
38005838-75ea-4299-ada7-c61c959f9b30,"General Silicone Moulds","Fragrance Oils","HIGH","Matched type Fragrance Oil"
ff64b939-eea7-4a12-b52e-51f4638f6e3b,"General Silicone Moulds","Fragrance Oils","HIGH","Matched type Fragrance Oil"
b1398ed7-afce-4a08-8ef1-3a2e0c03eb7b,"General Silicone Moulds","Fragrance Oils","HIGH","Matched type Fragrance Oil"
2ba862b9-cbed-4815-9d94-a9d8b6a9cf21,"General Silicone Moulds","Fragrance Oils","HIGH","Matched type Fragrance Oil"
9fb7dc22-e1f2-44a3-b697-7a45e739d8b8,"General Silicone Moulds","Fragrance Oils","HIGH","Matched type Fragrance Oil"
41381d5b-4bd9-4250-b761-1bd49ff1228e,"General Silicone Moulds","Fragrance Oils","HIGH","Matched type Fragrance Oil"
5871e025-19c9-44b7-9309-81830ed6d4c0,"General Silicone Moulds","Fragrance Oils","HIGH","Matched type Fragrance Oil"
30867700-09db-41b0-9ab6-3786fe0a0812,"General Silicone Moulds","Fragrance Oils","HIGH","Matched type Fragrance Oil"
74b51e9c-ffa0-4ffc-bf8e-a71fc1cf3ef7,"Fragrance Oils","Containers & Packaging","HIGH","Matched type Bottle/Container"
e1150b3e-30eb-4e34-9d6d-2b4a867099a8,"Fragrance Oils","Premium Bases & Waxes","HIGH","Matched type Wax/Base"
acfee1be-0d52-4029-812d-4eba33872148,"Fragrance Oils","Containers & Packaging","HIGH","Matched type Bottle/Container"
b6204b27-98c5-4cd1-af73-916ac7d28ea9,"General Silicone Moulds","Fragrance Oils","HIGH","Matched type Fragrance Oil"
ddb69179-03b9-4851-9d2b-c011adc32990,"General Silicone Moulds","Fragrance Oils","HIGH","Matched type Fragrance Oil"
afa5bfdd-fd94-4314-a081-56e129f62354,"General Silicone Moulds","Fragrance Oils","HIGH","Matched type Fragrance Oil"
937060de-fcdc-43d0-8833-91b7b87af804,"General Silicone Moulds","Fragrance Oils","HIGH","Matched type Fragrance Oil"
97e785b5-7a64-473c-9ffd-57a4cb1a7419,"General Silicone Moulds","Fragrance Oils","HIGH","Matched type Fragrance Oil"
7ce30741-d9fa-41ad-a853-66fb5d2097bd,"General Silicone Moulds","Fragrance Oils","HIGH","Matched type Fragrance Oil"
db937803-871f-4c3c-a709-6c4eaf0e6349,"General Silicone Moulds","Fragrance Oils","HIGH","Matched type Fragrance Oil"
9b975a3f-b469-4f48-81fc-7de05583cac7,"General Silicone Moulds","Fragrance Oils","HIGH","Matched type Fragrance Oil"
53e0bdcf-c68b-4cb9-a7ca-f14412712a50,"General Silicone Moulds","Fragrance Oils","HIGH","Matched type Fragrance Oil"
77c663b1-10cb-48e4-b6ca-129b6118d293,"General Silicone Moulds","Fragrance Oils","HIGH","Matched type Fragrance Oil"
83f29656-f738-4902-ba9d-8aaa3fd2363b,"General Silicone Moulds","Fragrance Oils","HIGH","Matched type Fragrance Oil"
ccc7b847-457c-4e48-8cd0-163049435f3e,"General Silicone Moulds","Fragrance Oils","HIGH","Matched type Fragrance Oil"
e1cf18f9-9e11-437e-bb02-a38ff861a89f,"General Silicone Moulds","Fragrance Oils","HIGH","Matched type Fragrance Oil"
afeafe29-c28c-400d-9f15-227dd3278337,"General Silicone Moulds","Fragrance Oils","HIGH","Matched type Fragrance Oil"
c3a51971-c087-410f-b212-f4cbff9d3e04,"General Silicone Moulds","Fragrance Oils","HIGH","Matched type Fragrance Oil"
e975502a-09d8-4c19-861a-20e8bf771341,"General Silicone Moulds","Fragrance Oils","HIGH","Matched type Fragrance Oil"
41b0641d-b526-4360-9a0c-cddc512826c4,"General Silicone Moulds","Fragrance Oils","HIGH","Matched type Fragrance Oil"
0234b7c3-fa09-49c6-a0d2-08b09d3f153b,"General Silicone Moulds","Containers & Packaging","HIGH","Matched type Bottle/Container"
ed1ddea3-1e1e-4bc8-b26a-11c3a4ecd1c4,"Pigments & Colors","Fragrance Oils","HIGH","Matched type Fragrance Oil"
4ab3f011-eb41-4453-a0c1-cfe12ca00632,"General Silicone Moulds","Containers & Packaging","HIGH","Matched type Bottle/Container"
7ab3bb86-6850-4a9f-8035-be22571827f8,"General Silicone Moulds","Containers & Packaging","HIGH","Matched type Bottle/Container"
f90d600a-4280-45f8-850c-179ae0192baa,"General Silicone Moulds","Premium Bases & Waxes","HIGH","Matched type Wax/Base"
a62c0cc4-fbe6-4bdc-a0a3-ccf2a4763ec1,"Pigments & Colors","Containers & Packaging","HIGH","Matched type Bottle/Container"
00478f93-6dfb-4688-96ca-6de2e33bbc52,"General Silicone Moulds","Premium Bases & Waxes","HIGH","Matched type Wax/Base"
26bd273e-c550-472c-a49b-9147cc54ee96,"General Silicone Moulds","Premium Bases & Waxes","HIGH","Matched type Wax/Base"
fa3b7ebf-2e1d-4d76-a876-1c763b1383b8,"General Silicone Moulds","Premium Bases & Waxes","HIGH","Matched type Wax/Base"
7c943106-207e-450d-8bc1-5c8cc2de02ea,"General Silicone Moulds","Premium Bases & Waxes","HIGH","Matched type Wax/Base"
f87b3d49-599f-487d-8a4b-ae4acdf155c7,"General Silicone Moulds","Premium Bases & Waxes","HIGH","Matched type Wax/Base"
c97398c0-552c-45aa-88ea-4b2bd1c55535,"General Silicone Moulds","Premium Bases & Waxes","HIGH","Matched type Wax/Base"
db0d82f2-24d9-47b9-8e74-c491e56cf9f1,"General Silicone Moulds","Premium Bases & Waxes","HIGH","Matched type Wax/Base"
3481bb9a-f8e3-42d2-85a5-6777de26bd51,"General Silicone Moulds","Premium Bases & Waxes","HIGH","Matched type Wax/Base"
eeb6fb7d-03ba-4fde-a191-39d66398164f,"General Silicone Moulds","Premium Bases & Waxes","HIGH","Matched type Wax/Base"
e4bf6e51-b776-4b17-9926-5d4399404d00,"General Silicone Moulds","Premium Bases & Waxes","HIGH","Matched type Wax/Base"
1bf6122c-a6df-4344-9c2a-0d5e4c00ecfa,"General Silicone Moulds","Premium Bases & Waxes","HIGH","Matched type Wax/Base"
11135303-2808-4559-96e8-7e44971bdbd2,"General Silicone Moulds","Premium Bases & Waxes","HIGH","Matched type Wax/Base"
41d2f66b-00d6-4128-a881-6cd7a4c21f40,"General Silicone Moulds","Premium Bases & Waxes","HIGH","Matched type Wax/Base"
cf414b73-f256-4c86-9875-3f4838a49852,"General Silicone Moulds","Fragrance Oils","HIGH","Matched type Fragrance Oil"
383d1f1b-7df1-4352-9adb-d5c1d5c6c70f,"General Silicone Moulds","Premium Bases & Waxes","HIGH","Matched type Wax/Base"
4e9b9613-2981-441f-ab11-3c88928fa1f9,"General Silicone Moulds","Premium Bases & Waxes","HIGH","Matched type Wax/Base"
c296039c-ce8f-4a5f-8eac-a81a60ea402b,"General Silicone Moulds","Premium Bases & Waxes","HIGH","Matched type Wax/Base"
ad291640-85e4-4d76-b105-718497a77cd9,"General Silicone Moulds","Premium Bases & Waxes","HIGH","Matched type Wax/Base"
817a515d-224d-4ea4-ac5c-8f4872e9c36d,"Fragrance Oils","Containers & Packaging","HIGH","Matched type Bottle/Container"
44910030-aafc-42dc-9108-85bc38834989,"Fragrance Oils","Containers & Packaging","HIGH","Matched type Bottle/Container"
9daa129a-9025-49c1-995b-0e12ed6b6474,"Pigments & Colors","Containers & Packaging","HIGH","Matched type Bottle/Container"
e508851c-feb8-4091-8fbf-648afcee9889,"General Silicone Moulds","Premium Bases & Waxes","HIGH","Matched type Wax/Base"
9794eec2-6c84-4124-92b2-19b0600e9e5b,"General Silicone Moulds","Premium Bases & Waxes","HIGH","Matched type Wax/Base"
85f00369-e6b5-4c5b-8960-e3f460cf3ecc,"Fragrance Oils","Containers & Packaging","HIGH","Matched type Bottle/Container"
85259c70-aa2d-471d-8791-274e7321a675,"Containers & Packaging","Candle Making Accessories","HIGH","Matched type Accessory/Tool"
27234e4c-5e7e-4065-ac2c-a55c1811ebb5,"Fragrance Oils","Containers & Packaging","HIGH","Matched type Bottle/Container"
54e6255b-6eb0-4ce2-bd9e-fb09eb98e397,"General Silicone Moulds","Premium Bases & Waxes","HIGH","Matched type Wax/Base"
eec176bf-03f4-4a59-b349-07c14dfe80be,"General Silicone Moulds","Candle Making Accessories","HIGH","Matched type Accessory/Tool"
df8f82d2-9a84-473f-b1e5-208d84dd8af0,"General Silicone Moulds","Candle Making Accessories","HIGH","Matched type Accessory/Tool"
ee400cf8-0ab0-4c02-be3b-190c8788c531,"General Silicone Moulds","Candle Making Accessories","HIGH","Matched type Accessory/Tool"
d2c72522-d2cd-47ec-bfc7-04012ebd22e7,"General Silicone Moulds","Candle Making Accessories","HIGH","Matched type Accessory/Tool"
5980009d-ff5d-4ceb-a2be-eee438af3b7c,"General Silicone Moulds","Candle Making Accessories","HIGH","Matched type Accessory/Tool"
02d53972-dc96-42b2-b887-09eda870efd1,"General Silicone Moulds","Candle Making Accessories","HIGH","Matched type Accessory/Tool"
213969f1-9152-4a7f-b07d-d32cb6c6030a,"General Silicone Moulds","Candle Making Accessories","HIGH","Matched type Accessory/Tool"
2c412969-4230-4965-b351-d693a21b90db,"Fragrance Oils","Containers & Packaging","HIGH","Matched type Bottle/Container"
039035f4-94c1-4803-aba2-03ca5b9d4c30,"Fragrance Oils","Containers & Packaging","HIGH","Matched type Bottle/Container"
ec83ea91-d9ac-4aa5-829d-632a6e87a5b4,"Containers & Packaging","General Silicone Moulds","HIGH","Matched type General Mould"
244f4b0a-bced-44ff-8338-88fec6e6d4e2,"General Silicone Moulds","Containers & Packaging","HIGH","Matched type Bottle/Container"
b9a43ca0-e554-467b-94c1-63cef8b3e27c,"General Silicone Moulds","Fragrance Oils","HIGH","Matched type Fragrance Oil"
2a81a12d-41ca-4e5a-b3b4-917546909a1e,"Pigments & Colors","Containers & Packaging","HIGH","Matched type Bottle/Container"
5b47484e-2145-47cd-b7a8-74659499babf,"Containers & Packaging","General Silicone Moulds","HIGH","Matched type General Mould"
2bd3155d-7526-4c50-b366-7d25240972f3,"Eco-Resin & Stone Moulds","Containers & Packaging","HIGH","Matched type Bottle/Container"
672318cc-07c0-4dc0-9b40-89f2c2f39407,"Containers & Packaging","General Silicone Moulds","HIGH","Matched type General Mould"
7bd99b4d-500a-448e-8dc6-bc3863f83fb6,"Fragrance Oils","Containers & Packaging","HIGH","Matched type Bottle/Container"
a6620169-b3df-47a2-a8d6-54d81f0cf08f,"Containers & Packaging","Candle & Pillar Moulds","HIGH","Matched type Candle Mould"
c30361bb-9443-45c3-93a0-3cf3de1dbd10,"Containers & Packaging","Candle & Pillar Moulds","HIGH","Matched type Candle Mould"
b41eee49-71f8-4873-81a0-0f780f15968f,"Candle & Pillar Moulds","Containers & Packaging","HIGH","Matched type Bottle/Container"
7e771816-2617-42de-98d0-654326c262da,"General Silicone Moulds","Fragrance Oils","HIGH","Matched type Fragrance Oil"
02effeae-8fe3-43e4-9cc0-8dd8db49610b,"Containers & Packaging","Eco-Resin & Stone Moulds","HIGH","Matched type Resin/Concrete Mould"
d6901101-92ef-4e7d-b700-7fad7a82a098,"Food Safe Flavour Oil","Containers & Packaging","HIGH","Matched type Bottle/Container"
2fec087c-b070-4119-bc38-60bc1ebf99fe,"Containers & Packaging","Candle & Pillar Moulds","HIGH","Matched type Candle Mould"
6f49a413-c5e4-4db3-8bee-d649cb6a7011,"Containers & Packaging","Eco-Resin & Stone Moulds","HIGH","Matched type Resin/Concrete Mould"
f129c383-28d0-4d44-9ade-07bedba9fb00,"Containers & Packaging","Candle & Pillar Moulds","HIGH","Matched type Candle Mould"
7fe4a1d6-aa94-44c3-af89-8184d5e93a65,"Candle & Pillar Moulds","Eco-Resin & Stone Moulds","HIGH","Matched type Resin/Concrete Mould"
6c55f104-e834-40f1-b1f6-2511c44fd17c,"Candle & Pillar Moulds","Eco-Resin & Stone Moulds","HIGH","Matched type Resin/Concrete Mould"
fe5fd365-64a5-44ec-b7c0-c6cab09352e3,"Candle & Pillar Moulds","Soap & Bar Moulds","HIGH","Matched type Soap Mould"
a981e00d-8ad0-4de6-bba2-e1826b19121f,"General Silicone Moulds","Fragrance Oils","HIGH","Matched type Fragrance Oil"
d0fd2d07-a1fb-4874-b153-27503e0b2596,"Containers & Packaging","General Silicone Moulds","HIGH","Matched type General Mould"
f6776798-6937-41a7-b876-34f47e7954a9,"Candle & Pillar Moulds","Soap & Bar Moulds","HIGH","Matched type Soap Mould"
f28231d1-e32f-4e97-85ed-da5cfd1287e5,"Food Safe Flavour Oil","Containers & Packaging","HIGH","Matched type Bottle/Container"
1e970d4a-533b-47fa-abbe-296919273544,"Candle & Pillar Moulds","General Silicone Moulds","HIGH","Matched type General Mould"
61ab946b-b592-4b5a-ba35-419c9cd6c481,"Fragrance Oils","Essential Oils","HIGH","Matched type Essential Oil"
fa4e9e70-f0d8-47f4-b858-64e0f703e748,"Fragrance Oils","Containers & Packaging","HIGH","Matched type Bottle/Container"
5c3bc16d-4c3b-4061-b548-5779c6c80bc1,"Containers & Packaging","Candle & Pillar Moulds","HIGH","Matched type Candle Mould"
f0b8d32e-9302-419f-a756-3079e3453e81,"Containers & Packaging","Eco-Resin & Stone Moulds","HIGH","Matched type Resin/Concrete Mould"
ab9f9f8d-f914-4f71-b09c-964dad614f7e,"General Silicone Moulds","Candle Making Accessories","HIGH","Matched type Accessory/Tool"
5f1a383d-8516-440d-bb5e-9db4af658222,"Soap & Bar Moulds","Candle Making Accessories","HIGH","Matched type Accessory/Tool"
518aed5e-fa31-4d9c-ae57-149d1f7c3f97,"General Silicone Moulds","Fragrance Oils","HIGH","Matched type Fragrance Oil"
fda9fdbd-be00-4e8c-978d-682c2db30fa1,"Containers & Packaging","Eco-Resin & Stone Moulds","HIGH","Matched type Resin/Concrete Mould"
79f16f1d-de69-44be-b3ad-75e6e83d3ef6,"Food Safe Flavour Oil","Containers & Packaging","HIGH","Matched type Bottle/Container"
ce991661-b2ef-4d41-a944-6760aac9fa04,"General Silicone Moulds","Containers & Packaging","HIGH","Matched type Bottle/Container"
248e41a3-b9e3-4694-a4b0-fc4811b4bce7,"Containers & Packaging","Eco-Resin & Stone Moulds","HIGH","Matched type Resin/Concrete Mould"
934d97d8-e244-4606-a10a-6725dd8457d9,"General Silicone Moulds","Fragrance Oils","HIGH","Matched type Fragrance Oil"
1220eef3-d9a4-4750-a7d9-2be3ba6491b1,"Eco-Resin & Stone Moulds","Containers & Packaging","HIGH","Matched type Bottle/Container"
70662928-511d-4ae9-afed-79fb15d22ad6,"Premium Bases & Waxes","Pigments & Colors","HIGH","Matched type Pigment/Color"
36759498-ef11-4a8b-b08a-5698fc2ede20,"Food Safe Flavour Oil","Containers & Packaging","HIGH","Matched type Bottle/Container"
52b42e7f-3c85-4b7b-bd9a-41106c9a00fd,"Premium Bases & Waxes","Candle Making Accessories","HIGH","Matched type Wick/Tool"
ff16e89b-37d3-46cd-8a9b-172b1fd8b0f5,"Fragrance Oils","Containers & Packaging","HIGH","Matched type Bottle/Container"
025e99a4-4dff-4bdf-a522-e42337317337,"Fragrance Oils","Containers & Packaging","HIGH","Matched type Bottle/Container"
3308a197-0cae-45f9-be30-b76400ed8a54,"Containers & Packaging","Candle Making Accessories","HIGH","Matched type Accessory/Tool"
37c1cb08-73e4-4f59-87c6-65d4534b2cb4,"General Silicone Moulds","Containers & Packaging","HIGH","Matched type Bottle/Container"
ac6cfc0b-72ce-4d9f-92fd-bdbed7a2d9ce,"Containers & Packaging","Candle & Pillar Moulds","HIGH","Matched type Candle Mould"
737e7564-b0f8-42ff-962c-a98f06f81bf8,"General Silicone Moulds","Containers & Packaging","HIGH","Matched type Bottle/Container"
019424c8-53b9-4484-b885-2cbb4a60157e,"Candle & Pillar Moulds","Eco-Resin & Stone Moulds","HIGH","Matched type Resin/Concrete Mould"
eb810263-1d31-47ed-8cfb-1a32fbe2272c,"Food Safe Flavour Oil","Soap & Bar Moulds","HIGH","Matched type Soap Mould"
9d8bd4b7-b2be-4a34-97db-90f05725c3db,"Containers & Packaging","Eco-Resin & Stone Moulds","HIGH","Matched type Resin/Concrete Mould"
9947aafd-9198-490f-8663-283f80066f08,"Containers & Packaging","Eco-Resin & Stone Moulds","HIGH","Matched type Resin/Concrete Mould"
61c9510e-07d2-4842-a73f-8cb9e9cdfda2,"Candle & Pillar Moulds","Containers & Packaging","HIGH","Matched type Bottle/Container"
9a032c05-60f1-4622-a29a-8a4dffd49e83,"Fragrance Oils","Containers & Packaging","HIGH","Matched type Bottle/Container"
f2990a7c-b16d-4dd1-bc99-56cd366b9f0a,"Fragrance Oils","Containers & Packaging","HIGH","Matched type Bottle/Container"
1cde8998-bd49-4d60-8c8f-e220c8fd3bc5,"Candle & Pillar Moulds","Eco-Resin & Stone Moulds","HIGH","Matched type Resin/Concrete Mould"
5c686779-fa98-41d9-b838-9652ee90895a,"Candle & Pillar Moulds","Containers & Packaging","HIGH","Matched type Bottle/Container"
6e15296d-4855-40f7-a28e-0fe4ede522d4,"Candle & Pillar Moulds","Soap & Bar Moulds","HIGH","Matched type Soap Mould"
067a73f9-f29b-4fd8-afc3-01abeada10f1,"Fragrance Oils","Containers & Packaging","HIGH","Matched type Bottle/Container"
613dbaca-fc4a-4df3-8dbc-785637307ade,"Fragrance Oils","Containers & Packaging","HIGH","Matched type Bottle/Container"
354b700d-fd2e-4d2e-a0f3-cc76246ce1b5,"General Silicone Moulds","Candle Making Accessories","HIGH","Matched type Accessory/Tool"
c82dc2a2-086e-487b-9c8a-478be0fb9c45,"General Silicone Moulds","Candle Making Accessories","HIGH","Matched type Accessory/Tool"
1b84a446-c113-4f1e-9469-f3b7cf440484,"Containers & Packaging","General Silicone Moulds","HIGH","Matched type General Mould"
edf73f25-8d42-42e3-af59-059ebc005d51,"Pigments & Colors","Candle Making Accessories","HIGH","Matched type Accessory/Tool"
443c5eb2-720c-4368-b7ce-2325e5c33838,"Containers & Packaging","Soap & Bar Moulds","HIGH","Matched type Soap Mould"
6acd5ed3-0de2-45f7-9d1d-f5039852cba2,"General Silicone Moulds","Candle Making Accessories","HIGH","Matched type Accessory/Tool"
988f3988-d08d-47d0-9c7d-261b74cf6079,"Food Safe Flavour Oil","Containers & Packaging","HIGH","Matched type Bottle/Container"
0c08f224-2c5f-4e8b-854a-42e0f26912c9,"Containers & Packaging","Candle & Pillar Moulds","HIGH","Matched type Candle Mould"
2c848d8a-0b99-45fc-b3f5-a9636d230ac7,"Containers & Packaging","Eco-Resin & Stone Moulds","HIGH","Matched type Resin/Concrete Mould"
0d0fbc58-47b6-43d2-946d-211fb0758ef8,"Eco-Resin & Stone Moulds","General Silicone Moulds","HIGH","Matched type General Mould"
f0482d49-c692-407f-9b78-3566715f673d,"Containers & Packaging","General Silicone Moulds","HIGH","Matched type General Mould"
acd707a5-6717-42f9-8ca9-e67e5ba1f724,"Containers & Packaging","Eco-Resin & Stone Moulds","HIGH","Matched type Resin/Concrete Mould"
eb586d75-f86b-4ae4-93e4-9afd446cf1d1,"Candle & Pillar Moulds","Soap & Bar Moulds","HIGH","Matched type Soap Mould"
5701b648-2edd-4bf5-b84a-056030841ac1,"Food Safe Flavour Oil","General Silicone Moulds","HIGH","Matched type General Mould"
b5d7480e-ed26-4061-b50e-fb1863b5d75d,"Candle & Pillar Moulds","Soap & Bar Moulds","HIGH","Matched type Soap Mould"
1c66de5b-d00b-4e26-86ad-d0bc029c38a1,"Containers & Packaging","Candle & Pillar Moulds","HIGH","Matched type Candle Mould"
22073968-c2e0-4c1e-94a2-5c12cebfab6a,"Fragrance Oils","Containers & Packaging","HIGH","Matched type Bottle/Container"
f390514d-c45b-4861-86a3-2fe34bde6e6c,"Food Safe Flavour Oil","Containers & Packaging","HIGH","Matched type Bottle/Container"
2d57601a-f85f-45ab-bd9f-a6782b367c5b,"Fragrance Oils","Containers & Packaging","HIGH","Matched type Bottle/Container"
432ea974-71b7-4d4b-bb9e-b98a70809c19,"General Silicone Moulds","Premium Bases & Waxes","HIGH","Matched type Wax/Base"
1230a685-aac0-4251-bb1a-0d31aa62726a,"Candle & Pillar Moulds","Soap & Bar Moulds","HIGH","Matched type Soap Mould"
9f6b969a-9fa0-4183-a184-6b463e2af6a9,"Soap & Bar Moulds","Fragrance Oils","HIGH","Matched type Fragrance Oil"
c4e17a51-aae9-4839-ad41-b53e5b60fdbb,"Containers & Packaging","General Silicone Moulds","HIGH","Matched type General Mould"
316d155d-8d59-41fb-9135-24eb07a73487,"Containers & Packaging","Candle & Pillar Moulds","HIGH","Matched type Candle Mould"
f4f0febd-49ae-4d5d-855e-4823d732dbe0,"Candle & Pillar Moulds","Eco-Resin & Stone Moulds","HIGH","Matched type Resin/Concrete Mould"
1f8bbe5d-7ad1-4d73-85c9-7edaa4d1eb52,"Containers & Packaging","Soap & Bar Moulds","HIGH","Matched type Soap Mould"
c91404e7-bc8e-4f78-843e-8477f15a334d,"Candle & Pillar Moulds","Soap & Bar Moulds","HIGH","Matched type Soap Mould"
df07cd7c-30d8-44c2-a146-2db8da59678c,"Candle & Pillar Moulds","Soap & Bar Moulds","HIGH","Matched type Soap Mould"
84f04a04-76b2-4fa6-821b-216586398258,"Candle & Pillar Moulds","Soap & Bar Moulds","HIGH","Matched type Soap Mould"
6d194fd2-3095-4c7a-b737-3f55b05daacb,"Candle & Pillar Moulds","Soap & Bar Moulds","HIGH","Matched type Soap Mould"
8f23714c-16e8-4ae3-86dd-930c69e243bc,"Candle & Pillar Moulds","Soap & Bar Moulds","HIGH","Matched type Soap Mould"
96eec50e-0812-4e7f-a3da-5a1bfe010282,"Containers & Packaging","General Silicone Moulds","HIGH","Matched type General Mould"
e77e743d-686f-4fa0-9eb0-5d786eeb6ec2,"Containers & Packaging","Candle & Pillar Moulds","HIGH","Matched type Candle Mould"
29d4495f-2fc8-4fc8-b352-26acebc5b0f9,"Eco-Resin & Stone Moulds","General Silicone Moulds","HIGH","Matched type General Mould"
58a69759-d1bd-42cb-8b7b-8e9c72cbab0e,"Eco-Resin & Stone Moulds","General Silicone Moulds","HIGH","Matched type General Mould"
25324c83-0cef-48e6-8409-569988968de7,"Containers & Packaging","Eco-Resin & Stone Moulds","HIGH","Matched type Resin/Concrete Mould"
8b6e2953-88e8-42e8-aa2b-18eed6739493,"Candle & Pillar Moulds","General Silicone Moulds","HIGH","Matched type General Mould"
1efe2b6e-e983-43cb-a5d6-82425f0c9680,"General Silicone Moulds","Containers & Packaging","HIGH","Matched type Bottle/Container"
5d1d82b3-9342-416d-b469-c37638bc2686,"Food Safe Flavour Oil","Containers & Packaging","HIGH","Matched type Bottle/Container"
e09648e5-f773-46db-92a2-2f3a6969045b,"Containers & Packaging","Candle & Pillar Moulds","HIGH","Matched type Candle Mould"
b8b8c631-d911-44ad-a422-047438511980,"General Silicone Moulds","Containers & Packaging","HIGH","Matched type Bottle/Container"
2951e7d4-5031-43f6-bb8c-7685af11a888,"Containers & Packaging","Candle & Pillar Moulds","HIGH","Matched type Candle Mould"
57c0335c-30c3-4358-b82a-7e7910a7b685,"Containers & Packaging","Candle & Pillar Moulds","HIGH","Matched type Candle Mould"
039b1b8b-0e27-4328-8ca5-2e5ae68ba266,"Candle & Pillar Moulds","Soap & Bar Moulds","HIGH","Matched type Soap Mould"
03da4fe3-fd17-4034-a45f-fcc9f5cdb697,"Fragrance Oils","Containers & Packaging","HIGH","Matched type Bottle/Container"
7bde10cb-9256-4b5e-b1c3-52e626a461c8,"Food Safe Flavour Oil","Containers & Packaging","HIGH","Matched type Bottle/Container"
41dfdf49-6879-4f9d-ac39-aed79c940b10,"Food Safe Flavour Oil","Containers & Packaging","HIGH","Matched type Bottle/Container"
9f0cc207-f18e-4494-932c-a3818962cf63,"Food Safe Flavour Oil","General Silicone Moulds","HIGH","Matched type General Mould"
25980648-fa31-4430-92f7-b9bc41d8e087,"Containers & Packaging","Candle & Pillar Moulds","HIGH","Matched type Candle Mould"
ef0bbc7f-cbdc-4ded-8a1e-04c2435eea72,"Pigments & Colors","Containers & Packaging","HIGH","Matched type Bottle/Container"
a443c26a-a8ad-41ca-a6db-b0c3769f2ed7,"Containers & Packaging","General Silicone Moulds","HIGH","Matched type General Mould"
5770dbde-4f3f-4e89-85f9-c717fbd8aa2e,"Containers & Packaging","Eco-Resin & Stone Moulds","HIGH","Matched type Resin/Concrete Mould"
53c81fa1-b9d8-4ac2-b7ce-2791dc896c58,"Containers & Packaging","General Silicone Moulds","HIGH","Matched type General Mould"
8b686070-3e61-46da-8f0e-bf78bd750e37,"Candle & Pillar Moulds","Containers & Packaging","HIGH","Matched type Bottle/Container"
7cb2ba4a-daba-4337-9326-b4f227b5d3c0,"Containers & Packaging","General Silicone Moulds","HIGH","Matched type General Mould"
f6010d4e-42cc-44d8-9cd0-e3930e96b1a6,"Pigments & Colors","Containers & Packaging","HIGH","Matched type Bottle/Container"
de424384-cc8b-4afd-9a88-d2090cae171b,"Pigments & Colors","Containers & Packaging","HIGH","Matched type Bottle/Container"
52df8e4b-9e66-498c-b630-f4136b43cb35,"Containers & Packaging","Eco-Resin & Stone Moulds","HIGH","Matched type Resin/Concrete Mould"
0ddfc353-9716-45a5-82c8-22064c70a13a,"Containers & Packaging","Eco-Resin & Stone Moulds","HIGH","Matched type Resin/Concrete Mould"
05fb1145-db8b-4427-b740-6e55f9d3c67b,"Containers & Packaging","Candle & Pillar Moulds","HIGH","Matched type Candle Mould"
aac94309-b49e-4c5a-88a9-85a96e7c479a,"Containers & Packaging","Eco-Resin & Stone Moulds","HIGH","Matched type Resin/Concrete Mould"
19b76423-3f2f-4b08-9737-739b988e3bc4,"Candle & Pillar Moulds","Soap & Bar Moulds","HIGH","Matched type Soap Mould"
58f4a10b-d48c-4dc9-8438-239704168c7d,"Candle & Pillar Moulds","Soap & Bar Moulds","HIGH","Matched type Soap Mould"
72960338-d3bd-484c-ac5a-81be2c334b7e,"Pigments & Colors","Premium Bases & Waxes","HIGH","Matched type Wax/Base"
29998c91-7f42-46c8-b929-e234933cd520,"Containers & Packaging","Candle & Pillar Moulds","HIGH","Matched type Candle Mould"
6a03410c-c9df-4a48-baf1-2608d513c5cb,"Containers & Packaging","Premium Bases & Waxes","HIGH","Matched type Wax/Base"
4ec84f0c-d1f1-415e-a607-e6c4f79bec9d,"Containers & Packaging","Candle & Pillar Moulds","HIGH","Matched type Candle Mould"
6f23aa6b-9a9a-4aee-b43f-89d63683e7cb,"Containers & Packaging","Eco-Resin & Stone Moulds","HIGH","Matched type Resin/Concrete Mould"
fdabd1d0-60b6-4c8f-bb0d-0d1d8bed5eb4,"Containers & Packaging","Eco-Resin & Stone Moulds","HIGH","Matched type Resin/Concrete Mould"
e1589065-5fa6-477a-8f7d-4d5d0fe1cad4,"Containers & Packaging","Soap & Bar Moulds","HIGH","Matched type Soap Mould"
ee46dabb-833b-4fd9-99f1-3bb9e742249e,"Candle & Pillar Moulds","Eco-Resin & Stone Moulds","HIGH","Matched type Resin/Concrete Mould"
599c27a9-627f-4e76-b0f8-ed9054850cf3,"Candle & Pillar Moulds","Eco-Resin & Stone Moulds","HIGH","Matched type Resin/Concrete Mould"
f4bd5d09-332c-4f14-8fe5-d65932e2566d,"Premium Bases & Waxes","Containers & Packaging","HIGH","Matched type Bottle/Container"
2ad33052-43f5-4bfb-bda1-538130319f71,"Fragrance Oils","Eco-Resin & Stone Moulds","HIGH","Matched type Resin/Concrete Mould"
e4cb7e52-efc0-45bb-91d4-5962b02847c9,"Eco-Resin & Stone Moulds","Containers & Packaging","HIGH","Matched type Bottle/Container"
c5cd20aa-ec29-43d4-8b9c-4304725ea504,"Candle & Pillar Moulds","Soap & Bar Moulds","HIGH","Matched type Soap Mould"
8325e500-dc7d-42fc-95ca-f0a414baf138,"Candle & Pillar Moulds","Soap & Bar Moulds","HIGH","Matched type Soap Mould"
ef6b83d1-eda2-496e-812d-73fc13284232,"Candle & Pillar Moulds","Containers & Packaging","HIGH","Matched type Bottle/Container"
bcb7bbc7-c867-4439-8371-fc88ae8a20ef,"Containers & Packaging","Candle & Pillar Moulds","HIGH","Matched type Candle Mould"
00dec551-ffb0-443e-926f-09575cad8e4f,"Containers & Packaging","Candle & Pillar Moulds","HIGH","Matched type Candle Mould"
8e4a7857-ba7f-4e19-9cc3-9b5e3523541d,"Candle & Pillar Moulds","Soap & Bar Moulds","HIGH","Matched type Soap Mould"
3cef26d3-62b4-4259-ace3-a5a89bad130c,"Containers & Packaging","Eco-Resin & Stone Moulds","HIGH","Matched type Resin/Concrete Mould"
f2aa5be8-3217-401b-af95-edff29cb2b99,"Containers & Packaging","Eco-Resin & Stone Moulds","HIGH","Matched type Resin/Concrete Mould"
a6bc9281-f66a-475b-a258-4c91716d07bb,"Containers & Packaging","Eco-Resin & Stone Moulds","HIGH","Matched type Resin/Concrete Mould"
fc613aa8-565d-4734-8ee9-be80bc4f2c72,"Containers & Packaging","Eco-Resin & Stone Moulds","HIGH","Matched type Resin/Concrete Mould"
ad0d3b0f-00c7-48be-b127-4bec586f231b,"Containers & Packaging","Soap & Bar Moulds","HIGH","Matched type Soap Mould"
275fe299-a379-49dc-84f6-4ee2dd33e798,"Containers & Packaging","Candle & Pillar Moulds","HIGH","Matched type Candle Mould"
d970ca52-0626-4ad7-b4d5-72d9807bbe6d,"Candle & Pillar Moulds","Eco-Resin & Stone Moulds","HIGH","Matched type Resin/Concrete Mould"
9acad3b9-ca49-45b5-bc93-f38f94500f0b,"Candle & Pillar Moulds","Soap & Bar Moulds","HIGH","Matched type Soap Mould"
ab4716cd-fbc6-46c9-9c8c-218e1c108031,"Candle & Pillar Moulds","Soap & Bar Moulds","HIGH","Matched type Soap Mould"
1b99d892-c76d-4a5d-b0c2-63c7efbb203e,"Containers & Packaging","General Silicone Moulds","HIGH","Matched type General Mould"
90405c80-b85d-4bcb-82ef-a6c572a2c2cf,"Candle & Pillar Moulds","Eco-Resin & Stone Moulds","HIGH","Matched type Resin/Concrete Mould"
b177bd80-0803-4431-a0e8-f898bcf7ab9f,"Candle & Pillar Moulds","Soap & Bar Moulds","HIGH","Matched type Soap Mould"
73b00f98-7ea3-482c-8cd8-7ddd395699d9,"Containers & Packaging","General Silicone Moulds","HIGH","Matched type General Mould"
ea4a03ca-0e05-4904-808a-acbf721b732b,"Candle & Pillar Moulds","Containers & Packaging","HIGH","Matched type Bottle/Container"
a4c4151b-1515-4ca8-87df-f93b6243aee2,"Eco-Resin & Stone Moulds","Premium Bases & Waxes","HIGH","Matched type Wax/Base"
dc47c1a2-3aa3-4c02-83f1-b64082626ab8,"Containers & Packaging","Candle & Pillar Moulds","HIGH","Matched type Candle Mould"
0378f761-1362-4454-abb2-3743488b17ae,"Containers & Packaging","Eco-Resin & Stone Moulds","HIGH","Matched type Resin/Concrete Mould"
ad33a408-bd83-456e-99ca-c7ddfcbf828d,"Eco-Resin & Stone Moulds","Soap & Bar Moulds","HIGH","Matched type Soap Mould"
018e9abb-4f5f-43c3-9dc2-a5139dda7f9c,"Food Safe Flavour Oil","Premium Bases & Waxes","HIGH","Matched type Wax/Base"
c9e9d3a3-b687-49e4-a0dd-ac753c1e0f93,"Candle & Pillar Moulds","Soap & Bar Moulds","HIGH","Matched type Soap Mould"
729b2d5e-8995-4d17-be53-db7d6d4444c6,"Containers & Packaging","Candle & Pillar Moulds","HIGH","Matched type Candle Mould"
57b533e8-67b7-4043-a8d8-d441724726f5,"Containers & Packaging","General Silicone Moulds","HIGH","Matched type General Mould"
40937df4-ed72-4e91-93fb-d51085d355fd,"Containers & Packaging","General Silicone Moulds","HIGH","Matched type General Mould"
fdcb0223-cb8a-4b58-8bdd-34bed8f8f2bd,"Containers & Packaging","Candle & Pillar Moulds","HIGH","Matched type Candle Mould"
6420badc-8519-4430-a846-0404891ebd16,"Candle & Pillar Moulds","Soap & Bar Moulds","HIGH","Matched type Soap Mould"
1ef280b3-51a5-4662-81cd-fe3741268af9,"Containers & Packaging","Soap & Bar Moulds","HIGH","Matched type Soap Mould"
21f3ca95-8719-4cde-b20e-5f1b1dd44aa3,"Candle & Pillar Moulds","Soap & Bar Moulds","HIGH","Matched type Soap Mould"
005579fe-7ba8-484c-b954-abe961aa0dfc,"Candle & Pillar Moulds","Fragrance Oils","HIGH","Matched type Fragrance Oil"
672237ff-dd7d-4dd9-b5e0-600395c89f05,"Containers & Packaging","Candle & Pillar Moulds","HIGH","Matched type Candle Mould"
1e366778-940c-4a02-874a-7f27bb5d621e,"Candle & Pillar Moulds","Containers & Packaging","HIGH","Matched type Bottle/Container"
0f726823-5b17-4fc0-a765-1d62eaa219b7,"General Silicone Moulds","Fragrance Oils","HIGH","Matched type Fragrance Oil"
7a5adc0b-5da2-4f77-827a-38930bdc1727,"General Silicone Moulds","Fragrance Oils","HIGH","Matched type Fragrance Oil"
b2e0bd58-1105-44e0-9476-e28b35a61e36,"General Silicone Moulds","Fragrance Oils","HIGH","Matched type Fragrance Oil"
d5a3513a-5ee8-49d6-b5a2-1da2e87c4464,"General Silicone Moulds","Fragrance Oils","HIGH","Matched type Fragrance Oil"
36749505-b1a8-448d-9a14-aeb4ee5232c7,"General Silicone Moulds","Fragrance Oils","HIGH","Matched type Fragrance Oil"
28bca8a9-7bf8-4a8b-8b02-da7be9f25299,"General Silicone Moulds","Fragrance Oils","HIGH","Matched type Fragrance Oil"
a6a4b0e1-bda7-4f3f-bb24-2acdbc0e6501,"General Silicone Moulds","Fragrance Oils","HIGH","Matched type Fragrance Oil"
d44c9087-dd74-415a-a410-14a2e70c60b5,"General Silicone Moulds","Fragrance Oils","HIGH","Matched type Fragrance Oil"
b05266fe-4a36-42bd-b5b8-e46b68b77756,"General Silicone Moulds","Fragrance Oils","HIGH","Matched type Fragrance Oil"
4a20afb6-52f5-45ef-9466-89b570c98780,"General Silicone Moulds","Fragrance Oils","HIGH","Matched type Fragrance Oil"
658fa6ae-f604-4a8f-82de-8ab1b5de87e6,"General Silicone Moulds","Fragrance Oils","HIGH","Matched type Fragrance Oil"
11384e0b-d208-49d4-b26b-fb171d0d09bf,"Candle & Pillar Moulds","Fragrance Oils","HIGH","Matched type Fragrance Oil"
52f2723a-1e28-430e-809a-bd2f8b564d73,"Containers & Packaging","Candle & Pillar Moulds","HIGH","Matched type Candle Mould"
6fa34706-669c-4427-961c-783473c2747f,"Candle & Pillar Moulds","Containers & Packaging","HIGH","Matched type Bottle/Container"
149991e8-edc9-4e1c-b1d8-c16ae62280ff,"Candle & Pillar Moulds","Containers & Packaging","HIGH","Matched type Bottle/Container"
e8c8d6bf-ac12-4d32-ba2a-ac1f3ce1f2ce,"Containers & Packaging","Eco-Resin & Stone Moulds","HIGH","Matched type Resin/Concrete Mould"
02e71dc6-8c87-4afe-af7e-211c04f045b1,"General Silicone Moulds","Fragrance Oils","HIGH","Matched type Fragrance Oil"
1fea6506-315a-4911-9cae-547480204800,"General Silicone Moulds","Fragrance Oils","HIGH","Matched type Fragrance Oil"
a38f869c-385c-40f0-85e4-61c82c9f78ff,"General Silicone Moulds","Fragrance Oils","HIGH","Matched type Fragrance Oil"
a495132d-1f46-4a6f-abcd-e63f8f4f80c5,"Candle & Pillar Moulds","Soap & Bar Moulds","HIGH","Matched type Soap Mould"
aef5ecb4-0a19-44cd-ba8c-1c7eda651dcf,"General Silicone Moulds","Fragrance Oils","HIGH","Matched type Fragrance Oil"
2f27c8b6-cc18-425e-bef5-77e99727a3f3,"Candle & Pillar Moulds","Soap & Bar Moulds","HIGH","Matched type Soap Mould"
f298b56a-74d1-487d-89cc-b7522aae9129,"Eco-Resin & Stone Moulds","Soap & Bar Moulds","HIGH","Matched type Soap Mould"
be42dc59-b8d9-47e9-9a0c-e68865d5ac88,"Containers & Packaging","Eco-Resin & Stone Moulds","HIGH","Matched type Resin/Concrete Mould"
2a849746-eaab-47d7-93fc-76da08cbc445,"Containers & Packaging","Soap & Bar Moulds","HIGH","Matched type Soap Mould"
764ca432-d407-46f2-92ee-b734391fcd0a,"Eco-Resin & Stone Moulds","General Silicone Moulds","HIGH","Matched type General Mould"
14d7dcbd-935a-46d1-b39c-8ad29802d497,"Candle & Pillar Moulds","Soap & Bar Moulds","HIGH","Matched type Soap Mould"
7d7adcda-7dd8-4387-9b25-962c631a02ae,"Eco-Resin & Stone Moulds","General Silicone Moulds","HIGH","Matched type General Mould"
0d6f4548-fe7b-4ac6-ab38-208b24fb1b30,"General Silicone Moulds","Fragrance Oils","HIGH","Matched type Fragrance Oil"
56fcb357-d06a-4adb-86ed-b7a5392d6e63,"General Silicone Moulds","Fragrance Oils","HIGH","Matched type Fragrance Oil"
b844efa0-780f-43f0-a8c9-d417382787ad,"General Silicone Moulds","Fragrance Oils","HIGH","Matched type Fragrance Oil"
71c0a973-3658-454c-aca8-5c0e90fc7c00,"Eco-Resin & Stone Moulds","General Silicone Moulds","HIGH","Matched type General Mould"
25cc6b91-7b50-41fc-9479-c3b10404bbe9,"General Silicone Moulds","Fragrance Oils","HIGH","Matched type Fragrance Oil"
50a34239-47e8-4a39-ae84-265bf0b04fc0,"General Silicone Moulds","Fragrance Oils","HIGH","Matched type Fragrance Oil"
8dfea30e-a791-4bc8-b77f-6940df20af13,"General Silicone Moulds","Fragrance Oils","HIGH","Matched type Fragrance Oil"
2962475b-18b0-40bc-89b3-5ddaa7416b46,"General Silicone Moulds","Fragrance Oils","HIGH","Matched type Fragrance Oil"
2960c6dc-e71c-41f9-8c33-e5140b30a809,"General Silicone Moulds","Fragrance Oils","HIGH","Matched type Fragrance Oil"
250ae2cd-0c86-446f-b27c-3ec1905de8e5,"General Silicone Moulds","Fragrance Oils","HIGH","Matched type Fragrance Oil"
6e42462d-99d0-432a-b7ea-c9d1521b4584,"General Silicone Moulds","Fragrance Oils","HIGH","Matched type Fragrance Oil"
a4a3f355-39dc-4024-986b-5d94a381d336,"General Silicone Moulds","Fragrance Oils","HIGH","Matched type Fragrance Oil"
6ebba589-da0f-4435-a34d-7d243567689a,"General Silicone Moulds","Fragrance Oils","HIGH","Matched type Fragrance Oil"
abafabbf-541f-477a-b7f4-3fdeeeaf4fa0,"General Silicone Moulds","Fragrance Oils","HIGH","Matched type Fragrance Oil"
a8f64b44-32af-4aec-8a17-34a0f5755353,"General Silicone Moulds","Fragrance Oils","HIGH","Matched type Fragrance Oil"
f6f34c1c-d40e-4c7f-8f12-f808f15f487d,"General Silicone Moulds","Fragrance Oils","HIGH","Matched type Fragrance Oil"
f30735bd-3190-414d-9c2f-4b13c83c5f12,"General Silicone Moulds","Fragrance Oils","HIGH","Matched type Fragrance Oil"
f6ad63b9-4a77-4903-bbee-3a219b501662,"General Silicone Moulds","Fragrance Oils","HIGH","Matched type Fragrance Oil"
08fcd63c-4f3e-43e0-b1bf-fecd2caf58d9,"General Silicone Moulds","Fragrance Oils","HIGH","Matched type Fragrance Oil"
6c0da979-6740-4d83-a8b0-a7a3e2007046,"General Silicone Moulds","Fragrance Oils","HIGH","Matched type Fragrance Oil"
bcd7fcd9-1ba7-431e-af88-7147d26cfeb7,"Containers & Packaging","General Silicone Moulds","HIGH","Matched type General Mould"
ecde9f4d-8e55-4dc3-a94a-a2d2ac126918,"Containers & Packaging","Soap & Bar Moulds","HIGH","Matched type Soap Mould"
16af5c1f-7eb9-49ff-a132-d0b2adf77e42,"Fragrance Oils","Containers & Packaging","HIGH","Matched type Bottle/Container"
41086984-7971-423d-b37d-af97d2e7f8b0,"Fragrance Oils","Containers & Packaging","HIGH","Matched type Bottle/Container"
313d2365-6d72-4801-aad0-368e4301482c,"Food Safe Flavour Oil","Containers & Packaging","HIGH","Matched type Bottle/Container"
dfff5ba7-dd50-4370-939b-d1055f1ad90e,"Fragrance Oils","Containers & Packaging","HIGH","Matched type Bottle/Container"
f5aea259-6e00-4e9f-a7fc-95b4dac8850c,"Food Safe Flavour Oil","Containers & Packaging","HIGH","Matched type Bottle/Container"
81e830d0-f078-471b-ba12-600c23409c5f,"Food Safe Flavour Oil","Containers & Packaging","HIGH","Matched type Bottle/Container"
50b528e2-d4ee-4087-be69-bbbc574bce79,"General Silicone Moulds","Fragrance Oils","HIGH","Matched type Fragrance Oil"
42039328-dad7-4359-bb24-75fcbfaca69a,"General Silicone Moulds","Fragrance Oils","HIGH","Matched type Fragrance Oil"
11674c32-21b3-4c35-8e42-44fd842f8813,"General Silicone Moulds","Fragrance Oils","HIGH","Matched type Fragrance Oil"
e34d4867-94a6-481d-b16c-9b52bfcc1be9,"General Silicone Moulds","Fragrance Oils","HIGH","Matched type Fragrance Oil"
ba566544-7449-4ab4-92d6-6bec7bed0043,"General Silicone Moulds","Fragrance Oils","HIGH","Matched type Fragrance Oil"
53e67dd8-bebe-4e1e-9d82-e4c904a5af20,"General Silicone Moulds","Fragrance Oils","HIGH","Matched type Fragrance Oil"
2b6c79ff-d1ad-4329-ba30-1a136cd17d39,"General Silicone Moulds","Fragrance Oils","HIGH","Matched type Fragrance Oil"
cc5f0724-b66e-45e6-877d-b5554a7f7ed6,"General Silicone Moulds","Fragrance Oils","HIGH","Matched type Fragrance Oil"
9f926e62-13f7-4304-9d6b-516a9d224b74,"General Silicone Moulds","Fragrance Oils","HIGH","Matched type Fragrance Oil"
2d839219-68ad-4e7d-8950-f27437627f46,"General Silicone Moulds","Fragrance Oils","HIGH","Matched type Fragrance Oil"
e87d4ec4-9dd8-488d-9bac-cafbdecf2dc4,"General Silicone Moulds","Fragrance Oils","HIGH","Matched type Fragrance Oil"
7ada7e42-2639-4a93-a3db-1d07800b7ca6,"General Silicone Moulds","Fragrance Oils","HIGH","Matched type Fragrance Oil"
e38564c1-8ac7-4ff7-b93b-96309b571f79,"General Silicone Moulds","Fragrance Oils","HIGH","Matched type Fragrance Oil"
773769c4-f4df-4cc6-a2b6-73cd38c0d717,"General Silicone Moulds","Fragrance Oils","HIGH","Matched type Fragrance Oil"
7426722c-c363-45f6-91cd-43b12a479e0c,"General Silicone Moulds","Fragrance Oils","HIGH","Matched type Fragrance Oil"
2f7012c4-463e-40e9-bf85-d77962c7276e,"General Silicone Moulds","Fragrance Oils","HIGH","Matched type Fragrance Oil"
0e4b61be-bd5e-47ac-85ea-1298b6133b9e,"General Silicone Moulds","Fragrance Oils","HIGH","Matched type Fragrance Oil"
a60fdad3-18ff-407c-81f5-a9cb33bfd9dc,"General Silicone Moulds","Fragrance Oils","HIGH","Matched type Fragrance Oil"
a05d98cd-7b37-403d-a801-9dc102047edc,"General Silicone Moulds","Fragrance Oils","HIGH","Matched type Fragrance Oil"
0d2db580-e677-4c5e-a956-c333f241c596,"Fragrance Oils","Containers & Packaging","HIGH","Matched type Bottle/Container"
4b168531-af71-4063-92ee-3cd93b49f73d,"General Silicone Moulds","Fragrance Oils","HIGH","Matched type Fragrance Oil"
32bdd44e-ef91-42fd-a57f-314732b044b5,"General Silicone Moulds","Fragrance Oils","HIGH","Matched type Fragrance Oil"
f08d903d-e570-4a45-be59-9acb9b66083d,"General Silicone Moulds","Fragrance Oils","HIGH","Matched type Fragrance Oil"
977170cb-a4e6-4e82-b27b-7341e4f0cb7b,"General Silicone Moulds","Fragrance Oils","HIGH","Matched type Fragrance Oil"
cdc139fe-0d65-4576-9656-3cec31d03b6b,"General Silicone Moulds","Fragrance Oils","HIGH","Matched type Fragrance Oil"
8759b612-e5e0-4bd3-8849-ee92a7294fbc,"General Silicone Moulds","Fragrance Oils","HIGH","Matched type Fragrance Oil"
f979917e-cf6c-4b42-8ae3-02ea3177179c,"General Silicone Moulds","Fragrance Oils","HIGH","Matched type Fragrance Oil"
6e1b6ec4-9b85-4802-92dd-31be29f5d1e3,"General Silicone Moulds","Fragrance Oils","HIGH","Matched type Fragrance Oil"
c78ea036-e772-4787-a133-7139ad6b0388,"General Silicone Moulds","Fragrance Oils","HIGH","Matched type Fragrance Oil"
cfbea2d6-671b-4a9e-90c2-b26c364ebfd1,"General Silicone Moulds","Fragrance Oils","HIGH","Matched type Fragrance Oil"
4ae6fc50-592b-42fe-9135-3393e236e437,"General Silicone Moulds","Fragrance Oils","HIGH","Matched type Fragrance Oil"
c44acda4-7b5e-4823-86ef-7e919c443c27,"General Silicone Moulds","Fragrance Oils","HIGH","Matched type Fragrance Oil"
fcb4c937-7797-4d72-95be-08955913ca9c,"General Silicone Moulds","Fragrance Oils","HIGH","Matched type Fragrance Oil"
0299b8e5-dd6b-436c-955c-dadf513dfdbc,"General Silicone Moulds","Fragrance Oils","HIGH","Matched type Fragrance Oil"
f2b148b5-0d18-4dfe-a375-86e181b7438e,"General Silicone Moulds","Fragrance Oils","HIGH","Matched type Fragrance Oil"
e2b82ba6-ddad-41ac-a322-1244337dffc8,"General Silicone Moulds","Fragrance Oils","HIGH","Matched type Fragrance Oil"
57e45625-4db5-4280-b2dc-3851d27daf1f,"General Silicone Moulds","Fragrance Oils","HIGH","Matched type Fragrance Oil"
fac143cc-70d7-4e67-a456-34f2ec5dad37,"General Silicone Moulds","Fragrance Oils","HIGH","Matched type Fragrance Oil"
492d3ce4-464e-486d-840b-f1a881b42667,"General Silicone Moulds","Fragrance Oils","HIGH","Matched type Fragrance Oil"
1841f5f2-07de-485b-9b51-7120754fe01f,"General Silicone Moulds","Fragrance Oils","HIGH","Matched type Fragrance Oil"
a8130558-3404-42ed-8c53-188cc97110fe,"General Silicone Moulds","Fragrance Oils","HIGH","Matched type Fragrance Oil"
935041ac-3b7d-4a13-b473-9645c441fe67,"Candle & Pillar Moulds","Containers & Packaging","HIGH","Matched type Bottle/Container"
5b8466bb-dfb9-4fe2-8d0d-cab75dc3f0d4,"Candle & Pillar Moulds","Eco-Resin & Stone Moulds","HIGH","Matched type Resin/Concrete Mould"
becd8756-048c-4faa-88bd-0e4038e59650,"Containers & Packaging","Eco-Resin & Stone Moulds","HIGH","Matched type Resin/Concrete Mould"
83bb9dcb-de87-480e-9eaf-fbd5542838f7,"Candle & Pillar Moulds","Eco-Resin & Stone Moulds","HIGH","Matched type Resin/Concrete Mould"
f40088b4-f501-45df-8876-fc8682c7eed2,"General Silicone Moulds","Fragrance Oils","HIGH","Matched type Fragrance Oil"
53bad29c-4297-4f9d-aedd-96d6c1cf2947,"General Silicone Moulds","Fragrance Oils","HIGH","Matched type Fragrance Oil"
c032ff9e-eec7-4a42-9036-23d5416cb624,"General Silicone Moulds","Fragrance Oils","HIGH","Matched type Fragrance Oil"
c27f5de3-ed3a-4d45-b2ef-51f0169adfa1,"General Silicone Moulds","Fragrance Oils","HIGH","Matched type Fragrance Oil"
5296a715-0871-40af-94e8-744ca1b57f8f,"Fragrance Oils","Containers & Packaging","HIGH","Matched type Bottle/Container"
094d881b-a3a2-41fc-9ab8-bc8a17cbcf62,"Containers & Packaging","Premium Bases & Waxes","HIGH","Matched type Wax/Base"
ef3fa489-2280-4ee0-a88c-3ceb7162e176,"Fragrance Oils","Premium Bases & Waxes","HIGH","Matched type Wax/Base"
0adb7774-78f1-411a-9d89-27f11cb568ee,"Fragrance Oils","Containers & Packaging","HIGH","Matched type Bottle/Container"
52d49c3b-f09b-4cb4-9e7c-1bc64be78e14,"Premium Bases & Waxes","Candle Making Accessories","HIGH","Matched type Wick/Tool"
95221816-1d54-4e45-9aaf-94b77f961901,"General Silicone Moulds","Fragrance Oils","HIGH","Matched type Fragrance Oil"
44a40ab9-6356-40bc-b273-03faefde2f6b,"General Silicone Moulds","Fragrance Oils","HIGH","Matched type Fragrance Oil"
3fff14ec-7723-4731-8b5d-18378e524c1c,"General Silicone Moulds","Fragrance Oils","HIGH","Matched type Fragrance Oil"
bfa3799c-f9a4-4b26-b188-4fe78e675bbd,"General Silicone Moulds","Fragrance Oils","HIGH","Matched type Fragrance Oil"
dd5f0415-c097-4b3c-aea0-c5222657cf11,"General Silicone Moulds","Fragrance Oils","HIGH","Matched type Fragrance Oil"
f325d87d-b470-4ac9-8a2a-7a5045898f23,"General Silicone Moulds","Fragrance Oils","HIGH","Matched type Fragrance Oil"
5774b7ac-7e5a-4606-875b-02f51ac5aac4,"General Silicone Moulds","Fragrance Oils","HIGH","Matched type Fragrance Oil"
0b341ae0-fdf8-40a6-9ce7-8cb376c2c6ed,"General Silicone Moulds","Fragrance Oils","HIGH","Matched type Fragrance Oil"
25a99463-77ec-4b3c-937c-b64baadf5b5b,"General Silicone Moulds","Fragrance Oils","HIGH","Matched type Fragrance Oil"
4f7682d4-2d8d-4031-913c-b5203a382b7f,"General Silicone Moulds","Fragrance Oils","HIGH","Matched type Fragrance Oil"
3ce5aa48-085c-45ed-a077-da506808cdef,"Containers & Packaging","General Silicone Moulds","HIGH","Matched type General Mould"
69859b72-3def-42c6-9e7b-d96718733635,"Eco-Resin & Stone Moulds","Soap & Bar Moulds","HIGH","Matched type Soap Mould"
c0ce9138-dc34-4b98-abaa-0e29f48b0656,"General Silicone Moulds","Fragrance Oils","HIGH","Matched type Fragrance Oil"
af40bd0a-2fa0-4902-9ef0-6c8a2bf69c09,"General Silicone Moulds","Fragrance Oils","HIGH","Matched type Fragrance Oil"
842e1a72-556b-4c35-a58b-c4000ac63f5c,"General Silicone Moulds","Fragrance Oils","HIGH","Matched type Fragrance Oil"
72b139d8-28ce-4efa-84d5-c81f634a8589,"General Silicone Moulds","Fragrance Oils","HIGH","Matched type Fragrance Oil"
94e40779-129a-46ca-9c23-3991508ee4c0,"General Silicone Moulds","Fragrance Oils","HIGH","Matched type Fragrance Oil"
ca1abb21-7f00-41c8-ad9e-c4d9d1b771f7,"General Silicone Moulds","Fragrance Oils","HIGH","Matched type Fragrance Oil"
4c5d0c21-1186-4686-a223-3e1a86a7b88f,"General Silicone Moulds","Fragrance Oils","HIGH","Matched type Fragrance Oil"
d614b11b-6493-47a2-ac9f-7e8c6ca5417f,"General Silicone Moulds","Containers & Packaging","HIGH","Matched type Bottle/Container"
60432dd1-61a0-4a51-bc78-c68c0d4de752,"Pigments & Colors","Fragrance Oils","HIGH","Matched type Fragrance Oil"
d52f1f7b-81c8-4bf3-bf84-2b34e45e3c88,"Eco-Resin & Stone Moulds","General Silicone Moulds","HIGH","Matched type General Mould"
32fc0445-a7e0-4364-b849-e2c287bd2f4b,"General Silicone Moulds","Containers & Packaging","HIGH","Matched type Bottle/Container"
0152ac1e-c342-4505-b813-b6fa487d8427,"General Silicone Moulds","Containers & Packaging","HIGH","Matched type Bottle/Container"
f70068b1-65f2-4dd9-be73-59bd065db54e,"General Silicone Moulds","Premium Bases & Waxes","HIGH","Matched type Wax/Base"
5bba155b-0694-4da6-b735-a945e27d3069,"Pigments & Colors","Containers & Packaging","HIGH","Matched type Bottle/Container"
1a6162ed-f3b3-4b93-922c-1017dcc3fb1c,"General Silicone Moulds","Premium Bases & Waxes","HIGH","Matched type Wax/Base"
a3634c4d-2a67-4bde-9df7-eb5ae4028d0c,"General Silicone Moulds","Premium Bases & Waxes","HIGH","Matched type Wax/Base"
c7b9498d-438c-41d0-9a84-0688f236e23f,"General Silicone Moulds","Premium Bases & Waxes","HIGH","Matched type Wax/Base"
c0d5f8d8-4230-4691-b750-512c103038bb,"General Silicone Moulds","Premium Bases & Waxes","HIGH","Matched type Wax/Base"
7a89e3cb-de7f-4f75-a83a-fb2c1ea840cb,"General Silicone Moulds","Premium Bases & Waxes","HIGH","Matched type Wax/Base"
6a9782e8-8bda-4218-9354-2dcc39a04fb2,"Eco-Resin & Stone Moulds","General Silicone Moulds","HIGH","Matched type General Mould"
ded62a17-6564-4971-8825-bcb1b827ecff,"Eco-Resin & Stone Moulds","General Silicone Moulds","HIGH","Matched type General Mould"
8704e337-de1e-4e03-998c-ef45e6147dc0,"General Silicone Moulds","Premium Bases & Waxes","HIGH","Matched type Wax/Base"
8b0246e1-a30f-4e10-a9cd-381d2a1820ea,"General Silicone Moulds","Premium Bases & Waxes","HIGH","Matched type Wax/Base"
d39e3660-3d32-4f97-a714-2a18f6c38cb3,"General Silicone Moulds","Premium Bases & Waxes","HIGH","Matched type Wax/Base"
37fb5587-b245-4929-b419-7327b10398cf,"General Silicone Moulds","Premium Bases & Waxes","HIGH","Matched type Wax/Base"
72f491ab-cc14-49a5-92ea-fbe550b7a2cf,"General Silicone Moulds","Premium Bases & Waxes","HIGH","Matched type Wax/Base"
f8fa635c-d6b0-4022-b04c-a27100a8a334,"General Silicone Moulds","Premium Bases & Waxes","HIGH","Matched type Wax/Base"
7d13b42a-c481-41f9-a942-c65878c44354,"General Silicone Moulds","Premium Bases & Waxes","HIGH","Matched type Wax/Base"
110a2430-853e-4a8b-afb5-ef120446f557,"General Silicone Moulds","Premium Bases & Waxes","HIGH","Matched type Wax/Base"
f0682650-b606-4ba3-b134-040e331048cd,"Eco-Resin & Stone Moulds","General Silicone Moulds","HIGH","Matched type General Mould"
9850b6f4-a839-48eb-b45a-fe622b97824e,"General Silicone Moulds","Premium Bases & Waxes","HIGH","Matched type Wax/Base"
88b06a87-0173-4a07-8368-8f98cbfc7e36,"General Silicone Moulds","Premium Bases & Waxes","HIGH","Matched type Wax/Base"
c7ffa01c-52a9-4041-89b5-520f429be5c0,"General Silicone Moulds","Premium Bases & Waxes","HIGH","Matched type Wax/Base"
7c720c19-b55e-40cc-a690-a97139ba6056,"General Silicone Moulds","Premium Bases & Waxes","HIGH","Matched type Wax/Base"
f64cca27-330e-4a98-9152-c152fee0714b,"Fragrance Oils","Containers & Packaging","HIGH","Matched type Bottle/Container"
9f035eaf-2276-4bc6-88ed-3acac55b762e,"Fragrance Oils","Containers & Packaging","HIGH","Matched type Bottle/Container"
d6c2162a-8f5d-488e-9f2d-ad86c91e9a76,"Pigments & Colors","Containers & Packaging","HIGH","Matched type Bottle/Container"
3feb473c-bb29-4591-a2c3-9d1688c0e145,"General Silicone Moulds","Premium Bases & Waxes","HIGH","Matched type Wax/Base"
9cb34b77-fdac-43d9-940a-66cc15be66d6,"General Silicone Moulds","Premium Bases & Waxes","HIGH","Matched type Wax/Base"
c99eda03-d9e1-450c-8747-78471fcca09f,"Fragrance Oils","Containers & Packaging","HIGH","Matched type Bottle/Container"
05536a91-4dbc-4722-945f-4b6be276ebd9,"Containers & Packaging","Candle Making Accessories","HIGH","Matched type Accessory/Tool"
c1448060-6748-47a6-80fd-2cdd53b16a01,"Fragrance Oils","Containers & Packaging","HIGH","Matched type Bottle/Container"
fb7c1d50-382b-463f-95ec-062393ee27e1,"General Silicone Moulds","Premium Bases & Waxes","HIGH","Matched type Wax/Base"
4a65f877-373a-491d-8091-09832d18ae9f,"General Silicone Moulds","Candle Making Accessories","HIGH","Matched type Accessory/Tool"
59cd4b20-ffd4-4345-8698-3a5b06ae8d78,"General Silicone Moulds","Candle Making Accessories","HIGH","Matched type Accessory/Tool"
5b621e6c-e155-494e-9133-463bd416f3e7,"General Silicone Moulds","Candle Making Accessories","HIGH","Matched type Accessory/Tool"
c510ef96-d2bf-480d-9d99-d0c2f1bc6586,"General Silicone Moulds","Candle Making Accessories","HIGH","Matched type Accessory/Tool"
68b79dca-54da-4d7a-922f-ac7a015b04c8,"General Silicone Moulds","Candle Making Accessories","HIGH","Matched type Accessory/Tool"
369ec4d4-1623-4b90-a358-00fe57655b09,"General Silicone Moulds","Candle Making Accessories","HIGH","Matched type Accessory/Tool"
b5b5e510-691a-4c89-8240-19334b85821c,"General Silicone Moulds","Candle Making Accessories","HIGH","Matched type Accessory/Tool"
28bd98ce-04fe-47d6-90b5-40336502dd5b,"Fragrance Oils","Containers & Packaging","HIGH","Matched type Bottle/Container"
325f0558-cb05-4021-8747-b5714779b302,"Fragrance Oils","Containers & Packaging","HIGH","Matched type Bottle/Container"
1d04b811-0eb6-45d7-baf8-4ff5d17ec9e0,"Containers & Packaging","General Silicone Moulds","HIGH","Matched type General Mould"
4ed1e36f-8d9c-4849-9ff9-74b83a2ebdc4,"General Silicone Moulds","Containers & Packaging","HIGH","Matched type Bottle/Container"
e9d0992c-8f98-4cc0-8ba7-a4196f5e043b,"Pigments & Colors","Containers & Packaging","HIGH","Matched type Bottle/Container"
a2366d8d-8dea-4dc6-9d3f-68b5f5b46f13,"Containers & Packaging","General Silicone Moulds","HIGH","Matched type General Mould"
9f551bf1-82a1-47f7-9475-91b935dd227a,"Candle & Pillar Moulds","Eco-Resin & Stone Moulds","HIGH","Matched type Resin/Concrete Mould"
e352d3b8-e2ca-4653-8bd7-8431825cb131,"Eco-Resin & Stone Moulds","Containers & Packaging","HIGH","Matched type Bottle/Container"
832202c9-4fd9-46e0-a494-24a96aef76c0,"Containers & Packaging","Candle & Pillar Moulds","HIGH","Matched type Candle Mould"
8d80ea1c-defd-45f9-9fd6-aa54a1c063ca,"Containers & Packaging","Candle & Pillar Moulds","HIGH","Matched type Candle Mould"
19308530-95dc-4d63-a2ab-a66e09e548d2,"Candle & Pillar Moulds","Containers & Packaging","HIGH","Matched type Bottle/Container"
a6325e97-9ca1-4f18-bd40-89f3e3dbbb47,"Containers & Packaging","Eco-Resin & Stone Moulds","HIGH","Matched type Resin/Concrete Mould"
dbfee9d5-0add-4994-ac76-346be973b51e,"Food Safe Flavour Oil","Containers & Packaging","HIGH","Matched type Bottle/Container"
118c08cc-8dc8-4406-839d-edab00370eb0,"Candle & Pillar Moulds","Soap & Bar Moulds","HIGH","Matched type Soap Mould"
e649e475-749d-4eb8-8750-98a33f2d70db,"Containers & Packaging","Candle & Pillar Moulds","HIGH","Matched type Candle Mould"
82da9c6e-3586-4301-8a87-661a0b6b3c15,"Containers & Packaging","Eco-Resin & Stone Moulds","HIGH","Matched type Resin/Concrete Mould"
77a34680-b03b-45da-adb6-70b4c4f7c216,"Containers & Packaging","Candle & Pillar Moulds","HIGH","Matched type Candle Mould"
1e17e97c-4095-4edd-8cad-d886b0421318,"Candle & Pillar Moulds","Eco-Resin & Stone Moulds","HIGH","Matched type Resin/Concrete Mould"
f20fb23b-878d-4bb6-9d1a-e7b571763d02,"Candle & Pillar Moulds","Eco-Resin & Stone Moulds","HIGH","Matched type Resin/Concrete Mould"
ca595e1d-29df-4308-b924-4fd2c36a7494,"Candle & Pillar Moulds","General Silicone Moulds","HIGH","Matched type General Mould"
2d80679f-d328-407b-95eb-63950c3313d9,"Containers & Packaging","Candle & Pillar Moulds","HIGH","Matched type Candle Mould"
53c500b0-932a-4da8-a169-924192f1d370,"Premium Bases & Waxes","Pigments & Colors","HIGH","Matched type Pigment/Color"
b97df2d9-dea1-4494-bd7f-d79e87eeea0f,"Food Safe Flavour Oil","Containers & Packaging","HIGH","Matched type Bottle/Container"
89ab4be0-4a5d-462d-a655-c8bdfab64729,"Premium Bases & Waxes","Candle Making Accessories","HIGH","Matched type Wick/Tool"
7d687b63-93a8-46db-86b1-e42033057db0,"General Silicone Moulds","Containers & Packaging","HIGH","Matched type Bottle/Container"
c215d9b7-0c1a-42bf-92f7-e9b0125dbb77,"Containers & Packaging","Candle & Pillar Moulds","HIGH","Matched type Candle Mould"
99d5c536-51b1-4c95-8763-08f87476b09f,"General Silicone Moulds","Containers & Packaging","HIGH","Matched type Bottle/Container"
9f9b8f65-e680-44f4-8703-5121d3aaf483,"Candle & Pillar Moulds","Eco-Resin & Stone Moulds","HIGH","Matched type Resin/Concrete Mould"
d556d367-40a8-4c6b-8979-63cc5171bf4e,"Food Safe Flavour Oil","Soap & Bar Moulds","HIGH","Matched type Soap Mould"
b446e345-2776-4a0c-9a00-1b55671395f0,"Containers & Packaging","Candle & Pillar Moulds","HIGH","Matched type Candle Mould"
8da29e4b-47de-4e92-8014-9a9a2f15ce9f,"Containers & Packaging","Eco-Resin & Stone Moulds","HIGH","Matched type Resin/Concrete Mould"
c286521a-4b78-4bfa-a064-60c93918236b,"Containers & Packaging","Eco-Resin & Stone Moulds","HIGH","Matched type Resin/Concrete Mould"
0ff8be43-fe0e-4aca-b76e-08c9171b5bb3,"Candle & Pillar Moulds","Containers & Packaging","HIGH","Matched type Bottle/Container"
d13990ea-39df-4cdd-b921-7fe43e74e59a,"Candle & Pillar Moulds","Eco-Resin & Stone Moulds","HIGH","Matched type Resin/Concrete Mould"
050a9ed5-d1c3-4ded-982e-6e4b6a0cde25,"Candle & Pillar Moulds","Containers & Packaging","HIGH","Matched type Bottle/Container"
52aad524-ae52-4263-8c55-b9e4f9dc71b1,"Candle & Pillar Moulds","Soap & Bar Moulds","HIGH","Matched type Soap Mould"
3a1a47a4-36fd-432a-a060-7ff48d9d8186,"Containers & Packaging","Soap & Bar Moulds","HIGH","Matched type Soap Mould"
73ba60b3-8b67-429d-94a1-0c2a31aa76dc,"Containers & Packaging","Candle & Pillar Moulds","HIGH","Matched type Candle Mould"
98358ed2-3582-4fa8-a175-9f92c7f2bc16,"Containers & Packaging","Eco-Resin & Stone Moulds","HIGH","Matched type Resin/Concrete Mould"
c49aeedb-fbdf-4935-8dbf-e69c54e59079,"Eco-Resin & Stone Moulds","General Silicone Moulds","HIGH","Matched type General Mould"
108d6ff0-5e5d-4d2b-869e-192e28bb19ba,"Eco-Resin & Stone Moulds","General Silicone Moulds","HIGH","Matched type General Mould"
c34efb88-ae6a-4a13-ab68-253126bddfca,"Containers & Packaging","General Silicone Moulds","HIGH","Matched type General Mould"
ae10ab74-8bf4-4ca5-aa83-9c5c88d62b34,"Containers & Packaging","Eco-Resin & Stone Moulds","HIGH","Matched type Resin/Concrete Mould"
3005c47d-b35d-472c-a294-19fe0f7f50cf,"Containers & Packaging","Soap & Bar Moulds","HIGH","Matched type Soap Mould"
13b2fcd7-5401-4f1d-8a99-5579b9367edd,"Candle & Pillar Moulds","Soap & Bar Moulds","HIGH","Matched type Soap Mould"
5962e445-d477-4d62-b3fd-d9632d03391b,"Containers & Packaging","Candle & Pillar Moulds","HIGH","Matched type Candle Mould"
4287e62b-5a57-4e50-93f1-0f5df64fb9d1,"Containers & Packaging","General Silicone Moulds","HIGH","Matched type General Mould"
2c8dd080-f81c-4324-a528-a9645c63dcf5,"Containers & Packaging","Candle & Pillar Moulds","HIGH","Matched type Candle Mould"
e3cf826d-f474-4d9f-8926-f2faa0a45c38,"Containers & Packaging","General Silicone Moulds","HIGH","Matched type General Mould"
8ae1cf60-9918-4560-9091-ac9e646a2c0f,"Candle & Pillar Moulds","Eco-Resin & Stone Moulds","HIGH","Matched type Resin/Concrete Mould"
b8ff9c15-2692-43d6-8d14-1b76c55b980c,"Eco-Resin & Stone Moulds","General Silicone Moulds","HIGH","Matched type General Mould"
2854a1ca-f6e7-4e1e-8651-5ea8ba8efec0,"Eco-Resin & Stone Moulds","General Silicone Moulds","HIGH","Matched type General Mould"
d5d5748f-ab59-4155-b053-72d41340dde4,"Food Safe Flavour Oil","Containers & Packaging","HIGH","Matched type Bottle/Container"
f515ad4d-bcc3-4e3b-a5ab-c7b537f07783,"Containers & Packaging","Candle & Pillar Moulds","HIGH","Matched type Candle Mould"
7dcafac3-6292-4b62-9fa1-6554dcd5168b,"General Silicone Moulds","Containers & Packaging","HIGH","Matched type Bottle/Container"
2c58ef2a-10b7-4f12-9e95-a031a9eda23a,"Containers & Packaging","Candle & Pillar Moulds","HIGH","Matched type Candle Mould"
30995f90-30cb-46e2-88e8-00e94a5a3662,"Containers & Packaging","Candle & Pillar Moulds","HIGH","Matched type Candle Mould"
65c0aaa0-f592-4772-948f-190a04180f50,"Candle & Pillar Moulds","Soap & Bar Moulds","HIGH","Matched type Soap Mould"
bae55fc8-a914-4b27-b255-1f02780a01be,"Containers & Packaging","Candle & Pillar Moulds","HIGH","Matched type Candle Mould"
4ff3ec6c-92d9-41df-bb45-f3d67b2fa0c0,"Containers & Packaging","Eco-Resin & Stone Moulds","HIGH","Matched type Resin/Concrete Mould"
4996d471-1a4f-4b58-b769-79ebbdf45fde,"Containers & Packaging","General Silicone Moulds","HIGH","Matched type General Mould"
a1da1ab6-95b2-4cc5-826b-c6c76d273e64,"Candle & Pillar Moulds","Containers & Packaging","HIGH","Matched type Bottle/Container"
411f8379-f750-4656-9c86-4965b6759770,"Containers & Packaging","General Silicone Moulds","HIGH","Matched type General Mould"
4e093802-2959-46e9-b92a-d970a3a5a3d4,"Culinary & Fondant Moulds","Containers & Packaging","HIGH","Matched type Bottle/Container"
c24ab4dd-ccd3-4f47-9ecf-c47fe949ef03,"Food Safe Flavour Oil","Culinary & Fondant Moulds","HIGH","Matched type Culinary Mould"
ad7fd55f-a9b5-43e3-ab7b-b047027ab828,"Food Safe Flavour Oil","Culinary & Fondant Moulds","HIGH","Matched type Culinary Mould"
7891cfca-a50f-4f7c-a192-899316906128,"Food Safe Flavour Oil","Culinary & Fondant Moulds","HIGH","Matched type Culinary Mould"
a47be06e-4a92-4990-8957-7eb1644a4c3d,"Culinary & Fondant Moulds","General Silicone Moulds","HIGH","Matched type General Mould"
b1e02780-e9cb-4c9e-a4f1-68a9b6b91716,"Culinary & Fondant Moulds","Containers & Packaging","HIGH","Matched type Bottle/Container"
41f72b28-ef88-402d-ba1a-c0f568577ede,"Food Safe Flavour Oil","Culinary & Fondant Moulds","HIGH","Matched type Culinary Mould"
a17366df-d5c3-49dd-9272-b532b78fbfb4,"Food Safe Flavour Oil","Culinary & Fondant Moulds","HIGH","Matched type Culinary Mould"
cf1d6b6b-1578-40ee-94da-0e7e5ae4d0ed,"Culinary & Fondant Moulds","General Silicone Moulds","HIGH","Matched type General Mould"
71ed4a68-5dc2-406c-9e8a-f3d85e3ce881,"Containers & Packaging","Culinary & Fondant Moulds","HIGH","Matched type Culinary Mould"
e0ce28e0-24ce-45c4-850d-80510f73c1d1,"Food Safe Flavour Oil","Culinary & Fondant Moulds","HIGH","Matched type Culinary Mould"
361b14f2-4842-4da9-8293-f804fcdad7ea,"Culinary & Fondant Moulds","Fragrance Oils","HIGH","Matched type Fragrance Oil"
b2f0ecba-c3fb-4871-9fe1-c5ae96b248d2,"Containers & Packaging","Culinary & Fondant Moulds","HIGH","Matched type Culinary Mould"
8fb6490c-ac48-48dd-a975-41191e13e892,"Containers & Packaging","Culinary & Fondant Moulds","HIGH","Matched type Culinary Mould"
1538e2fa-5162-413f-b866-2b6f818995d7,"Containers & Packaging","Culinary & Fondant Moulds","HIGH","Matched type Culinary Mould"
8510ecdb-6bdd-44ff-ad7a-f6362f25a0f3,"Containers & Packaging","Culinary & Fondant Moulds","HIGH","Matched type Culinary Mould"
4780e227-fb3c-46cc-8511-e697619937b2,"Containers & Packaging","Culinary & Fondant Moulds","HIGH","Matched type Culinary Mould"
6f4bb3da-66d1-414e-aff9-72a7b1376966,"Containers & Packaging","Culinary & Fondant Moulds","HIGH","Matched type Culinary Mould"
66735020-10f6-4dce-808b-d025ade1e46a,"Food Safe Flavour Oil","Culinary & Fondant Moulds","HIGH","Matched type Culinary Mould"
a2c9d8a2-8498-4a47-b12e-2232a504f76b,"Food Safe Flavour Oil","Culinary & Fondant Moulds","HIGH","Matched type Culinary Mould"
93868a46-79dd-4907-a677-e3bfae10e17b,"Food Safe Flavour Oil","Culinary & Fondant Moulds","HIGH","Matched type Culinary Mould"
d10d9109-9584-45cf-84d6-3d8ef66f3a3e,"Containers & Packaging","Culinary & Fondant Moulds","HIGH","Matched type Culinary Mould"
11f0ba0a-78af-4cff-a213-4611610fbd54,"Food Safe Flavour Oil","Culinary & Fondant Moulds","HIGH","Matched type Culinary Mould"
7546f662-adce-4c29-8e43-422561bf223a,"Food Safe Flavour Oil","Culinary & Fondant Moulds","HIGH","Matched type Culinary Mould"
c585e0a3-c530-4011-bbfe-db6fdb895449,"Food Safe Flavour Oil","Culinary & Fondant Moulds","HIGH","Matched type Culinary Mould"
0944f56f-22f5-480c-bd52-cfd7a3334ecb,"Containers & Packaging","Culinary & Fondant Moulds","HIGH","Matched type Culinary Mould"
2cc097ae-43de-486e-a19b-bb1dedca308d,"Containers & Packaging","Culinary & Fondant Moulds","HIGH","Matched type Culinary Mould"
d1248b07-b09d-4a1b-8d1d-72fe7a3054de,"Culinary & Fondant Moulds","General Silicone Moulds","HIGH","Matched type General Mould"
5d4a6272-801e-445e-9758-419c040e4c9e,"Containers & Packaging","Culinary & Fondant Moulds","HIGH","Matched type Culinary Mould"
f9506596-ed7f-4a4f-9592-7205fa75f49c,"Culinary & Fondant Moulds","Candle Making Accessories","HIGH","Matched type Accessory/Tool"
3e527e2f-e8e0-438a-b052-0c0cb6ad3052,"Food Safe Flavour Oil","Culinary & Fondant Moulds","HIGH","Matched type Culinary Mould"
f1fa0ed3-1604-4e37-b734-2afce329cf17,"Food Safe Flavour Oil","Culinary & Fondant Moulds","HIGH","Matched type Culinary Mould"
e761f440-337f-4328-a46e-192ca68bf16c,"Food Safe Flavour Oil","Culinary & Fondant Moulds","HIGH","Matched type Culinary Mould"
e772138f-259f-49f9-92db-ae24ebd2cc2d,"Food Safe Flavour Oil","Culinary & Fondant Moulds","HIGH","Matched type Culinary Mould"
c09129cd-3c2c-400b-bb4b-360c91219796,"Food Safe Flavour Oil","Culinary & Fondant Moulds","HIGH","Matched type Culinary Mould"
f4377f1a-d941-4afc-8f5a-099ca7dd2eb5,"Food Safe Flavour Oil","Culinary & Fondant Moulds","HIGH","Matched type Culinary Mould"
c9647e5b-c160-4700-8794-7555e07a10ab,"Containers & Packaging","Culinary & Fondant Moulds","HIGH","Matched type Culinary Mould"
80107cc4-dd3b-4ce3-b109-5abc02529767,"Containers & Packaging","Culinary & Fondant Moulds","HIGH","Matched type Culinary Mould"
4aff4d55-ab73-4b1f-b767-353cb5a7ce53,"Food Safe Flavour Oil","Culinary & Fondant Moulds","HIGH","Matched type Culinary Mould"
8fdc6bc9-3d76-4ab5-bf82-2696e019dd07,"Containers & Packaging","Culinary & Fondant Moulds","HIGH","Matched type Culinary Mould"
f87c1ca1-abf8-4fd2-a4eb-ee5781d1e9b7,"Food Safe Flavour Oil","Culinary & Fondant Moulds","HIGH","Matched type Culinary Mould"
51732b30-a524-4562-9954-160ee682649d,"Containers & Packaging","Culinary & Fondant Moulds","HIGH","Matched type Culinary Mould"
205b619e-beb6-44af-beb9-995db4db7c7a,"Food Safe Flavour Oil","Culinary & Fondant Moulds","HIGH","Matched type Culinary Mould"
f9273ef5-4cfd-415f-87a1-2af4c135c275,"Food Safe Flavour Oil","Culinary & Fondant Moulds","HIGH","Matched type Culinary Mould"
6fe5c4ec-8374-4665-af70-6662afa6c73e,"Food Safe Flavour Oil","Culinary & Fondant Moulds","HIGH","Matched type Culinary Mould"
72d1a2e6-d1ef-497f-bc7b-46c410cf6c23,"Food Safe Flavour Oil","Culinary & Fondant Moulds","HIGH","Matched type Culinary Mould"
49b480c1-ee9a-454a-8c28-af36772faf31,"Food Safe Flavour Oil","Culinary & Fondant Moulds","HIGH","Matched type Culinary Mould"
aeaa1367-cf44-4400-8bd1-a30153c52e43,"Food Safe Flavour Oil","Culinary & Fondant Moulds","HIGH","Matched type Culinary Mould"
2d2f5f4d-6cb6-415d-b002-1f34120d98a3,"Containers & Packaging","Culinary & Fondant Moulds","HIGH","Matched type Culinary Mould"
f2cc2039-208d-497f-a325-a16befb18db0,"Food Safe Flavour Oil","Culinary & Fondant Moulds","HIGH","Matched type Culinary Mould"
9a657fb4-1d9d-4c47-b7c0-642302c2c290,"Candle & Pillar Moulds","Fragrance Oils","HIGH","Matched type Fragrance Oil"
316e9f0b-5664-4548-9f19-9b23ba616ceb,"Containers & Packaging","Culinary & Fondant Moulds","HIGH","Matched type Culinary Mould"
e9c99ff9-4f16-46c0-bc32-1266fcbecb27,"Containers & Packaging","Culinary & Fondant Moulds","HIGH","Matched type Culinary Mould"
8606e53b-0ca5-424a-9594-5947e11782d2,"Containers & Packaging","Culinary & Fondant Moulds","HIGH","Matched type Culinary Mould"
f12a5b23-6f47-476c-ad34-1db4ab942684,"Containers & Packaging","Culinary & Fondant Moulds","HIGH","Matched type Culinary Mould"
b07436ba-8426-4877-9bbe-fd28ccb06b60,"Food Safe Flavour Oil","Culinary & Fondant Moulds","HIGH","Matched type Culinary Mould"
703683f0-bf2f-4013-ac17-ffffe421dcb0,"Food Safe Flavour Oil","Culinary & Fondant Moulds","HIGH","Matched type Culinary Mould"
506a3601-02be-4581-9241-a223b3814498,"Food Safe Flavour Oil","Culinary & Fondant Moulds","HIGH","Matched type Culinary Mould"
bdbd9e51-e9a3-4e92-8b37-2ac2ff78190a,"Food Safe Flavour Oil","Culinary & Fondant Moulds","HIGH","Matched type Culinary Mould"
efa965c4-43ea-460e-bd39-f74663f56485,"Food Safe Flavour Oil","Culinary & Fondant Moulds","HIGH","Matched type Culinary Mould"
f0ee1188-3004-435d-9c11-a0e88f6b38f9,"Containers & Packaging","Culinary & Fondant Moulds","HIGH","Matched type Culinary Mould"
373abc3c-ff49-46cd-90ad-97c2fe812e39,"Culinary & Fondant Moulds","Soap & Bar Moulds","HIGH","Matched type Soap Mould"
ec39e51d-9964-4fb9-847a-a30cff70ef56,"Food Safe Flavour Oil","Culinary & Fondant Moulds","HIGH","Matched type Culinary Mould"
cd34f41c-dd77-46cc-936f-8d9c77e78f78,"Food Safe Flavour Oil","Culinary & Fondant Moulds","HIGH","Matched type Culinary Mould"
aa2a0772-6ef7-482e-9134-4d881aa76f7d,"Food Safe Flavour Oil","Culinary & Fondant Moulds","HIGH","Matched type Culinary Mould"
ba645f36-c085-4118-be84-0b35337bda13,"Food Safe Flavour Oil","Culinary & Fondant Moulds","HIGH","Matched type Culinary Mould"
574761cc-73ab-4c54-88e2-8faef3cb1435,"Containers & Packaging","Culinary & Fondant Moulds","HIGH","Matched type Culinary Mould"
b2911bfd-1464-40c4-a249-b3afd697f36b,"Culinary & Fondant Moulds","General Silicone Moulds","HIGH","Matched type General Mould"
ed35e29f-67ee-47c5-a892-2864caaa51c2,"Culinary & Fondant Moulds","Containers & Packaging","HIGH","Matched type Bottle/Container"
d7a32a22-91e1-4290-aa83-9483fe31d45a,"Food Safe Flavour Oil","Culinary & Fondant Moulds","HIGH","Matched type Culinary Mould"
4151a6ba-4e5e-4204-8f2d-490786de153c,"Food Safe Flavour Oil","Culinary & Fondant Moulds","HIGH","Matched type Culinary Mould"
0b7dc399-eb8c-46d7-b78a-e4b343578df3,"Food Safe Flavour Oil","Culinary & Fondant Moulds","HIGH","Matched type Culinary Mould"
a57b96d0-4ae5-4af3-b677-5d4130b2c3dd,"Culinary & Fondant Moulds","Containers & Packaging","HIGH","Matched type Bottle/Container"
77736471-9ae3-4af8-9f3c-7ef688c7e9e2,"Candle & Pillar Moulds","Fragrance Oils","HIGH","Matched type Fragrance Oil"
ff5a3f86-e0ff-4dd8-a64e-3a5bbf5a15da,"Food Safe Flavour Oil","Culinary & Fondant Moulds","HIGH","Matched type Culinary Mould"
8721043d-5623-41b5-a623-3f184c1f9922,"Food Safe Flavour Oil","Culinary & Fondant Moulds","HIGH","Matched type Culinary Mould"
46a17f27-1369-4cb8-89b1-33af7279a597,"Culinary & Fondant Moulds","General Silicone Moulds","HIGH","Matched type General Mould"
7d4a9b28-2546-4b29-b17e-5b51dd5a55a0,"Food Safe Flavour Oil","Culinary & Fondant Moulds","HIGH","Matched type Culinary Mould"
eda6fddd-86f0-4f89-976b-9daf4cad6634,"Containers & Packaging","Culinary & Fondant Moulds","HIGH","Matched type Culinary Mould"
5a72b749-febb-4926-961b-37b736b5082b,"Culinary & Fondant Moulds","Fragrance Oils","HIGH","Matched type Fragrance Oil"
1f9a22fa-189e-46b8-bb63-3aa927d31729,"Containers & Packaging","Culinary & Fondant Moulds","HIGH","Matched type Culinary Mould"
c4dc5fd1-6308-489a-a34a-0f1f40dfb171,"Containers & Packaging","Culinary & Fondant Moulds","HIGH","Matched type Culinary Mould"
43071eb2-e776-46ab-a489-ddf3c94fcc81,"Food Safe Flavour Oil","Culinary & Fondant Moulds","HIGH","Matched type Culinary Mould"
1363c08b-883d-4d2a-8084-35b171c0daf7,"Culinary & Fondant Moulds","Containers & Packaging","HIGH","Matched type Bottle/Container"
6eb9c84b-53ee-4691-9e33-3751e1a3eee3,"Food Safe Flavour Oil","Culinary & Fondant Moulds","HIGH","Matched type Culinary Mould"
69d85168-f08f-483d-b46a-15f2534f167a,"Culinary & Fondant Moulds","General Silicone Moulds","HIGH","Matched type General Mould"
19c026a4-e672-431d-8d37-84219a3dde7e,"Candle & Pillar Moulds","Fragrance Oils","HIGH","Matched type Fragrance Oil"
8dc824f3-803a-4111-9287-cd578f3e3bb3,"Food Safe Flavour Oil","Culinary & Fondant Moulds","HIGH","Matched type Culinary Mould"
29f7a4c5-91d3-4e0b-b949-63c8d73de2b4,"Culinary & Fondant Moulds","Containers & Packaging","HIGH","Matched type Bottle/Container"
40cab310-5f54-44c8-8b1a-7ebe14ddf097,"Food Safe Flavour Oil","Culinary & Fondant Moulds","HIGH","Matched type Culinary Mould"
67b9fe03-8730-4aca-a49f-eead83385796,"Food Safe Flavour Oil","Culinary & Fondant Moulds","HIGH","Matched type Culinary Mould"
f025c770-7c6d-472c-ba02-1a624720a6a9,"Culinary & Fondant Moulds","General Silicone Moulds","HIGH","Matched type General Mould"
02b0a08a-e18d-4f92-8dcf-3d82dc63a159,"Food Safe Flavour Oil","Culinary & Fondant Moulds","HIGH","Matched type Culinary Mould"
4feb3919-845c-4473-9390-e7990be64b4a,"Culinary & Fondant Moulds","Containers & Packaging","HIGH","Matched type Bottle/Container"
6c109fd1-6cac-44ee-afeb-c179ee060afa,"Food Safe Flavour Oil","Culinary & Fondant Moulds","HIGH","Matched type Culinary Mould"
efab5d56-0829-4785-b738-9d0b4f56566e,"Culinary & Fondant Moulds","General Silicone Moulds","HIGH","Matched type General Mould"
e82b8217-dd23-4350-9e20-74f9a973f95c,"Candle & Pillar Moulds","Fragrance Oils","HIGH","Matched type Fragrance Oil"
c4e49ec5-02cf-4f25-9da7-dc5c880021eb,"Food Safe Flavour Oil","Culinary & Fondant Moulds","HIGH","Matched type Culinary Mould"
3a97c71c-fed8-47fa-9a81-47c1bd1cb084,"Culinary & Fondant Moulds","Containers & Packaging","HIGH","Matched type Bottle/Container"
1c48e115-c766-482d-b5a9-16f4cfe2df65,"Food Safe Flavour Oil","Culinary & Fondant Moulds","HIGH","Matched type Culinary Mould"
e02f2deb-0cef-41ee-a7c3-91608f873610,"Food Safe Flavour Oil","Culinary & Fondant Moulds","HIGH","Matched type Culinary Mould"
54c66f02-7735-4c75-a382-60a6f93aaccc,"Culinary & Fondant Moulds","General Silicone Moulds","HIGH","Matched type General Mould"
4f90f2b4-8037-4070-9cfc-da81bd1c9e10,"Food Safe Flavour Oil","Culinary & Fondant Moulds","HIGH","Matched type Culinary Mould"
a86e12cf-6244-4746-b6d0-89358b9a57fe,"Containers & Packaging","Culinary & Fondant Moulds","HIGH","Matched type Culinary Mould"
a4073468-e6f5-45d2-8275-19bd3351909f,"Culinary & Fondant Moulds","Fragrance Oils","HIGH","Matched type Fragrance Oil"
60ef3c4c-1a10-48ed-b3c5-f5afb15e572c,"Containers & Packaging","Culinary & Fondant Moulds","HIGH","Matched type Culinary Mould"
1054869b-aaa4-4a1a-8a62-59cf247b4bac,"Containers & Packaging","Culinary & Fondant Moulds","HIGH","Matched type Culinary Mould"
ebe14828-cd1c-41c1-bf81-93b210aa562d,"Containers & Packaging","Culinary & Fondant Moulds","HIGH","Matched type Culinary Mould"
3eb24dc4-a21c-4e01-b39f-8b2e334ade70,"Containers & Packaging","Culinary & Fondant Moulds","HIGH","Matched type Culinary Mould"
05d03891-ac2d-4565-9ed0-8ca299f55e2d,"Containers & Packaging","Culinary & Fondant Moulds","HIGH","Matched type Culinary Mould"
30e0b308-40a6-4642-b365-8a6885aac26e,"Food Safe Flavour Oil","Culinary & Fondant Moulds","HIGH","Matched type Culinary Mould"
e577ab2a-9a86-4fc8-b587-c591b3e48328,"Food Safe Flavour Oil","Culinary & Fondant Moulds","HIGH","Matched type Culinary Mould"
4ce4ab7f-f578-470c-8f51-6c92f8eafe07,"Food Safe Flavour Oil","Culinary & Fondant Moulds","HIGH","Matched type Culinary Mould"
eca65791-e814-4caf-95db-6bc619c7012c,"Containers & Packaging","Culinary & Fondant Moulds","HIGH","Matched type Culinary Mould"
1d133897-045c-4bdf-be89-69621401fc20,"Food Safe Flavour Oil","Culinary & Fondant Moulds","HIGH","Matched type Culinary Mould"
1f50cb5b-cf99-49f6-9ed6-d0b3b79e96a6,"Food Safe Flavour Oil","Culinary & Fondant Moulds","HIGH","Matched type Culinary Mould"
7a9d0c98-2753-47ac-865f-af33d451e5e6,"Containers & Packaging","Culinary & Fondant Moulds","HIGH","Matched type Culinary Mould"
a0345b0c-1a4e-4f44-a0a8-f66009b0ed08,"Culinary & Fondant Moulds","General Silicone Moulds","HIGH","Matched type General Mould"
26b5a2ca-6cce-4e24-9de9-cd5d65dcd75e,"Containers & Packaging","Culinary & Fondant Moulds","HIGH","Matched type Culinary Mould"
2af1883a-f4da-4643-a1d1-f0cdc666c9a8,"Food Safe Flavour Oil","Culinary & Fondant Moulds","HIGH","Matched type Culinary Mould"
229b3a9c-671a-43b5-a8f3-9560459f4495,"Culinary & Fondant Moulds","Candle Making Accessories","HIGH","Matched type Accessory/Tool"
67ff6361-bb4c-4204-8884-19a06f7d220f,"Containers & Packaging","Culinary & Fondant Moulds","HIGH","Matched type Culinary Mould"
78e4e1eb-a6c0-419e-84a2-557fed059cdb,"Food Safe Flavour Oil","Culinary & Fondant Moulds","HIGH","Matched type Culinary Mould"
07cd7ae7-4a32-4519-bf3f-923143fcaaa5,"Candle & Pillar Moulds","Fragrance Oils","HIGH","Matched type Fragrance Oil"
fa66988f-84d4-46da-a0d0-a74944ad61db,"Food Safe Flavour Oil","Culinary & Fondant Moulds","HIGH","Matched type Culinary Mould"
1e1809c2-2a34-4599-9e3d-42dbde1042f0,"Food Safe Flavour Oil","Culinary & Fondant Moulds","HIGH","Matched type Culinary Mould"
91ea671d-51f5-401d-8169-97f57370b1e5,"Food Safe Flavour Oil","Culinary & Fondant Moulds","HIGH","Matched type Culinary Mould"
f8e8624d-a95f-403a-a225-2611b7f21d8c,"Food Safe Flavour Oil","Culinary & Fondant Moulds","HIGH","Matched type Culinary Mould"
a4ac45cd-7cf7-4514-98bf-27024ef2c36c,"Containers & Packaging","Culinary & Fondant Moulds","HIGH","Matched type Culinary Mould"
85ced5e3-bd56-472b-a455-4164225050a3,"Containers & Packaging","Culinary & Fondant Moulds","HIGH","Matched type Culinary Mould"
d9a03615-0f85-4e83-a308-23ba548d1816,"Containers & Packaging","Culinary & Fondant Moulds","HIGH","Matched type Culinary Mould"
39c2791c-466a-4fee-96a7-ccf4c4af9c82,"Food Safe Flavour Oil","Culinary & Fondant Moulds","HIGH","Matched type Culinary Mould"
3d27dba2-4007-49d1-bac0-f06c19f461dc,"Food Safe Flavour Oil","Culinary & Fondant Moulds","HIGH","Matched type Culinary Mould"
aa86e9e2-7372-4f33-b2d2-c74238254c53,"Containers & Packaging","Culinary & Fondant Moulds","HIGH","Matched type Culinary Mould"
e46a4ccc-b9e5-46c8-ad9e-4b11833f26ee,"Food Safe Flavour Oil","Culinary & Fondant Moulds","HIGH","Matched type Culinary Mould"
9e512cc2-44fa-46d6-ab8e-44491f49dae6,"Food Safe Flavour Oil","Culinary & Fondant Moulds","HIGH","Matched type Culinary Mould"
ce126996-1f55-420f-a437-ff2eb63f5f45,"Food Safe Flavour Oil","Culinary & Fondant Moulds","HIGH","Matched type Culinary Mould"
891a9cd2-56f3-4c1a-964a-97dce62c9af3,"Food Safe Flavour Oil","Culinary & Fondant Moulds","HIGH","Matched type Culinary Mould"
3bc8002d-3248-44de-a26f-3f4e47fffbff,"Food Safe Flavour Oil","Culinary & Fondant Moulds","HIGH","Matched type Culinary Mould"
6b2636fa-0ef4-408c-8401-ceb648be9b01,"Food Safe Flavour Oil","Culinary & Fondant Moulds","HIGH","Matched type Culinary Mould"
50d546d3-73b6-4075-a224-6d20ed820232,"Containers & Packaging","Culinary & Fondant Moulds","HIGH","Matched type Culinary Mould"
6e54bc7e-5694-4d95-92c9-a4139f626bb9,"Food Safe Flavour Oil","Culinary & Fondant Moulds","HIGH","Matched type Culinary Mould"
2afddbf9-c30e-45d6-ae14-0105cdb64736,"Culinary & Fondant Moulds","Soap & Bar Moulds","HIGH","Matched type Soap Mould"
98a687cc-6788-4f39-9ccf-6591ae2f0974,"Containers & Packaging","Culinary & Fondant Moulds","HIGH","Matched type Culinary Mould"
d8b40268-b4a0-4bbe-b5ad-ebf2cfbfcb80,"Containers & Packaging","Culinary & Fondant Moulds","HIGH","Matched type Culinary Mould"
7fae3e89-5401-4d02-abc5-2e0496b3866e,"Containers & Packaging","Culinary & Fondant Moulds","HIGH","Matched type Culinary Mould"
5ce6d1d2-5698-4257-93db-ad2c411db4ce,"Food Safe Flavour Oil","Culinary & Fondant Moulds","HIGH","Matched type Culinary Mould"
0aeed667-fbaf-4c21-b821-4db54380c141,"Food Safe Flavour Oil","Culinary & Fondant Moulds","HIGH","Matched type Culinary Mould"
c12f74c0-8381-4a88-b2d8-8a6c5cf0419b,"Food Safe Flavour Oil","Culinary & Fondant Moulds","HIGH","Matched type Culinary Mould"
f287917f-9f45-47bf-97f4-c068abb9f194,"Food Safe Flavour Oil","Culinary & Fondant Moulds","HIGH","Matched type Culinary Mould"
b97fcc50-e8f4-4b5c-a6fc-61c99e86621a,"Food Safe Flavour Oil","Culinary & Fondant Moulds","HIGH","Matched type Culinary Mould"
34f9e61e-3ce2-429c-a868-dc39518a695b,"Culinary & Fondant Moulds","Soap & Bar Moulds","HIGH","Matched type Soap Mould"
62a76796-fe94-4f1b-800d-f2d6372cef9d,"Containers & Packaging","Culinary & Fondant Moulds","HIGH","Matched type Culinary Mould"
5a6da66e-d4b5-4442-bc4f-c8dbcff5297c,"Food Safe Flavour Oil","Culinary & Fondant Moulds","HIGH","Matched type Culinary Mould"
88603a0f-c75b-4b73-98df-2869a8be68ae,"Candle & Pillar Moulds","Fragrance Oils","HIGH","Matched type Fragrance Oil"
f56ee85b-9f8b-4438-8aa6-e5322a70e671,"Food Safe Flavour Oil","Culinary & Fondant Moulds","HIGH","Matched type Culinary Mould"
2f6737be-d155-4031-ad10-d790d86dce3a,"Food Safe Flavour Oil","Culinary & Fondant Moulds","HIGH","Matched type Culinary Mould"
2b7e737e-1ccf-4b87-9431-ab73c03df5a3,"Food Safe Flavour Oil","Culinary & Fondant Moulds","HIGH","Matched type Culinary Mould"
a810d255-7742-4e2b-9737-4cbbb5a20e9e,"Containers & Packaging","Culinary & Fondant Moulds","HIGH","Matched type Culinary Mould"
43f1bad3-6ffb-4fa8-ad31-233c5b11475b,"Food Safe Flavour Oil","Culinary & Fondant Moulds","HIGH","Matched type Culinary Mould"
6422ed5e-d00a-4c51-86ea-a46f65fab1bf,"Containers & Packaging","Culinary & Fondant Moulds","HIGH","Matched type Culinary Mould"
a9aaa62e-986a-4e5c-8f7f-68caaafa44d5,"Containers & Packaging","Culinary & Fondant Moulds","HIGH","Matched type Culinary Mould"
c2c0f04b-d557-478a-8116-e43a7ec74fae,"Food Safe Flavour Oil","Culinary & Fondant Moulds","HIGH","Matched type Culinary Mould"
e55374e8-d52e-4831-bbf9-59e0bbcbc7cb,"Culinary & Fondant Moulds","Containers & Packaging","HIGH","Matched type Bottle/Container"
2612767f-e377-48c2-a949-c214c1da2afc,"Food Safe Flavour Oil","Culinary & Fondant Moulds","HIGH","Matched type Culinary Mould"
8d114efe-3a4c-4ce6-8091-131badcbae3e,"Culinary & Fondant Moulds","General Silicone Moulds","HIGH","Matched type General Mould"
d22d9fb8-b8e1-4bb1-bb59-1b200390d1f4,"Food Safe Flavour Oil","Culinary & Fondant Moulds","HIGH","Matched type Culinary Mould"
5bccae72-8091-495d-8315-ab36f25c2b6f,"Food Safe Flavour Oil","Culinary & Fondant Moulds","HIGH","Matched type Culinary Mould"
c690f35d-e20e-443e-807b-5b453c794395,"Food Safe Flavour Oil","Culinary & Fondant Moulds","HIGH","Matched type Culinary Mould"
f54ecf26-4d99-4312-a9be-276cd6fd8f11,"Culinary & Fondant Moulds","Containers & Packaging","HIGH","Matched type Bottle/Container"
b8ff4a92-fd95-4db4-9764-da418bdc3ef2,"Culinary & Fondant Moulds","General Silicone Moulds","HIGH","Matched type General Mould"
ea039466-b428-4a68-939b-b5e1a89cada4,"Food Safe Flavour Oil","Culinary & Fondant Moulds","HIGH","Matched type Culinary Mould"
dbb231bc-dfda-4bd0-97d3-214fdc691d83,"Containers & Packaging","Culinary & Fondant Moulds","HIGH","Matched type Culinary Mould"
56b13a2b-9813-4aa5-b9c6-246f0eb0f8f6,"Culinary & Fondant Moulds","Fragrance Oils","HIGH","Matched type Fragrance Oil"
31f86606-f3d0-40af-8b45-ceb0a19158c8,"Containers & Packaging","Culinary & Fondant Moulds","HIGH","Matched type Culinary Mould"
9cde936e-b41f-4188-82b6-1acf54c1edba,"Containers & Packaging","Culinary & Fondant Moulds","HIGH","Matched type Culinary Mould"
75cbbc07-5653-4beb-86ca-149690fd0d58,"Containers & Packaging","Culinary & Fondant Moulds","HIGH","Matched type Culinary Mould"
eb68e41d-bbb9-4ece-935c-5fa12de021f1,"Culinary & Fondant Moulds","Containers & Packaging","HIGH","Matched type Bottle/Container"
a47666d1-4338-409a-a817-71c51bf12dbb,"Culinary & Fondant Moulds","General Silicone Moulds","HIGH","Matched type General Mould"
f7d9d444-cf26-40b5-9faa-681de208d446,"Containers & Packaging","Culinary & Fondant Moulds","HIGH","Matched type Culinary Mould"
e45d3778-0196-4742-bbee-7c050e3bb9f7,"Food Safe Flavour Oil","Culinary & Fondant Moulds","HIGH","Matched type Culinary Mould"
68dc2d14-9498-42c2-a8a9-0581c57cc870,"Food Safe Flavour Oil","Culinary & Fondant Moulds","HIGH","Matched type Culinary Mould"
077d9ab5-495b-4353-b4d8-cfecd8cf159d,"Food Safe Flavour Oil","Culinary & Fondant Moulds","HIGH","Matched type Culinary Mould"
c9126216-39a3-4836-9dc7-cc95bd01cfdc,"Food Safe Flavour Oil","Culinary & Fondant Moulds","HIGH","Matched type Culinary Mould"
1cd5f3d2-3748-4e37-b0f5-3be5e48e1700,"Candle & Pillar Moulds","Fragrance Oils","HIGH","Matched type Fragrance Oil"
286429a8-2b7b-422b-8471-8363f378b3d7,"Food Safe Flavour Oil","Culinary & Fondant Moulds","HIGH","Matched type Culinary Mould"
3688b35d-45ba-4d63-878d-aa23f8114595,"Containers & Packaging","Culinary & Fondant Moulds","HIGH","Matched type Culinary Mould"
889f038a-db95-4324-889d-d25e1f8a8df3,"Food Safe Flavour Oil","Culinary & Fondant Moulds","HIGH","Matched type Culinary Mould"
c13ad30a-c1c1-436c-aa71-438c9042f71f,"Food Safe Flavour Oil","Culinary & Fondant Moulds","HIGH","Matched type Culinary Mould"
d1c2e7b0-5398-4ce9-b34d-ef8674ec5f86,"Food Safe Flavour Oil","Culinary & Fondant Moulds","HIGH","Matched type Culinary Mould"
11d28eef-f280-489b-8614-d8815eb1b2f8,"Containers & Packaging","Culinary & Fondant Moulds","HIGH","Matched type Culinary Mould"
0eb201b4-2913-4f33-b84b-b2d27bd0d3ef,"Containers & Packaging","Culinary & Fondant Moulds","HIGH","Matched type Culinary Mould"
5e34ab82-4620-46c0-a112-abe18a2a3add,"Culinary & Fondant Moulds","General Silicone Moulds","HIGH","Matched type General Mould"
109a84ce-ba21-40f8-a700-e36006fb6b71,"Culinary & Fondant Moulds","Containers & Packaging","HIGH","Matched type Bottle/Container"
08b629e5-53f4-4f66-90f9-fd413a4f94f9,"Food Safe Flavour Oil","Culinary & Fondant Moulds","HIGH","Matched type Culinary Mould"
4b373ac0-85c4-40ec-a9b3-be03101ed46a,"Culinary & Fondant Moulds","Candle Making Accessories","HIGH","Matched type Accessory/Tool"
b1ca4c99-02c7-4990-bf84-b42a79f799d4,"Food Safe Flavour Oil","Culinary & Fondant Moulds","HIGH","Matched type Culinary Mould"
7b720e9f-00e1-4d89-a27d-f569ee1a68fa,"Containers & Packaging","Culinary & Fondant Moulds","HIGH","Matched type Culinary Mould"
1b217b73-d39c-42fa-a38d-b8f68b274bae,"Food Safe Flavour Oil","Culinary & Fondant Moulds","HIGH","Matched type Culinary Mould"
e92ea484-e0c6-4b28-ada2-ccbf24111263,"Containers & Packaging","Culinary & Fondant Moulds","HIGH","Matched type Culinary Mould"
d4cc9aa0-5f77-49d7-a422-357be55712d2,"Food Safe Flavour Oil","Culinary & Fondant Moulds","HIGH","Matched type Culinary Mould"
d86cac03-16a1-4698-ac50-bd2e2a292927,"Food Safe Flavour Oil","Culinary & Fondant Moulds","HIGH","Matched type Culinary Mould"
627cec55-ebb4-42c9-939b-fd0954a0a990,"Food Safe Flavour Oil","Culinary & Fondant Moulds","HIGH","Matched type Culinary Mould"
536e6de4-f25b-4c8b-86d4-8a27e950d7e5,"Culinary & Fondant Moulds","General Silicone Moulds","HIGH","Matched type General Mould"
9084ecc6-776d-4293-b1b4-5608f7c489ef,"Food Safe Flavour Oil","Culinary & Fondant Moulds","HIGH","Matched type Culinary Mould"
4a5626af-06cb-485c-b0d4-9cdc34e3ad8b,"Food Safe Flavour Oil","Culinary & Fondant Moulds","HIGH","Matched type Culinary Mould"
51ee8bf6-9775-4a7f-90cc-893ae2e06637,"Containers & Packaging","Culinary & Fondant Moulds","HIGH","Matched type Culinary Mould"
118c3d90-58f2-4b5f-9a81-11abed4315d7,"Food Safe Flavour Oil","Culinary & Fondant Moulds","HIGH","Matched type Culinary Mould"
b1ee4987-26c2-42bf-8377-41636a0404eb,"Containers & Packaging","Culinary & Fondant Moulds","HIGH","Matched type Culinary Mould"
57938654-441a-451f-91e7-85e58a1869fc,"Food Safe Flavour Oil","Culinary & Fondant Moulds","HIGH","Matched type Culinary Mould"
71d61fe5-ab70-4d5d-9d76-d6194c45f78b,"Containers & Packaging","Culinary & Fondant Moulds","HIGH","Matched type Culinary Mould"
0288a005-9ecf-4dba-93f2-21e65d8e8eec,"Food Safe Flavour Oil","Culinary & Fondant Moulds","HIGH","Matched type Culinary Mould"
a61a38b1-d4c0-45ec-86ae-983b8d016954,"Food Safe Flavour Oil","Culinary & Fondant Moulds","HIGH","Matched type Culinary Mould"
6c0d5132-8075-498e-adec-d2195e57320b,"Food Safe Flavour Oil","Culinary & Fondant Moulds","HIGH","Matched type Culinary Mould"
3cdc3a83-f7a5-45e3-9724-04593612ebd1,"Food Safe Flavour Oil","Culinary & Fondant Moulds","HIGH","Matched type Culinary Mould"
27043e7c-943d-4dd7-b532-ff117e43b055,"Food Safe Flavour Oil","Culinary & Fondant Moulds","HIGH","Matched type Culinary Mould"
6b74c82c-80ff-4e69-bd31-885a275c34a2,"Food Safe Flavour Oil","Culinary & Fondant Moulds","HIGH","Matched type Culinary Mould"
1e8a8879-903a-45a8-b496-5adf91c09a82,"Containers & Packaging","Culinary & Fondant Moulds","HIGH","Matched type Culinary Mould"
ca49404c-1aee-4655-b534-a0158eff2021,"Containers & Packaging","Culinary & Fondant Moulds","HIGH","Matched type Culinary Mould"
7b9d28eb-f18d-4ec9-97d9-664947920e74,"Food Safe Flavour Oil","Culinary & Fondant Moulds","HIGH","Matched type Culinary Mould"
3cd67090-7fda-416d-8d02-59538dfdc49e,"Containers & Packaging","Culinary & Fondant Moulds","HIGH","Matched type Culinary Mould"
0c4935bb-ff05-49f9-9e06-8b3b0dc8bd79,"Culinary & Fondant Moulds","Soap & Bar Moulds","HIGH","Matched type Soap Mould"
e71e8a2d-8b29-4b78-9e9d-17d144ffd237,"Containers & Packaging","Culinary & Fondant Moulds","HIGH","Matched type Culinary Mould"
2a36ddc7-ca9c-464e-969f-f9b334d01d86,"Containers & Packaging","Culinary & Fondant Moulds","HIGH","Matched type Culinary Mould"
60f1e15d-74b6-465a-8d81-ad190a69a9df,"Food Safe Flavour Oil","Culinary & Fondant Moulds","HIGH","Matched type Culinary Mould"
411a050f-d78f-4fc6-9020-e08a4220e918,"Containers & Packaging","Culinary & Fondant Moulds","HIGH","Matched type Culinary Mould"
64487e53-e641-4efe-bc95-b3bbb7058eeb,"Food Safe Flavour Oil","Culinary & Fondant Moulds","HIGH","Matched type Culinary Mould"
ee2b57e4-ba67-43fa-8b8b-bfa86ca8cb35,"Food Safe Flavour Oil","Culinary & Fondant Moulds","HIGH","Matched type Culinary Mould"
0d6fd582-6089-49f2-9624-ef1b164f3f59,"Food Safe Flavour Oil","Culinary & Fondant Moulds","HIGH","Matched type Culinary Mould"
1d3374a4-0ee3-4f81-97cc-1d97c9cc89b7,"Food Safe Flavour Oil","Culinary & Fondant Moulds","HIGH","Matched type Culinary Mould"
a72a65a5-24fe-47d7-b8ea-89fad349b767,"Containers & Packaging","Culinary & Fondant Moulds","HIGH","Matched type Culinary Mould"
2438af58-8f40-455b-a6ce-87c58a02af2d,"Food Safe Flavour Oil","Culinary & Fondant Moulds","HIGH","Matched type Culinary Mould"
d6991a52-7b68-42d3-b560-f82b7c81e92b,"Culinary & Fondant Moulds","Soap & Bar Moulds","HIGH","Matched type Soap Mould"
227bc8c5-08d8-4cd8-8719-38778be01d8f,"Culinary & Fondant Moulds","Fragrance Oils","HIGH","Matched type Fragrance Oil"
82442eff-9c88-428d-9eb4-babde4b40562,"Food Safe Flavour Oil","Culinary & Fondant Moulds","HIGH","Matched type Culinary Mould"
07e9d9a9-b0b6-4642-80aa-3ff6cff9ec95,"Food Safe Flavour Oil","Culinary & Fondant Moulds","HIGH","Matched type Culinary Mould"
7248927e-e0c9-4ccd-a7c9-352263f09bba,"Containers & Packaging","Culinary & Fondant Moulds","HIGH","Matched type Culinary Mould"
bc874683-a448-484f-b445-ce10bf0845cd,"Food Safe Flavour Oil","Culinary & Fondant Moulds","HIGH","Matched type Culinary Mould"
ee2c6475-37e3-4bef-b33c-07409024763d,"Food Safe Flavour Oil","Culinary & Fondant Moulds","HIGH","Matched type Culinary Mould"
7b6c368b-aca5-4823-bb3f-272cdcdc17ed,"Food Safe Flavour Oil","Culinary & Fondant Moulds","HIGH","Matched type Culinary Mould"
038052c6-e644-4542-b4d0-2e0925b7b499,"Containers & Packaging","Culinary & Fondant Moulds","HIGH","Matched type Culinary Mould"
d4a72770-3b5c-4a40-b389-b5332e21529f,"Containers & Packaging","Culinary & Fondant Moulds","HIGH","Matched type Culinary Mould"
76a1ffbf-f8f0-4575-9a5b-ced717fed460,"Containers & Packaging","Culinary & Fondant Moulds","HIGH","Matched type Culinary Mould"
a3655a38-a033-4e6a-a7ed-7336a228ed02,"Containers & Packaging","Culinary & Fondant Moulds","HIGH","Matched type Culinary Mould"
9a4492b8-5e42-4564-a723-dc141f833293,"Containers & Packaging","Culinary & Fondant Moulds","HIGH","Matched type Culinary Mould"
41b13895-786e-4fd3-841c-800b867aa650,"Containers & Packaging","Culinary & Fondant Moulds","HIGH","Matched type Culinary Mould"
612553ee-1008-43a5-93f6-1fa43c5eec0f,"Containers & Packaging","Culinary & Fondant Moulds","HIGH","Matched type Culinary Mould"
8e2bb4a4-1d6d-4f39-84a6-68ac4f072f18,"Food Safe Flavour Oil","Culinary & Fondant Moulds","HIGH","Matched type Culinary Mould"
253959de-2767-4434-b687-269be08aafac,"Food Safe Flavour Oil","Culinary & Fondant Moulds","HIGH","Matched type Culinary Mould"
a4f5b0be-db2b-4227-a15d-60f68260a71a,"Food Safe Flavour Oil","Culinary & Fondant Moulds","HIGH","Matched type Culinary Mould"
1168f029-444f-43c9-a3e4-5254d017f490,"Containers & Packaging","Culinary & Fondant Moulds","HIGH","Matched type Culinary Mould"
269f68a0-b663-4a02-8f71-dbdd3f38c4b9,"Food Safe Flavour Oil","Culinary & Fondant Moulds","HIGH","Matched type Culinary Mould"
e96f5508-2673-4e24-a619-fe11cc84e6ed,"Food Safe Flavour Oil","Culinary & Fondant Moulds","HIGH","Matched type Culinary Mould"
45795ddd-1b6e-4d08-951e-94d81dac0fac,"Containers & Packaging","Culinary & Fondant Moulds","HIGH","Matched type Culinary Mould"
1202e47d-7a45-4b81-8b94-4e5c70368788,"Containers & Packaging","Culinary & Fondant Moulds","HIGH","Matched type Culinary Mould"
659d850e-f8c3-4955-8ff3-33d8bc1cfaac,"Food Safe Flavour Oil","Culinary & Fondant Moulds","HIGH","Matched type Culinary Mould"
f3503a93-1928-4b9e-a593-7bdf48f034f3,"Culinary & Fondant Moulds","Candle Making Accessories","HIGH","Matched type Accessory/Tool"
abe693ef-0be8-4448-901d-452176240412,"Containers & Packaging","Culinary & Fondant Moulds","HIGH","Matched type Culinary Mould"
62dd0edf-a8d5-46b9-ab24-43ebc89865bd,"Food Safe Flavour Oil","Culinary & Fondant Moulds","HIGH","Matched type Culinary Mould"
29c28722-cd3f-4b78-9873-9823a46154d3,"Candle & Pillar Moulds","Fragrance Oils","HIGH","Matched type Fragrance Oil"
9af3c9f8-99be-4202-93c1-88cbf81e4cd3,"Food Safe Flavour Oil","Culinary & Fondant Moulds","HIGH","Matched type Culinary Mould"
87a883c7-9144-4091-a184-64a79c074e22,"Food Safe Flavour Oil","Culinary & Fondant Moulds","HIGH","Matched type Culinary Mould"
7ed66c0b-9337-4e1e-a6de-a24a382064dd,"Food Safe Flavour Oil","Culinary & Fondant Moulds","HIGH","Matched type Culinary Mould"
804fa19d-834c-43cd-8c81-2164245c37ba,"Candle & Pillar Moulds","Fragrance Oils","HIGH","Matched type Fragrance Oil"
20ad9399-8177-43bd-8615-6953967abf4a,"Food Safe Flavour Oil","Culinary & Fondant Moulds","HIGH","Matched type Culinary Mould"
d51f4f95-2b2a-44ad-b830-a960f1e355b8,"Containers & Packaging","Culinary & Fondant Moulds","HIGH","Matched type Culinary Mould"
6a1a3f46-12a6-4d9d-8b1b-8888eaa01d4a,"Containers & Packaging","Culinary & Fondant Moulds","HIGH","Matched type Culinary Mould"
3dad2b1d-b9ef-47cc-a932-92f19d7aa3a2,"Candle & Pillar Moulds","Fragrance Oils","HIGH","Matched type Fragrance Oil"
2bc330c2-6b38-455d-b447-a769a7a3afd6,"Candle & Pillar Moulds","Soap & Bar Moulds","HIGH","Matched type Soap Mould"
e9b0c683-b13b-442d-9014-4bde49d9b832,"Premium Bases & Waxes","Candle Making Accessories","HIGH","Matched type Wick/Tool"
e92a69d7-f850-4658-bd84-f91d2b0fa362,"Candle & Pillar Moulds","Soap & Bar Moulds","HIGH","Matched type Soap Mould"
1a4b0dc0-4aa5-426e-bb65-e3609b483ad2,"Candle & Pillar Moulds","Containers & Packaging","HIGH","Matched type Bottle/Container"
85ca3db8-5577-4a82-93bb-95b3623da1a2,"Candle & Pillar Moulds","General Silicone Moulds","HIGH","Matched type General Mould"
e42d63ce-9825-48de-a4e1-a5de660bdab6,"Candle & Pillar Moulds","Fragrance Oils","HIGH","Matched type Fragrance Oil"
ed03672a-b4af-44bf-9094-1a0c1e4ff681,"Candle & Pillar Moulds","General Silicone Moulds","HIGH","Matched type General Mould"
aea2c802-c79b-49e3-9f07-b359e6719e4b,"Candle & Pillar Moulds","Fragrance Oils","HIGH","Matched type Fragrance Oil"
20eb3c07-67d8-4b64-ae55-ecd14fce0611,"Candle & Pillar Moulds","Fragrance Oils","HIGH","Matched type Fragrance Oil"
75de1dd6-cc75-4b79-82d3-739c224354df,"Candle & Pillar Moulds","Fragrance Oils","HIGH","Matched type Fragrance Oil"
7eae0073-faff-443a-ba5f-18207fe4aeb1,"Candle & Pillar Moulds","Fragrance Oils","HIGH","Matched type Fragrance Oil"
3e8c6e87-7fae-49d0-bb19-b8914422a0ab,"Candle & Pillar Moulds","Fragrance Oils","HIGH","Matched type Fragrance Oil"
a92c84b1-e491-4351-ae2b-b61909125394,"Candle & Pillar Moulds","Fragrance Oils","HIGH","Matched type Fragrance Oil"
1c2ae6ad-d079-4698-b737-633f8a28574b,"Candle & Pillar Moulds","Fragrance Oils","HIGH","Matched type Fragrance Oil"
c71f73ef-7c5d-45bd-a40e-3e7bd57dd6aa,"Candle & Pillar Moulds","Fragrance Oils","HIGH","Matched type Fragrance Oil"
fb6f525b-75b8-40e0-8562-de43380ba949,"Candle & Pillar Moulds","Fragrance Oils","HIGH","Matched type Fragrance Oil"
980cdda8-99dd-4311-96c8-961b28755cb2,"Candle & Pillar Moulds","Fragrance Oils","HIGH","Matched type Fragrance Oil"
48b0306a-7781-4e5d-b1f5-aeab991a169e,"Candle & Pillar Moulds","Fragrance Oils","HIGH","Matched type Fragrance Oil"
5353cdd2-2dfa-42be-8429-3d0afff1ae24,"Candle & Pillar Moulds","Fragrance Oils","HIGH","Matched type Fragrance Oil"
ae1402b6-abb0-412c-ac0a-a518c3bbe2fe,"Candle & Pillar Moulds","Fragrance Oils","HIGH","Matched type Fragrance Oil"
6ad8e8cb-8db6-46c6-8d48-5206f8481f56,"Candle & Pillar Moulds","Fragrance Oils","HIGH","Matched type Fragrance Oil"
ddcb10a3-d787-4a7e-a2e1-0497229a518e,"Candle & Pillar Moulds","Fragrance Oils","HIGH","Matched type Fragrance Oil"
445ef52f-3512-4d68-86c6-53051e915b7c,"Candle & Pillar Moulds","Fragrance Oils","HIGH","Matched type Fragrance Oil"
83fdb650-da56-478c-932b-aa0991dad6d8,"Candle & Pillar Moulds","Fragrance Oils","HIGH","Matched type Fragrance Oil"
cb5addd1-af15-4113-9c3a-7317a41d62ec,"Candle & Pillar Moulds","Fragrance Oils","HIGH","Matched type Fragrance Oil"
c37bb372-f6f0-4a8d-8baf-29846d5f3a88,"Candle & Pillar Moulds","Fragrance Oils","HIGH","Matched type Fragrance Oil"
57728b5a-9a7b-42c0-9a61-b8c09184ed86,"Candle & Pillar Moulds","Fragrance Oils","HIGH","Matched type Fragrance Oil"
65550360-b9b9-4ce9-9bf5-67f134cd1cd2,"Candle & Pillar Moulds","Fragrance Oils","HIGH","Matched type Fragrance Oil"
41c8ba4e-e823-4646-adcf-8c3fc7872b6e,"Candle & Pillar Moulds","Fragrance Oils","HIGH","Matched type Fragrance Oil"
7a36427f-8bda-46f2-89ed-b9018d19aceb,"Candle & Pillar Moulds","Fragrance Oils","HIGH","Matched type Fragrance Oil"
847ae200-6264-46ff-9fed-5a91d8a30c67,"Candle & Pillar Moulds","Fragrance Oils","HIGH","Matched type Fragrance Oil"
c0da7b85-a6dd-4b0f-ba94-4f243f679978,"Candle & Pillar Moulds","Fragrance Oils","HIGH","Matched type Fragrance Oil"
ec7bd409-b070-4009-a8a3-3c0d4ee180dc,"Candle & Pillar Moulds","Fragrance Oils","HIGH","Matched type Fragrance Oil"
1e49372d-5556-463a-8d62-7d2bddf44331,"Candle & Pillar Moulds","Fragrance Oils","HIGH","Matched type Fragrance Oil"
be1a4eb3-8405-4934-90ec-e4e887a8f8de,"Candle & Pillar Moulds","Fragrance Oils","HIGH","Matched type Fragrance Oil"
31a60892-228b-4455-aa8b-47037bf725a9,"Candle & Pillar Moulds","Fragrance Oils","HIGH","Matched type Fragrance Oil"
bd6f2996-c4a5-4b6f-be9b-922039a85444,"Candle & Pillar Moulds","Fragrance Oils","HIGH","Matched type Fragrance Oil"
872f362d-4aa2-4019-b8f5-8101879ddf71,"Candle & Pillar Moulds","Fragrance Oils","HIGH","Matched type Fragrance Oil"
680134d8-9021-4a9f-9fea-fa2107bec504,"Candle & Pillar Moulds","Fragrance Oils","HIGH","Matched type Fragrance Oil"
5add4612-78de-447b-a7b1-4e8419b17129,"Candle & Pillar Moulds","Fragrance Oils","HIGH","Matched type Fragrance Oil"
c6e918ac-cecc-4dcc-9d3c-54c40cf05b3b,"Candle & Pillar Moulds","Fragrance Oils","HIGH","Matched type Fragrance Oil"
b6e5f2fe-35ad-4fd1-b00c-a99773bb5c83,"Candle & Pillar Moulds","Fragrance Oils","HIGH","Matched type Fragrance Oil"
faf6ca04-7814-4567-bd8d-00baaa244175,"Candle & Pillar Moulds","Fragrance Oils","HIGH","Matched type Fragrance Oil"
fd3717a2-41ad-4e6b-86b2-c67ad4204a79,"Candle & Pillar Moulds","Fragrance Oils","HIGH","Matched type Fragrance Oil"
8a8060c4-bfa8-4f13-a8d4-3734832f3fe3,"Candle & Pillar Moulds","Fragrance Oils","HIGH","Matched type Fragrance Oil"
7dd90d71-b59d-4106-9c88-82f49c19644b,"Candle & Pillar Moulds","Fragrance Oils","HIGH","Matched type Fragrance Oil"
be184a5b-ebed-4756-9ba2-4fd28b57449f,"Candle & Pillar Moulds","Fragrance Oils","HIGH","Matched type Fragrance Oil"
3e26e133-d6a1-4db3-8f0c-51e40ee04315,"Candle & Pillar Moulds","Fragrance Oils","HIGH","Matched type Fragrance Oil"
23d7b704-c8b4-4e90-ab64-c114c93217cb,"Candle & Pillar Moulds","Fragrance Oils","HIGH","Matched type Fragrance Oil"
e3085f48-839e-4cab-90c0-8c3978933d57,"Candle & Pillar Moulds","Fragrance Oils","HIGH","Matched type Fragrance Oil"
785d8110-6eba-4ae0-96db-6fa580ad6889,"Candle & Pillar Moulds","Fragrance Oils","HIGH","Matched type Fragrance Oil"
0531997e-517e-42fd-a8c3-1e7751fa8fbd,"Candle & Pillar Moulds","Fragrance Oils","HIGH","Matched type Fragrance Oil"
62837eba-bbd2-4c32-aa85-b050a9805e3b,"Candle & Pillar Moulds","Fragrance Oils","HIGH","Matched type Fragrance Oil"
8e907bcc-17c2-45d4-93b0-b4b77926f817,"Candle & Pillar Moulds","Fragrance Oils","HIGH","Matched type Fragrance Oil"
a525fcfb-7c3c-44f4-a098-3e9c6e9e002f,"Candle & Pillar Moulds","Fragrance Oils","HIGH","Matched type Fragrance Oil"
ac8232bf-d318-454e-9885-698b029fca59,"Candle & Pillar Moulds","Fragrance Oils","HIGH","Matched type Fragrance Oil"
21c284dc-a3bc-476e-84d5-0b638d32262a,"Candle & Pillar Moulds","Fragrance Oils","HIGH","Matched type Fragrance Oil"
f86ef2ec-071f-4548-83cd-1a7d8c901f6f,"Candle & Pillar Moulds","Fragrance Oils","HIGH","Matched type Fragrance Oil"
c2b6357e-2e3d-4439-97cc-91d48bd46c18,"Candle & Pillar Moulds","Fragrance Oils","HIGH","Matched type Fragrance Oil"
eafc7a1b-a587-4963-b14f-6b27258c02f8,"Candle & Pillar Moulds","Fragrance Oils","HIGH","Matched type Fragrance Oil"
6d7322f3-4fb8-440f-ad7b-88959a4a47fb,"Candle & Pillar Moulds","Fragrance Oils","HIGH","Matched type Fragrance Oil"
895294b8-dbc3-466b-ab52-96f1dc504c1b,"Candle & Pillar Moulds","Fragrance Oils","HIGH","Matched type Fragrance Oil"
e0d5b302-dfac-4f02-b401-c86a2702dc02,"Candle & Pillar Moulds","Fragrance Oils","HIGH","Matched type Fragrance Oil"
6bbfde16-75f0-44ab-a299-c0601bfed185,"Candle & Pillar Moulds","Fragrance Oils","HIGH","Matched type Fragrance Oil"
8cc43295-9689-4d79-8935-2eb11ae999f5,"Candle & Pillar Moulds","Fragrance Oils","HIGH","Matched type Fragrance Oil"
7c5d950a-9053-4eb7-a8a0-8e16f9c24cc4,"Candle & Pillar Moulds","Fragrance Oils","HIGH","Matched type Fragrance Oil"
082e81d0-3205-4920-867c-9b10582026a4,"Candle & Pillar Moulds","Fragrance Oils","HIGH","Matched type Fragrance Oil"
fb3b2a68-8f59-4bfa-b74a-ffb1d15eb6b5,"Candle & Pillar Moulds","Fragrance Oils","HIGH","Matched type Fragrance Oil"
e7665c3b-4479-4ccc-8213-213df18b56bb,"Candle & Pillar Moulds","Fragrance Oils","HIGH","Matched type Fragrance Oil"
45e0ce27-209e-46fc-b1be-d105137a8054,"Candle & Pillar Moulds","Fragrance Oils","HIGH","Matched type Fragrance Oil"
bc43260b-ebfa-443d-92d0-9045e778ccdb,"Candle & Pillar Moulds","Fragrance Oils","HIGH","Matched type Fragrance Oil"
bf1b3716-c12e-47f6-bd41-a85134b5eef2,"Candle & Pillar Moulds","Fragrance Oils","HIGH","Matched type Fragrance Oil"
6e277e5b-7054-4761-80c1-067f4632a693,"Candle & Pillar Moulds","Fragrance Oils","HIGH","Matched type Fragrance Oil"
8b686e4f-e650-435a-ac7f-b6b6f2677523,"Candle & Pillar Moulds","Fragrance Oils","HIGH","Matched type Fragrance Oil"
58946844-8d81-499f-98b9-ea33a7839d53,"Candle & Pillar Moulds","Fragrance Oils","HIGH","Matched type Fragrance Oil"
de38023a-7692-4a1b-8cd9-74706ba2710a,"Candle & Pillar Moulds","Fragrance Oils","HIGH","Matched type Fragrance Oil"
3ee2af6b-1300-4ab8-9d0f-79c560404062,"Candle & Pillar Moulds","Fragrance Oils","HIGH","Matched type Fragrance Oil"
1695171c-ab92-41fe-9d76-1820de1bb6e3,"Candle & Pillar Moulds","Fragrance Oils","HIGH","Matched type Fragrance Oil"
e27c80e4-9061-489e-9ef0-45a2fe836de8,"Candle & Pillar Moulds","Fragrance Oils","HIGH","Matched type Fragrance Oil"
fa68ed01-bc01-43ae-bc1f-68422d2774a5,"Candle & Pillar Moulds","Fragrance Oils","HIGH","Matched type Fragrance Oil"
b1a5ebee-c676-4327-8166-f44aa64f6eb3,"Candle & Pillar Moulds","Fragrance Oils","HIGH","Matched type Fragrance Oil"
09a9f464-d40d-42f5-a4af-2f8b69ee6330,"Candle & Pillar Moulds","Fragrance Oils","HIGH","Matched type Fragrance Oil"
72d90ae9-cc26-44cc-9270-efd589d21658,"Candle & Pillar Moulds","Fragrance Oils","HIGH","Matched type Fragrance Oil"
206aaeb0-8134-4d1d-a587-105bdca7c390,"Candle & Pillar Moulds","Fragrance Oils","HIGH","Matched type Fragrance Oil"
e734ac6c-30cc-42e3-8678-043486366a64,"Candle & Pillar Moulds","Fragrance Oils","HIGH","Matched type Fragrance Oil"
49db0e28-bcc6-451b-bf56-3a6b6b59d419,"Candle & Pillar Moulds","Fragrance Oils","HIGH","Matched type Fragrance Oil"
1b75408e-6a3d-4d00-bd8c-ee4a2954c14d,"Candle & Pillar Moulds","Fragrance Oils","HIGH","Matched type Fragrance Oil"
14d77285-f3f7-4227-8d52-66e691b44f09,"Candle & Pillar Moulds","Fragrance Oils","HIGH","Matched type Fragrance Oil"
08b39e42-52b6-434d-b646-e94b9a3666b5,"Candle & Pillar Moulds","Fragrance Oils","HIGH","Matched type Fragrance Oil"
7eec7127-55d5-427f-9932-a4981efcb6cf,"Candle & Pillar Moulds","Fragrance Oils","HIGH","Matched type Fragrance Oil"
f2f15a56-6eeb-4861-9d10-83c8eb7be21f,"Candle & Pillar Moulds","Fragrance Oils","HIGH","Matched type Fragrance Oil"
09fdfdcc-8575-4ba3-b5b5-69bd77c5d761,"Candle & Pillar Moulds","Fragrance Oils","HIGH","Matched type Fragrance Oil"
2ae81b02-1486-4c58-a6c9-0d3340090719,"Candle & Pillar Moulds","Fragrance Oils","HIGH","Matched type Fragrance Oil"
0ea5cf2c-9071-496b-93bb-7f112b4bf2e4,"Premium Bases & Waxes","Candle Making Accessories","HIGH","Matched type Wick/Tool"
55a27e0c-397f-4a79-96cc-9fb29bf6d9b5,"Premium Bases & Waxes","Candle Making Accessories","HIGH","Matched type Wick/Tool"
276f8945-01cd-48d6-94fd-24359d900bab,"Candle & Pillar Moulds","Soap & Bar Moulds","HIGH","Matched type Soap Mould"
93f9417e-d129-49a3-a418-9a06182f05b9,"Containers & Packaging","Candle & Pillar Moulds","HIGH","Matched type Candle Mould"
ddd25923-dd54-4319-bab2-adfe1af18dbf,"Candle & Pillar Moulds","Premium Bases & Waxes","HIGH","Matched type Wax/Base"
c4e2a6f8-ea19-443e-9bb5-5f6bbca6b3e5,"Containers & Packaging","Candle & Pillar Moulds","HIGH","Matched type Candle Mould"
cc5835a1-dc80-467a-8cc5-051f40394142,"Containers & Packaging","Candle & Pillar Moulds","HIGH","Matched type Candle Mould"
7011442d-2b92-4f40-a8d7-9ef734b1e1a4,"Candle & Pillar Moulds","Fragrance Oils","HIGH","Matched type Fragrance Oil"
a10539bb-e8a5-4d68-94df-4dfd44911811,"Premium Bases & Waxes","Containers & Packaging","HIGH","Matched type Bottle/Container"
96a4b893-3a7b-4348-84b2-4e8941f18a16,"Premium Bases & Waxes","Pigments & Colors","HIGH","Matched type Pigment/Color"
da21d06e-51d9-4655-8064-8e735cb1bc82,"Premium Bases & Waxes","Candle Making Accessories","HIGH","Matched type Wick/Tool"
79bf8dbc-ef02-4e99-87e6-1d68bad48416,"Containers & Packaging","Candle & Pillar Moulds","HIGH","Matched type Candle Mould"
29db8709-a8e3-41cf-b434-4b5ecb1d31e0,"Containers & Packaging","Candle & Pillar Moulds","HIGH","Matched type Candle Mould"
6dcccf9c-f58a-4e9e-a609-4ed457aeaef0,"Candle & Pillar Moulds","Soap & Bar Moulds","HIGH","Matched type Soap Mould"
5331960b-49bb-4e6c-98d1-da8f7e43db67,"Candle & Pillar Moulds","Containers & Packaging","HIGH","Matched type Bottle/Container"
9cc9e486-805c-4fe7-b596-1fceb7a314c1,"Containers & Packaging","Candle & Pillar Moulds","HIGH","Matched type Candle Mould"
6b5cc095-b47e-45a7-8b17-f3e37aa10bab,"Candle & Pillar Moulds","Premium Bases & Waxes","HIGH","Matched type Wax/Base"
68d1ea4d-f674-4201-8a4f-b4f3f384e862,"Containers & Packaging","Candle & Pillar Moulds","HIGH","Matched type Candle Mould"
f7c8db2f-c32e-46a6-a802-4d368515cc42,"Containers & Packaging","Candle & Pillar Moulds","HIGH","Matched type Candle Mould"
db1b23b2-f90e-46fe-934e-c4f0ed52a015,"Candle & Pillar Moulds","Soap & Bar Moulds","HIGH","Matched type Soap Mould"
d5adb4b9-c637-4d49-a883-b20d87910a04,"Containers & Packaging","Soap & Bar Moulds","HIGH","Matched type Soap Mould"
a9f6765a-d61b-4cab-984e-5a8be06f29dd,"Candle & Pillar Moulds","Fragrance Oils","HIGH","Matched type Fragrance Oil"
6dcc248b-c23f-4d2a-a7cb-f41c34dd0c15,"Containers & Packaging","Candle & Pillar Moulds","HIGH","Matched type Candle Mould"
c9211e0e-e3de-46d1-9ac2-53ae73675456,"Containers & Packaging","Candle & Pillar Moulds","HIGH","Matched type Candle Mould"
169c8d5d-3d1b-48f6-bc3c-5f9d117525e2,"Candle & Pillar Moulds","Soap & Bar Moulds","HIGH","Matched type Soap Mould"
bb59829d-ea23-4fdb-9cbd-11ec61b2842e,"Candle & Pillar Moulds","Soap & Bar Moulds","HIGH","Matched type Soap Mould"
b62769e7-1c48-4d4a-bb02-c5b6a57557ed,"Candle & Pillar Moulds","Soap & Bar Moulds","HIGH","Matched type Soap Mould"
d9b31cd3-1c4c-4b16-b5f0-389325b00db5,"Premium Bases & Waxes","Candle Making Accessories","HIGH","Matched type Wick/Tool"
90313b37-39a0-4b49-a0f8-d79922f51719,"Candle & Pillar Moulds","Soap & Bar Moulds","HIGH","Matched type Soap Mould"
554c5e73-61f4-45a8-aade-9629e1b8dc02,"Candle & Pillar Moulds","Containers & Packaging","HIGH","Matched type Bottle/Container"
29dee7d8-8bd4-461c-b6f7-d3fd70ff4411,"Candle & Pillar Moulds","General Silicone Moulds","HIGH","Matched type General Mould"
20a280b9-71dc-4fed-9e63-81d1cf6143be,"Candle & Pillar Moulds","Containers & Packaging","HIGH","Matched type Bottle/Container"
95f17ca4-9b9f-406f-a1d2-057bb76acdb1,"Candle & Pillar Moulds","Fragrance Oils","HIGH","Matched type Fragrance Oil"
5dadeb62-cf85-4760-9d5a-4568a32a6127,"Candle & Pillar Moulds","Fragrance Oils","HIGH","Matched type Fragrance Oil"
3e0dc378-845d-4ea3-876c-78283f977f93,"Candle & Pillar Moulds","Fragrance Oils","HIGH","Matched type Fragrance Oil"
e8af7206-2968-4dba-956c-c553f7fc8a7b,"Candle & Pillar Moulds","Fragrance Oils","HIGH","Matched type Fragrance Oil"
b0a03272-3cb5-4b54-8d53-f4409e765b2e,"Candle & Pillar Moulds","Fragrance Oils","HIGH","Matched type Fragrance Oil"
0a7b4df1-c1dc-48ef-8331-10749a8da477,"Candle & Pillar Moulds","Fragrance Oils","HIGH","Matched type Fragrance Oil"
8316cc70-2dfd-4055-a146-6dff3f1303c5,"Candle & Pillar Moulds","Fragrance Oils","HIGH","Matched type Fragrance Oil"
df20aab8-9403-4795-89d7-417b6e9939e9,"Candle & Pillar Moulds","Fragrance Oils","HIGH","Matched type Fragrance Oil"
c7e7db79-7b97-4cba-8b60-525753c902d5,"Candle & Pillar Moulds","Fragrance Oils","HIGH","Matched type Fragrance Oil"
696e3ea0-47a5-481a-bf0b-4c905262d55a,"Candle & Pillar Moulds","Fragrance Oils","HIGH","Matched type Fragrance Oil"
06c2eb89-4016-4bb6-a704-a29fa813e6b5,"Candle & Pillar Moulds","Fragrance Oils","HIGH","Matched type Fragrance Oil"
045b03e9-c853-4e0d-877b-5cd8a52ed5ca,"Candle & Pillar Moulds","Fragrance Oils","HIGH","Matched type Fragrance Oil"
45c1398a-1bc1-42c5-91fc-5f8efa13f5ac,"Candle & Pillar Moulds","Fragrance Oils","HIGH","Matched type Fragrance Oil"
8c480206-4b18-4f78-a39a-b535cad5316e,"Candle & Pillar Moulds","Fragrance Oils","HIGH","Matched type Fragrance Oil"
23a0285d-fe57-4dd6-af81-1c35bcce5d07,"Candle & Pillar Moulds","Fragrance Oils","HIGH","Matched type Fragrance Oil"
4f871dd8-c420-479f-9c50-eab1c27936cc,"Candle & Pillar Moulds","Fragrance Oils","HIGH","Matched type Fragrance Oil"
ef9772b5-40e4-4ebf-9905-687821f0668e,"Candle & Pillar Moulds","Fragrance Oils","HIGH","Matched type Fragrance Oil"
7f413f16-a16b-459e-b15f-2fbd535a8b92,"Candle & Pillar Moulds","Fragrance Oils","HIGH","Matched type Fragrance Oil"
8b0c225f-6bf8-4d99-ab93-7d24d296f424,"Candle & Pillar Moulds","Fragrance Oils","HIGH","Matched type Fragrance Oil"
1beb1851-6b1b-454a-996f-7225714c1393,"Candle & Pillar Moulds","Fragrance Oils","HIGH","Matched type Fragrance Oil"
ddb6401e-5c7c-4c68-9849-80986023850b,"Candle & Pillar Moulds","Fragrance Oils","HIGH","Matched type Fragrance Oil"
e4febc61-5a79-4d25-a48d-688a649b5281,"Candle & Pillar Moulds","Fragrance Oils","HIGH","Matched type Fragrance Oil"
fc90b141-79ac-47c7-9b62-71212dbf3db7,"Candle & Pillar Moulds","Fragrance Oils","HIGH","Matched type Fragrance Oil"
aedb7b48-b494-4a96-9d17-13214f46b1a2,"Candle & Pillar Moulds","Fragrance Oils","HIGH","Matched type Fragrance Oil"
76c33500-e6e2-4ee6-b57b-dba463c5d211,"Candle & Pillar Moulds","Fragrance Oils","HIGH","Matched type Fragrance Oil"
e246090c-35f4-42af-98ea-3a96af193b1a,"Candle & Pillar Moulds","Fragrance Oils","HIGH","Matched type Fragrance Oil"
cb09097f-56ff-4f2d-a281-ea62cf4986b9,"Candle & Pillar Moulds","Fragrance Oils","HIGH","Matched type Fragrance Oil"
b6f352a8-2d22-4fe8-abdb-484d4a0b2d3e,"Candle & Pillar Moulds","Fragrance Oils","HIGH","Matched type Fragrance Oil"
94414a3b-ff17-4a01-af94-b2e1fe45ca8a,"Candle & Pillar Moulds","Fragrance Oils","HIGH","Matched type Fragrance Oil"
ef6eb0c6-ebf1-44c6-b64d-c2ae4483e392,"Candle & Pillar Moulds","Fragrance Oils","HIGH","Matched type Fragrance Oil"
ab60e039-5ea0-463a-9506-8f2789b4a59a,"Candle & Pillar Moulds","Fragrance Oils","HIGH","Matched type Fragrance Oil"
fa98d74e-a824-44e8-b03f-9e3d444f6d26,"Candle & Pillar Moulds","Fragrance Oils","HIGH","Matched type Fragrance Oil"
f6c3f35c-1b4f-47e2-b08b-4026e7ff8497,"Candle & Pillar Moulds","Fragrance Oils","HIGH","Matched type Fragrance Oil"
379adb33-77e1-4ded-96f9-965fd4e98ab2,"Candle & Pillar Moulds","Fragrance Oils","HIGH","Matched type Fragrance Oil"
b9a5a83c-738d-427e-8d01-060c5ae7dcd2,"Candle & Pillar Moulds","Fragrance Oils","HIGH","Matched type Fragrance Oil"
f4586fe8-eb1e-4925-a498-6f73927b6f20,"Candle & Pillar Moulds","Fragrance Oils","HIGH","Matched type Fragrance Oil"
50c63895-235c-4d66-9cdc-086a31152a65,"Candle & Pillar Moulds","Fragrance Oils","HIGH","Matched type Fragrance Oil"
d359fcac-112c-45a7-8c38-a9c37f412604,"Candle & Pillar Moulds","Fragrance Oils","HIGH","Matched type Fragrance Oil"
a88724a3-a34e-4f69-b95f-5ef12644f413,"Candle & Pillar Moulds","Fragrance Oils","HIGH","Matched type Fragrance Oil"
5f823219-92b0-4a12-822e-fbe89ff134e2,"Candle & Pillar Moulds","Fragrance Oils","HIGH","Matched type Fragrance Oil"
cae132a7-0988-422a-97b6-afa4a397e7f4,"Candle & Pillar Moulds","Fragrance Oils","HIGH","Matched type Fragrance Oil"
67454ad4-4c6c-4c7b-bab9-f96014d48db6,"Candle & Pillar Moulds","Fragrance Oils","HIGH","Matched type Fragrance Oil"
c82c43ba-16f8-4dea-a633-050dbb6f801b,"Candle & Pillar Moulds","Fragrance Oils","HIGH","Matched type Fragrance Oil"
3d70ccb4-ef9f-4725-a283-71e3e79222eb,"Candle & Pillar Moulds","Fragrance Oils","HIGH","Matched type Fragrance Oil"
fa2763de-71d8-4aff-859f-014a6351e468,"Candle & Pillar Moulds","Fragrance Oils","HIGH","Matched type Fragrance Oil"
85b11729-79b4-4ed0-938c-2bf93dbe6fed,"Candle & Pillar Moulds","Fragrance Oils","HIGH","Matched type Fragrance Oil"
fce84e35-31f2-47e1-8539-b004d90d76b5,"Candle & Pillar Moulds","Fragrance Oils","HIGH","Matched type Fragrance Oil"
e5988beb-038a-421d-a294-8e055bd7c6cc,"Candle & Pillar Moulds","Fragrance Oils","HIGH","Matched type Fragrance Oil"
0862a41c-88c4-4ac7-9696-714809797241,"Candle & Pillar Moulds","Fragrance Oils","HIGH","Matched type Fragrance Oil"
c3b84518-a3f8-445d-ba92-604ed5e049f7,"Candle & Pillar Moulds","Fragrance Oils","HIGH","Matched type Fragrance Oil"
eac9074d-bcaf-4b00-b81e-a50aa62e74f1,"Candle & Pillar Moulds","Fragrance Oils","HIGH","Matched type Fragrance Oil"
68eee6f3-41cf-46c8-981c-840173aab8c8,"Candle & Pillar Moulds","Fragrance Oils","HIGH","Matched type Fragrance Oil"
fc02052b-b0c8-4367-81ca-bc576e8b4b1f,"Candle & Pillar Moulds","Fragrance Oils","HIGH","Matched type Fragrance Oil"
6221be4b-a008-46b5-9e40-9eff0b186765,"Candle & Pillar Moulds","Fragrance Oils","HIGH","Matched type Fragrance Oil"
cc50fc57-3ad1-4089-a6b7-f7fbd7382642,"Candle & Pillar Moulds","Fragrance Oils","HIGH","Matched type Fragrance Oil"
d3e56161-38cd-4186-a9ca-c82e833dc643,"Candle & Pillar Moulds","Fragrance Oils","HIGH","Matched type Fragrance Oil"
bc1006d6-2d64-4ca1-be4f-a2930c6b050e,"Candle & Pillar Moulds","Fragrance Oils","HIGH","Matched type Fragrance Oil"
269bc033-65ea-4b23-926f-5aa55d95a454,"Candle & Pillar Moulds","Fragrance Oils","HIGH","Matched type Fragrance Oil"
68a630dd-d30f-49b5-8b94-9c87dae8d58d,"Candle & Pillar Moulds","Fragrance Oils","HIGH","Matched type Fragrance Oil"
a781b7f9-274f-4ab3-ac43-39bd3c93b809,"Candle & Pillar Moulds","Fragrance Oils","HIGH","Matched type Fragrance Oil"
202a7c43-872a-4559-8d47-3f3f106d40a6,"Candle & Pillar Moulds","Fragrance Oils","HIGH","Matched type Fragrance Oil"
4e1d2d34-6f80-4c0f-b855-d7417c59a1a1,"Candle & Pillar Moulds","Fragrance Oils","HIGH","Matched type Fragrance Oil"
85670db6-8bf0-46e0-b9b5-34f184b4bae1,"Candle & Pillar Moulds","Fragrance Oils","HIGH","Matched type Fragrance Oil"
3b5768a6-9e43-4a8e-82f5-ee130f7888a7,"Candle & Pillar Moulds","Fragrance Oils","HIGH","Matched type Fragrance Oil"
10de030b-9e80-44fe-8a64-919e7e2df19f,"Candle & Pillar Moulds","Fragrance Oils","HIGH","Matched type Fragrance Oil"
ba0d72ac-cc4a-4ed1-8797-0e2304bfbcc8,"Candle & Pillar Moulds","Fragrance Oils","HIGH","Matched type Fragrance Oil"
7f674752-9197-42be-84ab-830848bb0414,"Candle & Pillar Moulds","Fragrance Oils","HIGH","Matched type Fragrance Oil"
38e660b4-443e-4dc1-9c7e-536e575ba3ef,"Candle & Pillar Moulds","Fragrance Oils","HIGH","Matched type Fragrance Oil"
52111505-1605-48c8-a629-7240b5b38ef3,"Candle & Pillar Moulds","Fragrance Oils","HIGH","Matched type Fragrance Oil"
f1a1d751-2825-411f-90bc-3341356829b7,"Candle & Pillar Moulds","Fragrance Oils","HIGH","Matched type Fragrance Oil"
a67d600a-b876-4d01-89e3-c28a3e4f360b,"Candle & Pillar Moulds","Fragrance Oils","HIGH","Matched type Fragrance Oil"
90b84573-d205-4834-9484-7168c9ecf889,"Candle & Pillar Moulds","Fragrance Oils","HIGH","Matched type Fragrance Oil"
058ed488-fbcb-407b-acb9-236a73d01896,"Candle & Pillar Moulds","Fragrance Oils","HIGH","Matched type Fragrance Oil"
b37430bb-55bb-40cf-9d88-69a3a9d7772e,"Candle & Pillar Moulds","Fragrance Oils","HIGH","Matched type Fragrance Oil"
ce03e618-4cf1-4c65-a3cd-5b3c9b8d8cea,"Candle & Pillar Moulds","Fragrance Oils","HIGH","Matched type Fragrance Oil"
e83ff9ea-2577-4bde-8049-29ed7383cb0f,"Candle & Pillar Moulds","Fragrance Oils","HIGH","Matched type Fragrance Oil"
de8b9d56-596e-4be6-928f-4e17fe519485,"Candle & Pillar Moulds","Fragrance Oils","HIGH","Matched type Fragrance Oil"
122ee581-b703-4b2d-a95c-5202da1587bd,"Candle & Pillar Moulds","Fragrance Oils","HIGH","Matched type Fragrance Oil"
c6c2201e-3e06-4bc3-8c23-8a2075ae7241,"Candle & Pillar Moulds","Fragrance Oils","HIGH","Matched type Fragrance Oil"
77539f7e-71de-4adf-a3fa-b72ce8352ed1,"Candle & Pillar Moulds","Fragrance Oils","HIGH","Matched type Fragrance Oil"
b2a9fdc1-d2f0-4b9d-9b31-e965588006ac,"Candle & Pillar Moulds","Fragrance Oils","HIGH","Matched type Fragrance Oil"
98967462-e6f8-47b8-84e2-adf3facf9dbe,"Candle & Pillar Moulds","Fragrance Oils","HIGH","Matched type Fragrance Oil"
3ee6d77d-aede-48c9-b2c4-2607a2ea6e30,"Candle & Pillar Moulds","Fragrance Oils","HIGH","Matched type Fragrance Oil"
ed4d7e9b-f111-4e5e-a8a0-d9bb8b5a4d19,"Candle & Pillar Moulds","Fragrance Oils","HIGH","Matched type Fragrance Oil"
21045770-a0f6-421d-aee1-8cab2db5405d,"Premium Bases & Waxes","Candle Making Accessories","HIGH","Matched type Wick/Tool"
215bbff2-3bb2-4ff0-a14b-e28f6239b633,"Candle & Pillar Moulds","Premium Bases & Waxes","HIGH","Matched type Wax/Base"
77fcc3b4-3f85-44ba-9c07-7713b7aaeebb,"Containers & Packaging","Candle & Pillar Moulds","HIGH","Matched type Candle Mould"
7e6cd433-4bbf-40e1-a8ef-2285b5932daa,"Candle & Pillar Moulds","Fragrance Oils","HIGH","Matched type Fragrance Oil"
497a6ded-dfd2-4b36-b909-66dc608e8381,"Candle & Pillar Moulds","Soap & Bar Moulds","HIGH","Matched type Soap Mould"
1a0af9ff-3f09-4a70-8f0c-aac9cb2ea495,"Candle & Pillar Moulds","Soap & Bar Moulds","HIGH","Matched type Soap Mould"
3583a882-5490-4cbc-a257-9534ba4a0e34,"Candle & Pillar Moulds","Fragrance Oils","HIGH","Matched type Fragrance Oil"
2b52e7e9-5fd2-4dd2-ad10-a729ba90aebe,"Candle & Pillar Moulds","General Silicone Moulds","HIGH","Matched type General Mould"
c6ca4b6d-01c9-46d7-975c-3c4d32afff33,"Candle & Pillar Moulds","Containers & Packaging","HIGH","Matched type Bottle/Container"
eb53eac1-faaa-4715-ac2a-620ddde72878,"Candle & Pillar Moulds","Soap & Bar Moulds","HIGH","Matched type Soap Mould"
f409d0af-50ef-438c-a064-227610899cdd,"Candle & Pillar Moulds","Soap & Bar Moulds","HIGH","Matched type Soap Mould"
1203399d-9506-494b-839f-1de5b4bff5c7,"Candle & Pillar Moulds","General Silicone Moulds","HIGH","Matched type General Mould"
a6709d89-d1a1-49c1-a0e4-650f97b58288,"Candle & Pillar Moulds","Containers & Packaging","HIGH","Matched type Bottle/Container"
5ac28ff7-170d-4c41-b8d9-22edc6bc0647,"Candle & Pillar Moulds","General Silicone Moulds","HIGH","Matched type General Mould"
7bfa6250-a3c5-497e-afe6-581729f92a24,"Candle & Pillar Moulds","Containers & Packaging","HIGH","Matched type Bottle/Container"
2ab9c824-5439-478c-b42d-81f66e8c9464,"Candle & Pillar Moulds","Fragrance Oils","HIGH","Matched type Fragrance Oil"
bcb8d359-cd4b-43d6-aa53-425901607f6a,"Candle & Pillar Moulds","Fragrance Oils","HIGH","Matched type Fragrance Oil"
6641edef-02a2-4af0-b4f1-4654421130e1,"Candle & Pillar Moulds","Fragrance Oils","HIGH","Matched type Fragrance Oil"
950f438e-8fdf-4cc2-ad71-c0ec0ca58937,"Candle & Pillar Moulds","Fragrance Oils","HIGH","Matched type Fragrance Oil"
8ac90a84-5b0a-4804-95f5-e82f4234fdc4,"Candle & Pillar Moulds","Fragrance Oils","HIGH","Matched type Fragrance Oil"
c9d485a2-55d7-4022-aba2-0cb5a30ef5a2,"Candle & Pillar Moulds","Fragrance Oils","HIGH","Matched type Fragrance Oil"
9488758e-891c-46f5-867d-0035f3e84394,"Candle & Pillar Moulds","Fragrance Oils","HIGH","Matched type Fragrance Oil"
7db51ca5-13ff-471c-9264-191f504dca1b,"Candle & Pillar Moulds","Fragrance Oils","HIGH","Matched type Fragrance Oil"
5a3c7417-557d-4161-96d1-64e513ab7b7c,"Candle & Pillar Moulds","Fragrance Oils","HIGH","Matched type Fragrance Oil"
84023f96-8b38-42ed-aa83-cd2054d3f72d,"Candle & Pillar Moulds","Fragrance Oils","HIGH","Matched type Fragrance Oil"
3ab10548-fd0a-4858-8b82-f62eea745c80,"Candle & Pillar Moulds","Fragrance Oils","HIGH","Matched type Fragrance Oil"
f341c23a-cbfa-4ffe-9465-bf67e5b1e263,"Candle & Pillar Moulds","Fragrance Oils","HIGH","Matched type Fragrance Oil"
89c135b6-db48-4aa6-abc1-ff68eed78e17,"Candle & Pillar Moulds","Fragrance Oils","HIGH","Matched type Fragrance Oil"
a45899ab-58d8-4783-86a5-77da24a9b4c8,"Candle & Pillar Moulds","Fragrance Oils","HIGH","Matched type Fragrance Oil"
2ba41289-d3f0-4ec2-b36c-187904593e17,"Candle & Pillar Moulds","Fragrance Oils","HIGH","Matched type Fragrance Oil"
707281b9-9ab2-4256-a676-430806d1301d,"Candle & Pillar Moulds","Fragrance Oils","HIGH","Matched type Fragrance Oil"
c5ace578-a3dd-4c87-aeee-588c4597fcea,"Candle & Pillar Moulds","Fragrance Oils","HIGH","Matched type Fragrance Oil"
39f2d922-5cc9-4caa-b427-ec2fe2f7c1cb,"Candle & Pillar Moulds","Fragrance Oils","HIGH","Matched type Fragrance Oil"
484b88f7-80b5-44f0-8c4f-3887f5b50be2,"Candle & Pillar Moulds","Fragrance Oils","HIGH","Matched type Fragrance Oil"
82b53c4e-93dd-49d1-95e8-baf6c078be2f,"Candle & Pillar Moulds","Fragrance Oils","HIGH","Matched type Fragrance Oil"
15c9ce61-2f50-4016-a8f5-5e567d5f8977,"Candle & Pillar Moulds","Fragrance Oils","HIGH","Matched type Fragrance Oil"
4a5d9c21-5e3e-4eb7-b723-0038e8fbbb2c,"Candle & Pillar Moulds","Fragrance Oils","HIGH","Matched type Fragrance Oil"
d9c69425-1b2c-4174-9846-42f99b7590db,"Candle & Pillar Moulds","Fragrance Oils","HIGH","Matched type Fragrance Oil"
95719eba-3671-438e-8c42-e942f56fae74,"Candle & Pillar Moulds","Fragrance Oils","HIGH","Matched type Fragrance Oil"
a788c77d-52f0-4c15-b478-509d36f18d96,"Candle & Pillar Moulds","Fragrance Oils","HIGH","Matched type Fragrance Oil"
1951a13d-07e2-49c3-b76b-a5a907a1fd51,"Candle & Pillar Moulds","Fragrance Oils","HIGH","Matched type Fragrance Oil"
1c517bb5-1c94-4508-a2b2-9b9106ec8728,"Candle & Pillar Moulds","Fragrance Oils","HIGH","Matched type Fragrance Oil"
7b7cc57b-6215-4626-a88d-1a8ba3659ac2,"Candle & Pillar Moulds","Fragrance Oils","HIGH","Matched type Fragrance Oil"
e5a77b6c-4b82-4b40-a0e0-1e67c9038ef4,"Candle & Pillar Moulds","Fragrance Oils","HIGH","Matched type Fragrance Oil"
7b8b97cf-32fa-4a96-b016-26c6ca4cbac6,"Candle & Pillar Moulds","Fragrance Oils","HIGH","Matched type Fragrance Oil"
4e217317-1a0b-43b4-a385-a85d22cabb12,"Candle & Pillar Moulds","Fragrance Oils","HIGH","Matched type Fragrance Oil"
dd9c7011-6084-4870-bbfd-78c3a7779a2e,"Candle & Pillar Moulds","Fragrance Oils","HIGH","Matched type Fragrance Oil"
d4a83379-aa18-4b61-9415-3f0b6db0726b,"Candle & Pillar Moulds","Fragrance Oils","HIGH","Matched type Fragrance Oil"
ea5fd49e-e4ea-4897-8e1b-9c62aea24a35,"Candle & Pillar Moulds","Fragrance Oils","HIGH","Matched type Fragrance Oil"
e7db5468-fb0b-409a-8446-9c19c1d21208,"Candle & Pillar Moulds","Fragrance Oils","HIGH","Matched type Fragrance Oil"
13b7e111-24e0-4ddc-9d39-57f9c4911621,"Candle & Pillar Moulds","Fragrance Oils","HIGH","Matched type Fragrance Oil"
7a21185d-2f14-426c-9a73-7143965461fe,"Candle & Pillar Moulds","Fragrance Oils","HIGH","Matched type Fragrance Oil"
e720bac7-5dc8-4a5e-9499-7d78ac1d141c,"Candle & Pillar Moulds","Fragrance Oils","HIGH","Matched type Fragrance Oil"
7758f737-f8c2-45df-a680-bc43a85b8062,"Candle & Pillar Moulds","Fragrance Oils","HIGH","Matched type Fragrance Oil"
8f9b6a1e-ee06-450c-b725-d7bcca3fb5a2,"Candle & Pillar Moulds","Fragrance Oils","HIGH","Matched type Fragrance Oil"
133bed01-0188-4c6b-bc55-d84bdd1d2fcc,"Candle & Pillar Moulds","Fragrance Oils","HIGH","Matched type Fragrance Oil"
826c66d7-b063-40b9-9175-6867c478ea78,"Candle & Pillar Moulds","Fragrance Oils","HIGH","Matched type Fragrance Oil"
f543da28-94e8-4e5c-b19f-d0e8e1b0f6ee,"Candle & Pillar Moulds","Fragrance Oils","HIGH","Matched type Fragrance Oil"
7b54f827-4efd-4fe5-8e69-63c4b076758f,"Candle & Pillar Moulds","Fragrance Oils","HIGH","Matched type Fragrance Oil"
4e8c73b6-f584-4704-b0ba-810dfa1d60a4,"Candle & Pillar Moulds","Fragrance Oils","HIGH","Matched type Fragrance Oil"
12126edf-4443-470b-ab1f-e2d1ce043b30,"Candle & Pillar Moulds","Fragrance Oils","HIGH","Matched type Fragrance Oil"
9c1f9ca9-f985-42a0-b17f-e1da1fee4c94,"Candle & Pillar Moulds","Fragrance Oils","HIGH","Matched type Fragrance Oil"
e56476eb-8f24-44f0-a903-289316853daa,"Candle & Pillar Moulds","Fragrance Oils","HIGH","Matched type Fragrance Oil"
07b28717-774c-417b-8bb5-ec84af0a8bf3,"Candle & Pillar Moulds","Fragrance Oils","HIGH","Matched type Fragrance Oil"
cb97b888-90f9-42ec-b458-24194cdd004f,"Candle & Pillar Moulds","Fragrance Oils","HIGH","Matched type Fragrance Oil"
7a7db5c1-a0ab-4693-86d9-88a62c75986f,"Candle & Pillar Moulds","Fragrance Oils","HIGH","Matched type Fragrance Oil"
d6c55be6-393e-47db-bb1a-0ff0eb7e11fd,"Candle & Pillar Moulds","Fragrance Oils","HIGH","Matched type Fragrance Oil"
f01927a7-427d-464c-aba0-a7a2f51eeaab,"Candle & Pillar Moulds","Fragrance Oils","HIGH","Matched type Fragrance Oil"
e31b0e52-0d21-43ad-a117-140618fb0eff,"Candle & Pillar Moulds","Fragrance Oils","HIGH","Matched type Fragrance Oil"
89811374-e537-4a87-9cb5-39ac8e234731,"Candle & Pillar Moulds","Fragrance Oils","HIGH","Matched type Fragrance Oil"
a73dde4b-2719-4d3a-8355-5babf26425fa,"Candle & Pillar Moulds","Fragrance Oils","HIGH","Matched type Fragrance Oil"
4acbbe2d-b687-4a89-b4f3-7d893685c6a6,"Candle & Pillar Moulds","Fragrance Oils","HIGH","Matched type Fragrance Oil"
35ccb878-1b2e-47da-b9d9-0e5658e5ce6c,"Candle & Pillar Moulds","Fragrance Oils","HIGH","Matched type Fragrance Oil"
72f8ce30-2ecc-4bd2-ab6a-66d2e04ab10c,"Candle & Pillar Moulds","Fragrance Oils","HIGH","Matched type Fragrance Oil"
f5a3cd00-8e05-43a2-9837-cdcf8af11b97,"Candle & Pillar Moulds","Fragrance Oils","HIGH","Matched type Fragrance Oil"
ffc81909-89e7-4f73-8371-60a55e03a0be,"Candle & Pillar Moulds","Fragrance Oils","HIGH","Matched type Fragrance Oil"
d877e338-5939-4aa9-8013-757bb4beb3c1,"Candle & Pillar Moulds","Fragrance Oils","HIGH","Matched type Fragrance Oil"
41f478f1-cc6c-462d-8610-c6d1b9c4e41e,"Candle & Pillar Moulds","Fragrance Oils","HIGH","Matched type Fragrance Oil"
664460ab-bb28-4a81-8f13-a09f8e2fce60,"Candle & Pillar Moulds","Fragrance Oils","HIGH","Matched type Fragrance Oil"
16223c76-ab8c-4e2c-877c-88a99de1e3ba,"Candle & Pillar Moulds","Fragrance Oils","HIGH","Matched type Fragrance Oil"
b22d06d1-7b98-4a13-8064-edef1e5d4315,"Candle & Pillar Moulds","Fragrance Oils","HIGH","Matched type Fragrance Oil"
1b7614dd-6d7b-40fb-95e3-b64a04539702,"Candle & Pillar Moulds","Fragrance Oils","HIGH","Matched type Fragrance Oil"
df1ef659-74b4-4079-8d60-75dae76dc479,"Candle & Pillar Moulds","Fragrance Oils","HIGH","Matched type Fragrance Oil"
4bf8d3b3-04a6-4c30-ae96-904f966a5f6a,"Candle & Pillar Moulds","Fragrance Oils","HIGH","Matched type Fragrance Oil"
a8dc6780-1a3d-4b48-8b4a-c6678a4b53fe,"Candle & Pillar Moulds","Fragrance Oils","HIGH","Matched type Fragrance Oil"
4ee1b946-bbe4-4224-9453-4022dbd6430f,"Candle & Pillar Moulds","Fragrance Oils","HIGH","Matched type Fragrance Oil"
33d857ec-0cc6-480c-9851-683a26f6497e,"Candle & Pillar Moulds","Fragrance Oils","HIGH","Matched type Fragrance Oil"
8df5b8ca-6927-492b-8d27-4b14d3942129,"Candle & Pillar Moulds","Fragrance Oils","HIGH","Matched type Fragrance Oil"
91073622-457f-49cf-95c4-febb1599827a,"Candle & Pillar Moulds","Fragrance Oils","HIGH","Matched type Fragrance Oil"
1f52d5ca-f684-4169-81b8-8a8c65d8529b,"Candle & Pillar Moulds","Fragrance Oils","HIGH","Matched type Fragrance Oil"
ea5f7b42-d2b1-4a5f-9c8d-8dc0be8da00e,"Candle & Pillar Moulds","Fragrance Oils","HIGH","Matched type Fragrance Oil"
4f2ff2b3-f607-4c7c-807e-c5aeb7d43d54,"Candle & Pillar Moulds","Fragrance Oils","HIGH","Matched type Fragrance Oil"
5e1870f6-2fe4-4c67-9276-6de834a172f5,"Candle & Pillar Moulds","Fragrance Oils","HIGH","Matched type Fragrance Oil"
dfe0909a-ade3-4e10-bb21-6984dd27918f,"Candle & Pillar Moulds","Fragrance Oils","HIGH","Matched type Fragrance Oil"
520e7016-f4f8-4891-b8ef-0581be8f792c,"Candle & Pillar Moulds","Fragrance Oils","HIGH","Matched type Fragrance Oil"
58cbeb08-0716-45e2-8750-6d14d9a5fe26,"Candle & Pillar Moulds","Fragrance Oils","HIGH","Matched type Fragrance Oil"
bb03ca13-90fd-4617-86dd-b22c561799f9,"Candle & Pillar Moulds","Fragrance Oils","HIGH","Matched type Fragrance Oil"
81526d85-7ef0-42bb-bde3-7f035a98fe56,"Candle & Pillar Moulds","Fragrance Oils","HIGH","Matched type Fragrance Oil"
7c8ed395-e12b-408c-ae6e-5f2a2d783760,"Premium Bases & Waxes","Candle Making Accessories","HIGH","Matched type Wick/Tool"
197266a6-4fbc-46b1-86f0-c4cab09d9585,"Candle & Pillar Moulds","Fragrance Oils","HIGH","Matched type Fragrance Oil"
295d8c3d-f288-4a05-9383-ee9a79c9d47e,"Premium Bases & Waxes","Candle Making Accessories","HIGH","Matched type Wick/Tool"
cbad988d-3572-4513-8072-ea7cc4ba4ae6,"Containers & Packaging","Candle & Pillar Moulds","HIGH","Matched type Candle Mould"
4484c00e-28a6-4066-848b-7cc3ff4bbdd2,"Candle & Pillar Moulds","Premium Bases & Waxes","HIGH","Matched type Wax/Base"
9057f4cd-e63e-4ae1-bb03-875ba75f3983,"Containers & Packaging","Candle & Pillar Moulds","HIGH","Matched type Candle Mould"
7aab9ba6-393d-46d8-bf36-7f37e0e6d912,"Containers & Packaging","Candle & Pillar Moulds","HIGH","Matched type Candle Mould"
cb743f40-cddf-41ee-b92c-b3865089abb4,"Candle & Pillar Moulds","Soap & Bar Moulds","HIGH","Matched type Soap Mould"
4579df95-02d6-476e-8fc4-390e076d825a,"Containers & Packaging","Candle & Pillar Moulds","HIGH","Matched type Candle Mould"
0bb05f0e-b604-4da9-9916-3acf0fca65cf,"Containers & Packaging","Candle & Pillar Moulds","HIGH","Matched type Candle Mould"
a1348406-d335-4f08-876b-ddae2c507ad1,"Candle & Pillar Moulds","Containers & Packaging","HIGH","Matched type Bottle/Container"
a70e8ba3-fd85-413c-b938-bd288d2cbcb5,"Containers & Packaging","Candle & Pillar Moulds","HIGH","Matched type Candle Mould"
3c34b10f-a096-483f-9737-f668103e13e2,"Candle & Pillar Moulds","Soap & Bar Moulds","HIGH","Matched type Soap Mould"
82d6847b-7f70-4c18-8051-d1a6aac2ae48,"Premium Bases & Waxes","Candle & Pillar Moulds","HIGH","Matched type Candle Mould"
e662e09c-645d-4658-afa4-b067e35278fe,"Pigments & Colors","Candle & Pillar Moulds","HIGH","Matched type Candle Mould"
acbc2eaf-f060-4695-88f2-9bdaf6d98874,"Candle & Pillar Moulds","Soap & Bar Moulds","HIGH","Matched type Soap Mould"
7b8c67b4-95e7-4ee2-bc7d-d1107870c2ce,"Containers & Packaging","Soap & Bar Moulds","HIGH","Matched type Soap Mould"
2bdff558-d9c1-428f-8d2d-22b8d9e81a98,"Containers & Packaging","Candle & Pillar Moulds","HIGH","Matched type Candle Mould"
4eda08e6-569d-42da-8e5a-2d310d09f473,"Containers & Packaging","Candle & Pillar Moulds","HIGH","Matched type Candle Mould"
5b49cae8-4ff9-4066-94e3-be63f5b5b484,"Candle & Pillar Moulds","Soap & Bar Moulds","HIGH","Matched type Soap Mould"
419e293d-c224-4afd-8816-86b460f35428,"Candle & Pillar Moulds","Soap & Bar Moulds","HIGH","Matched type Soap Mould"
d363845b-5771-4b5d-9604-e56736f6c735,"Candle & Pillar Moulds","Soap & Bar Moulds","HIGH","Matched type Soap Mould"
a5c6f561-fa55-412d-81df-3d0bc7291f1e,"Candle & Pillar Moulds","Soap & Bar Moulds","HIGH","Matched type Soap Mould"
ac849673-f3d2-4392-8617-b35b5c41926e,"Candle & Pillar Moulds","Containers & Packaging","HIGH","Matched type Bottle/Container"
683d4ab8-5273-49b8-b67c-ddb2f75b8012,"Containers & Packaging","Candle & Pillar Moulds","HIGH","Matched type Candle Mould"
c6863801-bfe9-4698-a500-5476d3f9f68a,"Pigments & Colors","Candle & Pillar Moulds","HIGH","Matched type Candle Mould"
d01346c3-c56e-4142-8ea8-b520dfb2ecf1,"Candle & Pillar Moulds","Soap & Bar Moulds","HIGH","Matched type Soap Mould"
c44c0ee6-8e61-460d-baec-79cbddbae67b,"Candle & Pillar Moulds","Soap & Bar Moulds","HIGH","Matched type Soap Mould"
4f3b8826-d2d8-4086-8a30-62ad6320b616,"Premium Bases & Waxes","Containers & Packaging","HIGH","Matched type Bottle/Container"
ec372bfb-4d36-44ff-8866-fbe5f2afd09f,"Premium Bases & Waxes","Candle Making Accessories","HIGH","Matched type Wick/Tool"
9e1755cb-4584-4ba2-a5cf-f3cbac4ba464,"Premium Bases & Waxes","Candle Making Accessories","HIGH","Matched type Wick/Tool"
ad189d15-4035-495d-833c-3490db57e661,"Candle & Pillar Moulds","Containers & Packaging","HIGH","Matched type Bottle/Container"
7d9fb329-aca4-44d9-916d-3d5799cad889,"Candle & Pillar Moulds","Fragrance Oils","HIGH","Matched type Fragrance Oil"
92712230-0fc0-4aba-b6f2-062984712c63,"Candle & Pillar Moulds","Fragrance Oils","HIGH","Matched type Fragrance Oil"
9d730d64-95e1-43fb-b344-a204a1899275,"Candle & Pillar Moulds","Soap & Bar Moulds","HIGH","Matched type Soap Mould"
4e826290-f8e6-4a29-bb9a-34d6b0ed7acb,"Candle & Pillar Moulds","Fragrance Oils","HIGH","Matched type Fragrance Oil"
c5ba4f78-75e9-495d-99f6-c5e431d33ff6,"Candle & Pillar Moulds","Fragrance Oils","HIGH","Matched type Fragrance Oil"
f824c506-1a0e-4df7-bd6b-6df75856cad2,"Candle & Pillar Moulds","General Silicone Moulds","HIGH","Matched type General Mould"
849dbb6d-8e9e-4a16-beb5-35a8aba20a39,"Candle & Pillar Moulds","Containers & Packaging","HIGH","Matched type Bottle/Container"
9601deef-3f7e-4fc3-8233-e831f4adbee7,"Candle & Pillar Moulds","Fragrance Oils","HIGH","Matched type Fragrance Oil"
74438bd6-7ad4-4f88-8ab7-4b53d7b15687,"Candle & Pillar Moulds","Fragrance Oils","HIGH","Matched type Fragrance Oil"
ee16b6ae-d9ee-4e87-ae29-613fb881b249,"Candle & Pillar Moulds","Fragrance Oils","HIGH","Matched type Fragrance Oil"
d0f90541-f5ce-4968-ae0e-d3d8e7bffc7b,"Candle & Pillar Moulds","Fragrance Oils","HIGH","Matched type Fragrance Oil"
0f8f68bb-1385-49e7-94eb-d1c8b80e09b6,"Candle & Pillar Moulds","Fragrance Oils","HIGH","Matched type Fragrance Oil"
349101c4-af45-4478-a9fb-52a805ff60a6,"Candle & Pillar Moulds","Fragrance Oils","HIGH","Matched type Fragrance Oil"
4941abc4-37e2-4de5-80db-36e755d35c41,"Candle & Pillar Moulds","Fragrance Oils","HIGH","Matched type Fragrance Oil"
617c5312-047d-4226-9b7c-8ff3bc31bc1d,"Candle & Pillar Moulds","Fragrance Oils","HIGH","Matched type Fragrance Oil"
9ad97e17-6b08-458a-858a-552494f2a2ad,"Candle & Pillar Moulds","Fragrance Oils","HIGH","Matched type Fragrance Oil"
db498925-a6e5-4529-8ca1-3648fc25abd4,"Candle & Pillar Moulds","Fragrance Oils","HIGH","Matched type Fragrance Oil"
f18973d3-adf6-41cf-bc4f-29cae03a0c0d,"Candle & Pillar Moulds","Fragrance Oils","HIGH","Matched type Fragrance Oil"
0d6a972c-adff-4206-ac44-06677c6be796,"Candle & Pillar Moulds","Fragrance Oils","HIGH","Matched type Fragrance Oil"
37c9ae75-c4c9-40fe-bd76-d2862b77c432,"Candle & Pillar Moulds","Fragrance Oils","HIGH","Matched type Fragrance Oil"
42dbf71e-e0f8-4cb1-9f8b-7221b6166e4e,"Candle & Pillar Moulds","Fragrance Oils","HIGH","Matched type Fragrance Oil"
95e37769-2cda-498f-a009-9730fbdade33,"Candle & Pillar Moulds","Fragrance Oils","HIGH","Matched type Fragrance Oil"
2a830f6c-cde6-44fb-a37f-a897cdee1d1b,"Candle & Pillar Moulds","Fragrance Oils","HIGH","Matched type Fragrance Oil"
589c382d-1f97-45df-81f1-2e3e15193024,"Candle & Pillar Moulds","Fragrance Oils","HIGH","Matched type Fragrance Oil"
bde4666f-c30f-444d-8e83-ffda83e3034d,"Candle & Pillar Moulds","Fragrance Oils","HIGH","Matched type Fragrance Oil"
61f9fd9a-7dbb-4e93-a190-417795a11d39,"Candle & Pillar Moulds","Fragrance Oils","HIGH","Matched type Fragrance Oil"
5817280b-dbbe-4f16-a9d2-61f1c2daa66e,"Candle & Pillar Moulds","Fragrance Oils","HIGH","Matched type Fragrance Oil"
ff10859a-fd55-4852-b240-953f4a18f4d8,"Candle & Pillar Moulds","Fragrance Oils","HIGH","Matched type Fragrance Oil"
92f89ed1-259e-4b27-972e-59c65a300c35,"Candle & Pillar Moulds","Fragrance Oils","HIGH","Matched type Fragrance Oil"
de5dada4-638a-478d-8c5c-175ce3002bac,"Candle & Pillar Moulds","Fragrance Oils","HIGH","Matched type Fragrance Oil"
02300cb3-b0bc-4f28-8604-973359e6f142,"Candle & Pillar Moulds","Fragrance Oils","HIGH","Matched type Fragrance Oil"
63414fbc-c248-4283-a85f-a79d31a98511,"Candle & Pillar Moulds","Fragrance Oils","HIGH","Matched type Fragrance Oil"
c7414f5b-799d-48d0-9f44-ac68f33f30c5,"Candle & Pillar Moulds","Fragrance Oils","HIGH","Matched type Fragrance Oil"
69fe5655-0cf2-436a-a35d-9037e97fa984,"Candle & Pillar Moulds","Fragrance Oils","HIGH","Matched type Fragrance Oil"
7a711d92-ab2b-46cf-bd98-18cd161c8bd6,"Candle & Pillar Moulds","Fragrance Oils","HIGH","Matched type Fragrance Oil"
90b3bbd4-0a38-49f8-afa7-da1ee4616610,"Candle & Pillar Moulds","Fragrance Oils","HIGH","Matched type Fragrance Oil"
4190c7e9-da6c-4dd0-9750-e478d278c255,"Candle & Pillar Moulds","Fragrance Oils","HIGH","Matched type Fragrance Oil"
8f343920-bf7c-41fa-8374-8cd9732ae44d,"Candle & Pillar Moulds","Fragrance Oils","HIGH","Matched type Fragrance Oil"
ffaa535f-611d-43b8-accc-4d1be31d8416,"Candle & Pillar Moulds","Fragrance Oils","HIGH","Matched type Fragrance Oil"
c935bef9-c76e-4b5d-a243-760c9b32bbb9,"Candle & Pillar Moulds","Fragrance Oils","HIGH","Matched type Fragrance Oil"
e7672cfc-bb8d-40aa-8180-271fce191b92,"Candle & Pillar Moulds","Fragrance Oils","HIGH","Matched type Fragrance Oil"
7f7fc25a-7931-43ad-8b80-312efb7d5335,"Candle & Pillar Moulds","Fragrance Oils","HIGH","Matched type Fragrance Oil"
c61252fc-8922-449a-8ed2-4bd2bce71afa,"Candle & Pillar Moulds","Fragrance Oils","HIGH","Matched type Fragrance Oil"
507a6136-1cbb-40f9-80ff-164c60ca347d,"Candle & Pillar Moulds","Fragrance Oils","HIGH","Matched type Fragrance Oil"
415797c2-6be8-45fb-82e1-38e326c75ecb,"Candle & Pillar Moulds","Fragrance Oils","HIGH","Matched type Fragrance Oil"
44f37617-b1ac-4240-b5c5-ec874f04e06a,"Candle & Pillar Moulds","Fragrance Oils","HIGH","Matched type Fragrance Oil"
ded33c5f-fabc-484f-af76-5b8d749b2d66,"Candle & Pillar Moulds","Fragrance Oils","HIGH","Matched type Fragrance Oil"
a87c897e-d7b1-4e58-91ac-990e844cb0d6,"Candle & Pillar Moulds","Fragrance Oils","HIGH","Matched type Fragrance Oil"
92c27413-dac1-41d6-9b3f-3d0f47a2d2a3,"Candle & Pillar Moulds","Fragrance Oils","HIGH","Matched type Fragrance Oil"
a4c60ac2-bf5d-465d-bae7-829e87efef7f,"Candle & Pillar Moulds","Fragrance Oils","HIGH","Matched type Fragrance Oil"
df094fe1-3afd-4d7d-8b9e-921c664cdbf1,"Candle & Pillar Moulds","Fragrance Oils","HIGH","Matched type Fragrance Oil"
454e7632-f630-42c8-9649-07c303fe5b72,"Candle & Pillar Moulds","Fragrance Oils","HIGH","Matched type Fragrance Oil"
2b76b266-4031-4e90-a3ea-6ecc44fe4192,"Candle & Pillar Moulds","Fragrance Oils","HIGH","Matched type Fragrance Oil"
ddefe4a8-9588-4a01-b6d1-b720d08399f4,"Candle & Pillar Moulds","Fragrance Oils","HIGH","Matched type Fragrance Oil"
988aebab-7a12-4a27-8fb2-b3e915452ee8,"Candle & Pillar Moulds","Fragrance Oils","HIGH","Matched type Fragrance Oil"
ec5de063-ba0c-47f0-9390-11ddadb3fd16,"Candle & Pillar Moulds","Fragrance Oils","HIGH","Matched type Fragrance Oil"
34026b1f-f223-4f32-a1b4-d1cd09805ada,"Candle & Pillar Moulds","Fragrance Oils","HIGH","Matched type Fragrance Oil"
e7e11256-5126-486d-acc2-b6f69f877d2f,"Candle & Pillar Moulds","Fragrance Oils","HIGH","Matched type Fragrance Oil"
911ed6d6-dbc9-48cb-a455-218fed1db0b0,"Candle & Pillar Moulds","Fragrance Oils","HIGH","Matched type Fragrance Oil"
4e391a8d-82dd-40be-8bec-a010e9bcc370,"Candle & Pillar Moulds","Fragrance Oils","HIGH","Matched type Fragrance Oil"
7a9f61f8-b580-4a93-b285-c64fb328ec5f,"Candle & Pillar Moulds","Fragrance Oils","HIGH","Matched type Fragrance Oil"
ff7fccf7-7f01-4e2f-b3b7-32c9015c4d60,"Candle & Pillar Moulds","Fragrance Oils","HIGH","Matched type Fragrance Oil"
91129e7c-da04-449b-8d76-5ac770393520,"Candle & Pillar Moulds","Fragrance Oils","HIGH","Matched type Fragrance Oil"
1574bacf-f0f5-4c98-af41-060964503cc3,"Candle & Pillar Moulds","Fragrance Oils","HIGH","Matched type Fragrance Oil"
fa2e5f7f-aef0-4e50-b7e7-5d270254caf2,"Candle & Pillar Moulds","Fragrance Oils","HIGH","Matched type Fragrance Oil"
a60daac1-d67b-4be0-a4ff-7cf7ea371919,"Candle & Pillar Moulds","Fragrance Oils","HIGH","Matched type Fragrance Oil"
80301598-4d9d-4647-a01b-ada0fdda16d0,"Candle & Pillar Moulds","Fragrance Oils","HIGH","Matched type Fragrance Oil"
425131cf-11e4-4551-a98a-0e57ebbae576,"Candle & Pillar Moulds","Fragrance Oils","HIGH","Matched type Fragrance Oil"
b217ffb1-de4f-4b3e-bdab-d66dcfbdda6b,"Candle & Pillar Moulds","Fragrance Oils","HIGH","Matched type Fragrance Oil"
d49ae7fe-8cbd-4228-9748-24618a238604,"Candle & Pillar Moulds","Fragrance Oils","HIGH","Matched type Fragrance Oil"
11017f33-a8c6-4bf4-8f61-fd28ff11f740,"Candle & Pillar Moulds","Fragrance Oils","HIGH","Matched type Fragrance Oil"
976dfaab-141a-480b-ac68-86dfb445d7e2,"Candle & Pillar Moulds","Fragrance Oils","HIGH","Matched type Fragrance Oil"
bdf523bb-a280-4397-8767-5b34fbbad093,"Candle & Pillar Moulds","Fragrance Oils","HIGH","Matched type Fragrance Oil"
c3415603-eb00-43e3-a203-a369348e2176,"Candle & Pillar Moulds","Fragrance Oils","HIGH","Matched type Fragrance Oil"
f5c66994-504e-4a08-9592-8128abe87a2c,"Candle & Pillar Moulds","Fragrance Oils","HIGH","Matched type Fragrance Oil"
dd231ccb-b34f-4c91-a23a-2337a1315f69,"Candle & Pillar Moulds","Fragrance Oils","HIGH","Matched type Fragrance Oil"
0881cdef-f3c4-49f3-b1a1-a1d7c5f8d7f4,"Candle & Pillar Moulds","Fragrance Oils","HIGH","Matched type Fragrance Oil"
2e293d27-9592-4f7f-8146-de9a9c1318e2,"Candle & Pillar Moulds","Fragrance Oils","HIGH","Matched type Fragrance Oil"
87f25cde-4150-4df1-8213-4718d52ac338,"Candle & Pillar Moulds","Fragrance Oils","HIGH","Matched type Fragrance Oil"
a8258b83-032a-43fe-8462-824aa1bf45c7,"Candle & Pillar Moulds","Fragrance Oils","HIGH","Matched type Fragrance Oil"
f861fe2f-3a8f-4964-b76b-99f627c09acb,"Candle & Pillar Moulds","Fragrance Oils","HIGH","Matched type Fragrance Oil"
df14c443-cbf9-4f80-8e45-c3eb0e579664,"Candle & Pillar Moulds","Fragrance Oils","HIGH","Matched type Fragrance Oil"
74f0a654-ae58-44e4-996b-4a32642c16bb,"Candle & Pillar Moulds","Fragrance Oils","HIGH","Matched type Fragrance Oil"
0ea63cbc-eead-4d8b-98d7-02cce9dce882,"Candle & Pillar Moulds","Fragrance Oils","HIGH","Matched type Fragrance Oil"
eaf0d696-e634-4511-b7cc-78ca184060f4,"Candle & Pillar Moulds","Fragrance Oils","HIGH","Matched type Fragrance Oil"
e0cf27f6-e73a-48eb-9d03-07361185e812,"Candle & Pillar Moulds","Fragrance Oils","HIGH","Matched type Fragrance Oil"
cc5e274b-4305-4d57-94ed-fa7a3de70376,"Candle & Pillar Moulds","Fragrance Oils","HIGH","Matched type Fragrance Oil"
c0d9ab7d-e88e-4132-b2cf-2c9de692ebef,"Candle & Pillar Moulds","Fragrance Oils","HIGH","Matched type Fragrance Oil"
5fdb672f-9875-486f-836b-13796cddaf07,"Candle & Pillar Moulds","Fragrance Oils","HIGH","Matched type Fragrance Oil"
28d46f56-23ad-4cce-a30c-cdc0e7ca9bc1,"Candle & Pillar Moulds","Fragrance Oils","HIGH","Matched type Fragrance Oil"
f1819ab6-8339-47ee-8d6f-1c54057728df,"Candle & Pillar Moulds","Fragrance Oils","HIGH","Matched type Fragrance Oil"
8b6c48a8-03cf-4bde-a9b0-82c14a4c33be,"Candle & Pillar Moulds","Fragrance Oils","HIGH","Matched type Fragrance Oil"
604a2741-88ca-4124-bd85-22269c84944a,"Premium Bases & Waxes","Candle Making Accessories","HIGH","Matched type Wick/Tool"
4effd3f9-9276-4d90-a79c-2fa2f3434ab2,"Premium Bases & Waxes","Candle Making Accessories","HIGH","Matched type Wick/Tool"
88b69d24-207c-47a7-80f7-6bf90d24fb8f,"Containers & Packaging","Candle & Pillar Moulds","HIGH","Matched type Candle Mould"
946ebe36-2eaf-42e2-b596-75aae0113bbd,"Candle & Pillar Moulds","Premium Bases & Waxes","HIGH","Matched type Wax/Base"
d446d524-956c-4d8f-b305-8e5641545e33,"Containers & Packaging","Candle & Pillar Moulds","HIGH","Matched type Candle Mould"
c725e92d-d933-4f67-ab0d-ee4d4cbd9fe2,"Candle & Pillar Moulds","Soap & Bar Moulds","HIGH","Matched type Soap Mould"
6a1e9103-83e7-4ab1-bff8-19930b8c2069,"Containers & Packaging","Candle & Pillar Moulds","HIGH","Matched type Candle Mould"
9debaeaa-b5a6-415e-a32b-523db58e92e7,"Premium Bases & Waxes","Containers & Packaging","HIGH","Matched type Bottle/Container"
0adae59c-7049-4299-9644-6688c1f73b17,"Premium Bases & Waxes","Pigments & Colors","HIGH","Matched type Pigment/Color"
c1fc6f77-76df-4ac9-8664-50f5cece040d,"Premium Bases & Waxes","Candle Making Accessories","HIGH","Matched type Wick/Tool"
3851c183-18e0-4088-86b0-9dfbc554e612,"Premium Bases & Waxes","Candle Making Accessories","HIGH","Matched type Wick/Tool"
a351ede4-cfe6-484b-8722-ba004ff48560,"Containers & Packaging","Candle & Pillar Moulds","HIGH","Matched type Candle Mould"
68c0d752-ac5e-4465-8815-4a01dd33a008,"Containers & Packaging","Candle & Pillar Moulds","HIGH","Matched type Candle Mould"
e46adaad-0cae-434e-b084-64ec17acf04c,"Candle & Pillar Moulds","Soap & Bar Moulds","HIGH","Matched type Soap Mould"
c8a60265-7d6a-4198-b521-104f43296772,"Candle & Pillar Moulds","Soap & Bar Moulds","HIGH","Matched type Soap Mould"
7e29a184-caf7-40a2-b603-a77f3f2d6161,"Candle & Pillar Moulds","Containers & Packaging","HIGH","Matched type Bottle/Container"
3e2c0866-db60-46e1-800c-6a576afd6d18,"Containers & Packaging","Soap & Bar Moulds","HIGH","Matched type Soap Mould"
f0d02ec7-c117-45ab-aa72-d86e252ff22c,"Containers & Packaging","Candle & Pillar Moulds","HIGH","Matched type Candle Mould"
b1fc37ee-cb60-4378-bed9-d02a2b8f41ec,"Candle & Pillar Moulds","Containers & Packaging","HIGH","Matched type Bottle/Container"
4efdae79-9dc6-42f3-bd1b-a82a0677cd3c,"Candle & Pillar Moulds","Premium Bases & Waxes","HIGH","Matched type Wax/Base"
5f7e088f-5d8f-4450-be07-8e64ef04bea1,"Candle & Pillar Moulds","Fragrance Oils","HIGH","Matched type Fragrance Oil"
fce9d9f2-b074-4395-b343-951b4295632b,"Candle & Pillar Moulds","General Silicone Moulds","HIGH","Matched type General Mould"
bc3342f2-e8db-40bd-a886-c6c123612a0b,"Containers & Packaging","Candle & Pillar Moulds","HIGH","Matched type Candle Mould"
c803d961-207a-4e2d-89f0-4ec56716e163,"Candle & Pillar Moulds","Containers & Packaging","HIGH","Matched type Bottle/Container"
3b1fcc1d-05f2-4e4c-9949-3a002fed9a6f,"Premium Bases & Waxes","Candle & Pillar Moulds","HIGH","Matched type Candle Mould"
81f19659-8733-4f5f-acd4-e4acff5f0da4,"Pigments & Colors","Candle & Pillar Moulds","HIGH","Matched type Candle Mould"
534c290b-e383-4eb8-b295-a454d7853e4f,"Containers & Packaging","Candle & Pillar Moulds","HIGH","Matched type Candle Mould"
c3a00008-2030-415e-93a9-31090a521343,"Containers & Packaging","Candle & Pillar Moulds","HIGH","Matched type Candle Mould"
8511c2cc-bd31-4f69-a298-ce860563626e,"Containers & Packaging","Soap & Bar Moulds","HIGH","Matched type Soap Mould"
62d62f46-c084-4199-bcda-3cd73403d520,"Candle & Pillar Moulds","Soap & Bar Moulds","HIGH","Matched type Soap Mould"
1cbd8c1a-366c-46fa-854a-94cd30d51676,"Candle & Pillar Moulds","Fragrance Oils","HIGH","Matched type Fragrance Oil"
f9cc4791-68b2-4859-bc20-3cd12da2cee7,"Candle & Pillar Moulds","Fragrance Oils","HIGH","Matched type Fragrance Oil"
cf9c9a37-8a88-4b59-b9f4-56e21d60aa54,"Candle & Pillar Moulds","Fragrance Oils","HIGH","Matched type Fragrance Oil"
c5b7df61-b5b6-441f-9ba5-adbac32a185a,"Containers & Packaging","Candle & Pillar Moulds","HIGH","Matched type Candle Mould"
a4937266-4fb1-467e-80b0-104047673ce2,"Candle & Pillar Moulds","Fragrance Oils","HIGH","Matched type Fragrance Oil"
c719341f-8095-4416-b91e-0b2eeeb26d9a,"Candle & Pillar Moulds","Containers & Packaging","HIGH","Matched type Bottle/Container"
65de0632-8f77-477d-9577-e34c126e43c3,"Candle & Pillar Moulds","Fragrance Oils","HIGH","Matched type Fragrance Oil"
f2cbea9c-8845-4604-85f4-e56bc13f5a37,"Candle & Pillar Moulds","Soap & Bar Moulds","HIGH","Matched type Soap Mould"
080c2fb0-d14b-4782-9c38-2d1f27758afe,"Candle & Pillar Moulds","Fragrance Oils","HIGH","Matched type Fragrance Oil"
53ff8da5-b422-4767-aabe-e222bccd9db7,"Containers & Packaging","Candle & Pillar Moulds","HIGH","Matched type Candle Mould"
0ea254b3-d1be-4cc7-a41c-8410b3ffbebe,"Candle & Pillar Moulds","Fragrance Oils","HIGH","Matched type Fragrance Oil"
1235c1f3-b371-476e-8b8a-ca7ef88fda7a,"Candle & Pillar Moulds","Fragrance Oils","HIGH","Matched type Fragrance Oil"
84bc1508-ea41-4e2a-ac9b-6bbd6d8d3cf7,"Candle & Pillar Moulds","Fragrance Oils","HIGH","Matched type Fragrance Oil"
e02d6047-a946-4827-b11b-95b18e52e74e,"Candle & Pillar Moulds","Fragrance Oils","HIGH","Matched type Fragrance Oil"
4bad2829-f1d2-4fac-92c5-720dd7a7ab17,"Candle & Pillar Moulds","Fragrance Oils","HIGH","Matched type Fragrance Oil"
dd4d3c50-e84b-4ff0-8c7e-5c7f606273a8,"Candle & Pillar Moulds","Fragrance Oils","HIGH","Matched type Fragrance Oil"
e15473c8-5a38-4dcf-85a5-311cfea1bfa7,"Candle & Pillar Moulds","Fragrance Oils","HIGH","Matched type Fragrance Oil"
b811925b-15cd-4546-9750-aaecce7e9736,"Candle & Pillar Moulds","Fragrance Oils","HIGH","Matched type Fragrance Oil"
616eb809-7d6d-4d35-93d0-7773a297806d,"Candle & Pillar Moulds","Fragrance Oils","HIGH","Matched type Fragrance Oil"
f3f6d8b1-2ba5-4765-9097-2761399dd355,"Candle & Pillar Moulds","Fragrance Oils","HIGH","Matched type Fragrance Oil"
c275bc72-675a-4582-9859-886505926ce0,"Candle & Pillar Moulds","Fragrance Oils","HIGH","Matched type Fragrance Oil"
b47fe3a2-5147-4979-b3f4-00ebe6c09170,"Candle & Pillar Moulds","Fragrance Oils","HIGH","Matched type Fragrance Oil"
a1852d54-5305-4290-83c5-a09256fb12a2,"Candle & Pillar Moulds","Fragrance Oils","HIGH","Matched type Fragrance Oil"
60597351-3d21-4b43-99ce-dc5a017d7553,"Candle & Pillar Moulds","Fragrance Oils","HIGH","Matched type Fragrance Oil"
f8bbb5de-6362-4526-bab8-01d09b70694a,"Candle & Pillar Moulds","Fragrance Oils","HIGH","Matched type Fragrance Oil"
55abcb6a-5443-4373-97c5-1b6315c7b7e5,"Candle & Pillar Moulds","Fragrance Oils","HIGH","Matched type Fragrance Oil"
d1124a6f-5748-4d9f-83af-7f2f48bc4cd1,"Candle & Pillar Moulds","Fragrance Oils","HIGH","Matched type Fragrance Oil"
3f1d907f-d06c-489c-8779-981e3b016c61,"Containers & Packaging","Candle & Pillar Moulds","HIGH","Matched type Candle Mould"
a1956408-c686-48ef-9024-bcbd5821a2e3,"Candle & Pillar Moulds","Fragrance Oils","HIGH","Matched type Fragrance Oil"
761cb6ae-7cad-4591-a76d-c4504d3a94a1,"Candle & Pillar Moulds","Fragrance Oils","HIGH","Matched type Fragrance Oil"
47bcd488-92e7-4833-911f-c364a7b7201b,"Candle & Pillar Moulds","Fragrance Oils","HIGH","Matched type Fragrance Oil"
9298660d-1907-4e0e-b96c-f7cca53a2eb7,"Candle & Pillar Moulds","Fragrance Oils","HIGH","Matched type Fragrance Oil"
1fa68d91-6b61-43f1-aead-6bf68d9fc0a0,"Candle & Pillar Moulds","Fragrance Oils","HIGH","Matched type Fragrance Oil"
4af436d7-bcc0-47a5-91fc-8c8491e7f37c,"Candle & Pillar Moulds","Fragrance Oils","HIGH","Matched type Fragrance Oil"
7d65d270-ade9-414a-8a6a-5811e290d284,"Candle & Pillar Moulds","Fragrance Oils","HIGH","Matched type Fragrance Oil"
2d6bf729-61dc-4a36-9eac-c4be68519332,"Candle & Pillar Moulds","Fragrance Oils","HIGH","Matched type Fragrance Oil"
a562a60f-82b2-4209-9e70-6f6d1ec38d99,"Candle & Pillar Moulds","Fragrance Oils","HIGH","Matched type Fragrance Oil"
0cd8e15f-52f2-422e-ab4b-5fc016568476,"Candle & Pillar Moulds","Fragrance Oils","HIGH","Matched type Fragrance Oil"
cd1b4fe9-4eb4-4c03-b4c8-290fda54b464,"Candle & Pillar Moulds","Fragrance Oils","HIGH","Matched type Fragrance Oil"
09044b38-2ed8-4120-8ca1-c26aa494b4a4,"Candle & Pillar Moulds","Fragrance Oils","HIGH","Matched type Fragrance Oil"
1baf08e6-1890-4c9a-bf07-fd23345217fb,"Candle & Pillar Moulds","Fragrance Oils","HIGH","Matched type Fragrance Oil"
4cd03da2-dcb5-4221-9d37-9616ca6f7818,"Candle & Pillar Moulds","Fragrance Oils","HIGH","Matched type Fragrance Oil"
4472c28a-f40e-4cf2-a444-e3b616225013,"Candle & Pillar Moulds","Fragrance Oils","HIGH","Matched type Fragrance Oil"
21407f98-b620-426b-a44a-697bde61cf0c,"Candle & Pillar Moulds","Fragrance Oils","HIGH","Matched type Fragrance Oil"
4cbc4209-57a6-4456-a884-28339e9b274b,"Candle & Pillar Moulds","Fragrance Oils","HIGH","Matched type Fragrance Oil"
4f78b590-5a7d-4439-ae06-b2e047130c3e,"Candle & Pillar Moulds","Fragrance Oils","HIGH","Matched type Fragrance Oil"
6f812733-91df-4ec0-a806-af7a4aa99dee,"Candle & Pillar Moulds","Fragrance Oils","HIGH","Matched type Fragrance Oil"
7cd15b0a-797e-4d2a-bcfe-a798207b5f56,"Candle & Pillar Moulds","Soap & Bar Moulds","HIGH","Matched type Soap Mould"
b1f88de6-2675-4b71-ad31-3c1c94051e43,"Candle & Pillar Moulds","Fragrance Oils","HIGH","Matched type Fragrance Oil"
e0d1f6e5-8e28-4834-849c-fd1c6a7492e5,"Candle & Pillar Moulds","Fragrance Oils","HIGH","Matched type Fragrance Oil"
7770af0a-cc58-4aad-8cb9-22fc818365a8,"Candle & Pillar Moulds","Fragrance Oils","HIGH","Matched type Fragrance Oil"
56807b8d-2ba0-4864-ae1f-2e40dfbc8180,"Candle & Pillar Moulds","Fragrance Oils","HIGH","Matched type Fragrance Oil"
1de7765e-1aac-4d18-912c-b4ed7a65982d,"Candle & Pillar Moulds","Fragrance Oils","HIGH","Matched type Fragrance Oil"
bf8213d8-1c27-4c75-8ef3-8fd85bc09b3e,"Candle & Pillar Moulds","Fragrance Oils","HIGH","Matched type Fragrance Oil"
6df13a09-6905-4cef-ae65-2c643f70d8e5,"Candle & Pillar Moulds","Fragrance Oils","HIGH","Matched type Fragrance Oil"
755af1c8-6137-4231-b9ac-6cd3cccadb92,"Candle & Pillar Moulds","Fragrance Oils","HIGH","Matched type Fragrance Oil"
e51f85e0-12d8-4ef1-85c7-c403fde140fd,"Candle & Pillar Moulds","Fragrance Oils","HIGH","Matched type Fragrance Oil"
1853f9fc-dcf6-42dc-b835-f176cb307e9e,"Candle & Pillar Moulds","Fragrance Oils","HIGH","Matched type Fragrance Oil"
6a0adb0c-fccb-42cf-868f-214587c650a7,"Candle & Pillar Moulds","Fragrance Oils","HIGH","Matched type Fragrance Oil"
51a04ee8-e369-4e08-bb48-ffe981937345,"Candle & Pillar Moulds","Fragrance Oils","HIGH","Matched type Fragrance Oil"
d0813523-5a15-4ed1-87df-69bf8e6df078,"Candle & Pillar Moulds","Fragrance Oils","HIGH","Matched type Fragrance Oil"
d89874e3-933b-4b8b-ba61-e78e2a2d5c61,"Candle & Pillar Moulds","Fragrance Oils","HIGH","Matched type Fragrance Oil"
9ebc72c9-c4f4-451a-ac05-d56e45e9ab26,"Candle & Pillar Moulds","Fragrance Oils","HIGH","Matched type Fragrance Oil"
ab263e1e-5f3e-4595-883b-f2341d1e7c42,"Candle & Pillar Moulds","Fragrance Oils","HIGH","Matched type Fragrance Oil"
0bf988af-1ba4-4e03-9587-feba41235e86,"Candle & Pillar Moulds","Fragrance Oils","HIGH","Matched type Fragrance Oil"
7cca1c51-4af2-43ab-85ca-d90c21f0eddd,"Candle & Pillar Moulds","Fragrance Oils","HIGH","Matched type Fragrance Oil"
fb517828-29c9-4802-a370-7f47b0b80b5d,"Candle & Pillar Moulds","Fragrance Oils","HIGH","Matched type Fragrance Oil"
470f7c80-afe7-4ae5-82f9-dd973fd81cff,"Candle & Pillar Moulds","Fragrance Oils","HIGH","Matched type Fragrance Oil"
18b958c4-e7a1-45dc-9541-7f5655e3abb1,"Candle & Pillar Moulds","Fragrance Oils","HIGH","Matched type Fragrance Oil"
edc29561-431b-4067-88b8-04d48625f958,"Candle & Pillar Moulds","Fragrance Oils","HIGH","Matched type Fragrance Oil"
6906e363-4115-46cf-9120-fd315301bfb2,"Candle & Pillar Moulds","Fragrance Oils","HIGH","Matched type Fragrance Oil"
1c8cdab7-c6a9-444f-90e7-c3bb5249ddc0,"Candle & Pillar Moulds","Fragrance Oils","HIGH","Matched type Fragrance Oil"
85a24161-c3ae-4084-8878-0e3716b13a5d,"Candle & Pillar Moulds","Fragrance Oils","HIGH","Matched type Fragrance Oil"
03a683f0-4e17-450a-aec8-28062dd3bc63,"Candle & Pillar Moulds","Fragrance Oils","HIGH","Matched type Fragrance Oil"
0015fede-cf43-4973-9b91-8e29de2db576,"Candle & Pillar Moulds","Fragrance Oils","HIGH","Matched type Fragrance Oil"
f12ba798-b79d-42a1-a8dd-13d28eb9158d,"Candle & Pillar Moulds","Fragrance Oils","HIGH","Matched type Fragrance Oil"
59c3b91c-12c9-409c-bb3e-d1b34fdbe979,"Candle & Pillar Moulds","Fragrance Oils","HIGH","Matched type Fragrance Oil"
74e56707-a4a2-4bae-9812-46a5a5d065ba,"Candle & Pillar Moulds","Fragrance Oils","HIGH","Matched type Fragrance Oil"
11e0ffb8-931a-49bd-bb4d-88753dd0f477,"Candle & Pillar Moulds","Fragrance Oils","HIGH","Matched type Fragrance Oil"
5e79f610-2c37-4fcb-be11-2b5e9ab92690,"Candle & Pillar Moulds","Fragrance Oils","HIGH","Matched type Fragrance Oil"
34842c84-1d66-4d6c-a04c-be11440d0660,"Candle & Pillar Moulds","Fragrance Oils","HIGH","Matched type Fragrance Oil"
973c698f-68e7-44a0-b02d-9e7b4b781db0,"Candle & Pillar Moulds","Fragrance Oils","HIGH","Matched type Fragrance Oil"
4f1940ec-5644-4c78-aacd-14bdfdbe5ce7,"Candle & Pillar Moulds","Fragrance Oils","HIGH","Matched type Fragrance Oil"
88d96463-a75b-48f7-baa6-8ac69345a0d5,"Candle & Pillar Moulds","Fragrance Oils","HIGH","Matched type Fragrance Oil"
cbdc0a9a-e540-46d9-bbed-a8207aee24f2,"Candle & Pillar Moulds","Fragrance Oils","HIGH","Matched type Fragrance Oil"
c106239d-ddf9-4e5c-b234-ff8597a422d3,"Candle & Pillar Moulds","Fragrance Oils","HIGH","Matched type Fragrance Oil"
108d7261-65fd-4583-bbf8-006f08b9f223,"Candle & Pillar Moulds","Fragrance Oils","HIGH","Matched type Fragrance Oil"
a41242d0-61c9-40cd-80e9-7bf906f2d052,"Premium Bases & Waxes","Containers & Packaging","HIGH","Matched type Bottle/Container"
eb9b8ae6-87f9-463e-b60e-c39e4949b0ab,"Candle & Pillar Moulds","Fragrance Oils","HIGH","Matched type Fragrance Oil"
b5e84bc2-c387-4768-a25a-bf19f02e4312,"Candle & Pillar Moulds","Fragrance Oils","HIGH","Matched type Fragrance Oil"
6bf2345f-5ae5-4819-b86a-d147c5273b71,"Candle & Pillar Moulds","Fragrance Oils","HIGH","Matched type Fragrance Oil"
ab7d5ad2-db2e-487a-9f30-795fb8664761,"Candle & Pillar Moulds","Fragrance Oils","HIGH","Matched type Fragrance Oil"
e9498e7b-3f8c-4b43-8d5f-552311347831,"Premium Bases & Waxes","Candle Making Accessories","HIGH","Matched type Wick/Tool"
a50cfd7a-3f47-4eee-a912-00ac0cca8acf,"Candle & Pillar Moulds","Containers & Packaging","HIGH","Matched type Bottle/Container"
cb7e0f6c-6b1c-44fc-8c3c-63f6bf300d4f,"Premium Bases & Waxes","Candle Making Accessories","HIGH","Matched type Wick/Tool"
4529c782-5bc2-4ab2-b232-0becfc422b7b,"Premium Bases & Waxes","Candle Making Accessories","HIGH","Matched type Wick/Tool"
20332f2c-499a-4d4a-8270-02fea012785e,"Candle & Pillar Moulds","Soap & Bar Moulds","HIGH","Matched type Soap Mould"
14f7ff99-6370-49d8-854a-78b112501425,"Containers & Packaging","Candle & Pillar Moulds","HIGH","Matched type Candle Mould"
25b3876a-76fc-4635-b252-178bd4107a5b,"Candle & Pillar Moulds","Premium Bases & Waxes","HIGH","Matched type Wax/Base"
90112cfe-9184-4d53-b5c2-a0c4932030ee,"Containers & Packaging","Candle & Pillar Moulds","HIGH","Matched type Candle Mould"
57543c1f-3e6f-4863-8805-bc35df24c8ab,"Premium Bases & Waxes","Containers & Packaging","HIGH","Matched type Bottle/Container"
237ffe34-dece-4aa8-9f7c-2aea50881b73,"Premium Bases & Waxes","Pigments & Colors","HIGH","Matched type Pigment/Color"
8d7e550d-5a3f-494d-9825-e2a775f83dab,"Premium Bases & Waxes","Candle Making Accessories","HIGH","Matched type Wick/Tool"
a8828ca3-8a3f-41d8-965b-b3c09f150e1a,"Containers & Packaging","Candle & Pillar Moulds","HIGH","Matched type Candle Mould"
d3625186-4a2d-4c79-84ed-833eb32414f4,"Containers & Packaging","Candle & Pillar Moulds","HIGH","Matched type Candle Mould"
87b8536a-7c0a-4257-8227-dd4ff1ba0361,"Candle & Pillar Moulds","Soap & Bar Moulds","HIGH","Matched type Soap Mould"
de02a73f-612c-41f6-92b2-d530cdd1f12d,"Containers & Packaging","Candle & Pillar Moulds","HIGH","Matched type Candle Mould"
8c00b8b5-d7b0-4f17-ad1c-8383fab10c72,"Candle & Pillar Moulds","Containers & Packaging","HIGH","Matched type Bottle/Container"
d9a2deff-8764-4b55-b8b8-e6c6449ba8bd,"Candle & Pillar Moulds","Premium Bases & Waxes","HIGH","Matched type Wax/Base"
35b41760-c1eb-47bc-adaa-83ea72073dce,"Containers & Packaging","Culinary & Fondant Moulds","HIGH","Matched type Culinary Mould"
a20fc656-656f-4db1-a855-8d6177485616,"Containers & Packaging","Culinary & Fondant Moulds","HIGH","Matched type Culinary Mould"
cc7a8287-78d3-4499-9f50-d182c1572c56,"Culinary & Fondant Moulds","General Silicone Moulds","HIGH","Matched type General Mould"
68d1f082-f267-4195-88fd-1a460bb93f40,"Containers & Packaging","Culinary & Fondant Moulds","HIGH","Matched type Culinary Mould"
d04d5df7-bfa3-4812-a206-77491f7991b8,"Food Safe Flavour Oil","Premium Bases & Waxes","HIGH","Matched type Wax/Base"
c54ce3c8-666b-4085-a6d3-80c48eb388ae,"Culinary & Fondant Moulds","Soap & Bar Moulds","HIGH","Matched type Soap Mould"
62617617-033c-499d-9e84-bf6a8644e3a0,"Containers & Packaging","Culinary & Fondant Moulds","HIGH","Matched type Culinary Mould"
5fd40a2a-7c3b-44a9-a2d2-cb9d14fb820b,"Containers & Packaging","Culinary & Fondant Moulds","HIGH","Matched type Culinary Mould"
362d9cf8-64f0-43fa-8efe-d965d151da1a,"Culinary & Fondant Moulds","General Silicone Moulds","HIGH","Matched type General Mould"
52e1075c-db10-44a5-ae90-4d63ccd89a69,"Containers & Packaging","Culinary & Fondant Moulds","HIGH","Matched type Culinary Mould"
87e9c714-56cc-4bc9-aa1c-40fa09136a84,"Food Safe Flavour Oil","Premium Bases & Waxes","HIGH","Matched type Wax/Base"
a60f9652-0f57-4953-ad24-bbd7fb4e858c,"Culinary & Fondant Moulds","Soap & Bar Moulds","HIGH","Matched type Soap Mould"
c65f6162-0223-4f7f-a66a-77de3a940ca5,"Eco-Resin & Stone Moulds","General Silicone Moulds","HIGH","Matched type General Mould"
5a5b02dc-bb62-46ab-a4b5-542c99b0cb67,"Containers & Packaging","Culinary & Fondant Moulds","HIGH","Matched type Culinary Mould"
8e455b89-df64-42d3-9e9a-805e3d805fc3,"Containers & Packaging","Culinary & Fondant Moulds","HIGH","Matched type Culinary Mould"
e6015b0d-a979-4176-9ffb-3d56a6a4907c,"Culinary & Fondant Moulds","Soap & Bar Moulds","HIGH","Matched type Soap Mould"
1a5c31c7-d4d3-4249-9f7a-717dea0b205a,"Culinary & Fondant Moulds","General Silicone Moulds","HIGH","Matched type General Mould"
71da6f00-1391-4734-bc86-c91bd2637ded,"Containers & Packaging","Culinary & Fondant Moulds","HIGH","Matched type Culinary Mould"
80add2ed-c142-4a5d-8282-1bb9c7844928,"Food Safe Flavour Oil","Premium Bases & Waxes","HIGH","Matched type Wax/Base"
015ab5ab-9dad-4caa-9832-fb5af88353c0,"Food Safe Flavour Oil","Premium Bases & Waxes","HIGH","Matched type Wax/Base"
91a2040b-3b76-4f9e-a4ab-ef5361d64fd7,"Eco-Resin & Stone Moulds","Containers & Packaging","HIGH","Matched type Bottle/Container"
02569609-e51c-4f18-b0c7-2bbf49713f5e,"Containers & Packaging","Eco-Resin & Stone Moulds","HIGH","Matched type Resin/Concrete Mould"
a4e0ffbb-200a-4ac7-89d4-a9a4fac30407,"Candle & Pillar Moulds","Eco-Resin & Stone Moulds","HIGH","Matched type Resin/Concrete Mould"
abac54c9-23a4-47f6-ae4c-6f6198444058,"Eco-Resin & Stone Moulds","Containers & Packaging","HIGH","Matched type Bottle/Container"
8e1d73b6-0eb3-4c88-8de0-08c0d59a7823,"Containers & Packaging","Eco-Resin & Stone Moulds","HIGH","Matched type Resin/Concrete Mould"
fa847b3d-ed6b-4fd6-bb8b-86c3200d7922,"Candle & Pillar Moulds","Premium Bases & Waxes","HIGH","Matched type Wax/Base"
cf4f071d-eea7-44b6-b893-6e0ae373feed,"Candle & Pillar Moulds","Containers & Packaging","HIGH","Matched type Bottle/Container"
7be25d52-47da-4505-a7cb-dd6e15bfc34d,"Fragrance Oils","Containers & Packaging","HIGH","Matched type Bottle/Container"
f44eb55f-1f66-4c54-88d9-3cf1e30dc44c,"Candle & Pillar Moulds","Eco-Resin & Stone Moulds","HIGH","Matched type Resin/Concrete Mould"
a1aa9cec-b43b-4943-abb7-f377b1fb2466,"Premium Bases & Waxes","Containers & Packaging","HIGH","Matched type Bottle/Container"
470e642f-0ad3-426b-aa50-a739dc0a07df,"Candle & Pillar Moulds","Containers & Packaging","HIGH","Matched type Bottle/Container"
9c2310da-b65d-4869-976f-ac744598fd3a,"Containers & Packaging","Eco-Resin & Stone Moulds","HIGH","Matched type Resin/Concrete Mould"
864647a2-2bfa-4956-b90d-6d4ca1ebd2c4,"Candle & Pillar Moulds","Eco-Resin & Stone Moulds","HIGH","Matched type Resin/Concrete Mould"
548b862f-56f2-49f7-94cc-9430c2dc2fd7,"Eco-Resin & Stone Moulds","Containers & Packaging","HIGH","Matched type Bottle/Container"
82feb5de-affc-43a5-bda4-4b8af105ebd5,"Containers & Packaging","Eco-Resin & Stone Moulds","HIGH","Matched type Resin/Concrete Mould"
4b80e6e0-2c8a-47e1-b4db-2e918ab9da09,"Containers & Packaging","Eco-Resin & Stone Moulds","HIGH","Matched type Resin/Concrete Mould"
369da15d-5337-4e62-a04b-20ab30df2bf7,"Candle & Pillar Moulds","Premium Bases & Waxes","HIGH","Matched type Wax/Base"
efa065f6-5181-4e06-afea-e6fc422d2f93,"Candle & Pillar Moulds","Containers & Packaging","HIGH","Matched type Bottle/Container"
ef1082b6-2d4b-464d-87ce-8c9cb74e1212,"Food Safe Flavour Oil","Containers & Packaging","HIGH","Matched type Bottle/Container"
fbd9b5e8-f78f-4739-90a1-38ee779ad4b2,"Fragrance Oils","Containers & Packaging","HIGH","Matched type Bottle/Container"
ddea2365-4e8d-418f-80a8-47a232e6a8e4,"Eco-Resin & Stone Moulds","General Silicone Moulds","HIGH","Matched type General Mould"
cdeff4af-1ac5-40ff-a71d-314f20b43a7a,"Eco-Resin & Stone Moulds","Containers & Packaging","HIGH","Matched type Bottle/Container"
c0596738-b6c4-4622-96bc-5d5577dbebb4,"Fragrance Oils","Containers & Packaging","HIGH","Matched type Bottle/Container"
91db20ec-b403-492b-ad55-42153a36371c,"Candle & Pillar Moulds","Eco-Resin & Stone Moulds","HIGH","Matched type Resin/Concrete Mould"
f87e9852-cec6-4e41-9375-cb79be71b21b,"Containers & Packaging","Eco-Resin & Stone Moulds","HIGH","Matched type Resin/Concrete Mould"
7df0e170-24d3-4356-b8d4-8265ea60e0be,"Containers & Packaging","Eco-Resin & Stone Moulds","HIGH","Matched type Resin/Concrete Mould"
7b0cf582-d904-411b-a8db-5262dc21714e,"Eco-Resin & Stone Moulds","Containers & Packaging","HIGH","Matched type Bottle/Container"
4190c207-a3f0-4a62-9a33-892fe657f9ad,"Containers & Packaging","Eco-Resin & Stone Moulds","HIGH","Matched type Resin/Concrete Mould"
ca0f9fa7-8a4f-4980-af10-1845172fd8bd,"Candle & Pillar Moulds","Premium Bases & Waxes","HIGH","Matched type Wax/Base"
5cfb42ce-7350-4e54-936e-1c67544ae620,"Candle & Pillar Moulds","Eco-Resin & Stone Moulds","HIGH","Matched type Resin/Concrete Mould"
34587cfd-bd0f-4dca-8a39-300927ba7b53,"Containers & Packaging","Eco-Resin & Stone Moulds","HIGH","Matched type Resin/Concrete Mould"
0b4778b1-11e5-47ed-a469-8275f9f11255,"Containers & Packaging","Eco-Resin & Stone Moulds","HIGH","Matched type Resin/Concrete Mould"
1367549e-5869-4a47-96fc-0828030793b3,"Containers & Packaging","Eco-Resin & Stone Moulds","HIGH","Matched type Resin/Concrete Mould"
bf8d5eec-fce3-4f6a-b05d-368ca5b2479e,"Candle & Pillar Moulds","Premium Bases & Waxes","HIGH","Matched type Wax/Base"
871dfe9e-fba4-49dc-a8f3-1251ee7b4c62,"Fragrance Oils","Containers & Packaging","HIGH","Matched type Bottle/Container"
a7626f40-9123-41e5-ab02-cab6ef5af6f3,"Candle & Pillar Moulds","Eco-Resin & Stone Moulds","HIGH","Matched type Resin/Concrete Mould"
bd89b199-853c-483e-9e8d-d48e9d5e664b,"Candle & Pillar Moulds","Eco-Resin & Stone Moulds","HIGH","Matched type Resin/Concrete Mould"
6f6b8b7b-3f31-4041-a907-ef55c0bac08b,"Food Safe Flavour Oil","Containers & Packaging","HIGH","Matched type Bottle/Container"
245cf56e-2d1c-4958-a4bc-5bc864993877,"Containers & Packaging","Eco-Resin & Stone Moulds","HIGH","Matched type Resin/Concrete Mould"
d420d973-63c2-4ae5-ba92-3aa7dbd91cbc,"Containers & Packaging","Eco-Resin & Stone Moulds","HIGH","Matched type Resin/Concrete Mould"
6a5d1761-0206-42d4-a109-8c278cc115bb,"Candle & Pillar Moulds","Eco-Resin & Stone Moulds","HIGH","Matched type Resin/Concrete Mould"
2b8aa253-7247-41ea-842b-df26ff497ac0,"Eco-Resin & Stone Moulds","General Silicone Moulds","HIGH","Matched type General Mould"
fae6fd5b-0b0d-4245-9147-b10bc8a31dbb,"Eco-Resin & Stone Moulds","General Silicone Moulds","HIGH","Matched type General Mould"
6381827b-1f9d-4838-ae65-3968e69113b4,"Eco-Resin & Stone Moulds","General Silicone Moulds","HIGH","Matched type General Mould"
1d419730-a2bf-4e09-8da6-65441a64f030,"Eco-Resin & Stone Moulds","General Silicone Moulds","HIGH","Matched type General Mould"
a689bf5d-81ce-4db5-a37d-2310671071c2,"Containers & Packaging","Eco-Resin & Stone Moulds","HIGH","Matched type Resin/Concrete Mould"
55b9f08a-0e31-4b56-83e7-3a925c62264f,"Candle & Pillar Moulds","Eco-Resin & Stone Moulds","HIGH","Matched type Resin/Concrete Mould"
f4211993-7c0f-463f-8806-16b8ca4206d4,"Containers & Packaging","Eco-Resin & Stone Moulds","HIGH","Matched type Resin/Concrete Mould"
156a2ff2-b96a-4ec3-a8f1-78d789f395d0,"Containers & Packaging","Eco-Resin & Stone Moulds","HIGH","Matched type Resin/Concrete Mould"
70715a6d-0702-4ed4-b903-742d288fcd4a,"Eco-Resin & Stone Moulds","Containers & Packaging","HIGH","Matched type Bottle/Container"
56caa10f-cb8a-43b3-9dcd-143232a066ea,"Candle & Pillar Moulds","Premium Bases & Waxes","HIGH","Matched type Wax/Base"
99c25722-fa38-4bef-98b1-d2176b1abc8e,"Fragrance Oils","Containers & Packaging","HIGH","Matched type Bottle/Container"
f813a48e-adcf-41d1-a082-b4d26953d453,"Eco-Resin & Stone Moulds","Containers & Packaging","HIGH","Matched type Bottle/Container"
6f12aff2-e7ba-45e6-bfdc-02e193fcd4a7,"Fragrance Oils","Containers & Packaging","HIGH","Matched type Bottle/Container"
3d47852f-deea-4429-8960-cb259a0aaf4c,"Candle & Pillar Moulds","Eco-Resin & Stone Moulds","HIGH","Matched type Resin/Concrete Mould"
95106388-7391-4a80-906a-48530c5eba5b,"Containers & Packaging","Eco-Resin & Stone Moulds","HIGH","Matched type Resin/Concrete Mould"
d6e71b76-101d-4325-b699-5f00940fa922,"Candle & Pillar Moulds","Eco-Resin & Stone Moulds","HIGH","Matched type Resin/Concrete Mould"
221be65f-2282-408b-a736-9115952483d4,"Containers & Packaging","Eco-Resin & Stone Moulds","HIGH","Matched type Resin/Concrete Mould"
d0d582e7-b679-47aa-9d81-2a82eef496e5,"Candle & Pillar Moulds","Premium Bases & Waxes","HIGH","Matched type Wax/Base"
ff12f3ed-46ca-4dbc-9349-ddf5c7d441ca,"Food Safe Flavour Oil","Containers & Packaging","HIGH","Matched type Bottle/Container"
4016ec11-7037-4870-9b5a-1587bdb67197,"Candle & Pillar Moulds","Containers & Packaging","HIGH","Matched type Bottle/Container"
e0d9df4e-fd28-4e3d-b0cd-806c5473053f,"Food Safe Flavour Oil","Containers & Packaging","HIGH","Matched type Bottle/Container"
af377b22-d402-4bed-aa7b-940ab0456ef2,"Candle & Pillar Moulds","Eco-Resin & Stone Moulds","HIGH","Matched type Resin/Concrete Mould"
01016fb6-4ec4-4385-88c4-5ea178751163,"Containers & Packaging","Eco-Resin & Stone Moulds","HIGH","Matched type Resin/Concrete Mould"
3aaf35e1-bd3e-4247-b2eb-38079b429bcb,"Candle & Pillar Moulds","Eco-Resin & Stone Moulds","HIGH","Matched type Resin/Concrete Mould"
b5f8826f-70ed-44a1-8afa-d8ee0e36e376,"Eco-Resin & Stone Moulds","General Silicone Moulds","HIGH","Matched type General Mould"
eb7293dc-49df-4146-a20e-01e6da54d4cd,"Eco-Resin & Stone Moulds","Premium Bases & Waxes","HIGH","Matched type Wax/Base"
0b907d4a-a108-4361-8f7b-4f3e79eba452,"Fragrance Oils","Containers & Packaging","HIGH","Matched type Bottle/Container"
263528e4-e3d3-4ef8-8d8f-4a278cb34b18,"Eco-Resin & Stone Moulds","General Silicone Moulds","HIGH","Matched type General Mould"
916df47d-4817-48fe-b488-ffc64cbc1d63,"Eco-Resin & Stone Moulds","General Silicone Moulds","HIGH","Matched type General Mould"
486618d8-8755-4b9c-ab03-2c94643c64c8,"Eco-Resin & Stone Moulds","General Silicone Moulds","HIGH","Matched type General Mould"
57dab62a-12ac-4cad-a76f-a562d58a9a68,"Eco-Resin & Stone Moulds","General Silicone Moulds","HIGH","Matched type General Mould"
a6a95c52-35b0-4c3c-8d66-f03ebb8af4da,"Eco-Resin & Stone Moulds","General Silicone Moulds","HIGH","Matched type General Mould"
a855a040-582f-4b4e-a2ea-b683b00e9163,"Fragrance Oils","Containers & Packaging","HIGH","Matched type Bottle/Container"
4b19b2d8-ac06-4785-94a8-020852494b38,"Candle & Pillar Moulds","Eco-Resin & Stone Moulds","HIGH","Matched type Resin/Concrete Mould"
ff55ba98-aa7d-4993-8118-74b9cf0220e1,"Food Safe Flavour Oil","Culinary & Fondant Moulds","HIGH","Matched type Culinary Mould"
27910c79-66da-4f8e-b9a7-bcb577d46ff7,"Containers & Packaging","Culinary & Fondant Moulds","HIGH","Matched type Culinary Mould"
bde483f1-6516-47ec-9f9b-56638f63d432,"Food Safe Flavour Oil","Culinary & Fondant Moulds","HIGH","Matched type Culinary Mould"
be80fd91-fd72-4c09-afc8-fb7f2368dedf,"Candle & Pillar Moulds","Soap & Bar Moulds","HIGH","Matched type Soap Mould"
043a9992-7b2a-4b24-8054-fa748aed14b1,"Candle & Pillar Moulds","Containers & Packaging","HIGH","Matched type Bottle/Container"
80de0ce1-2355-4bd2-bac0-510268a22d45,"Candle & Pillar Moulds","Eco-Resin & Stone Moulds","HIGH","Matched type Resin/Concrete Mould"
114e2537-2341-425e-b6ac-615bd0347875,"Candle & Pillar Moulds","Eco-Resin & Stone Moulds","HIGH","Matched type Resin/Concrete Mould"
f5eb4749-ae2b-4d9f-826e-e5afb46bfdb4,"Candle & Pillar Moulds","Containers & Packaging","HIGH","Matched type Bottle/Container"
8134dca1-605b-4fa9-9e7c-c907800abd2a,"Candle & Pillar Moulds","Containers & Packaging","HIGH","Matched type Bottle/Container"
9c8d5f1d-ca11-4167-873f-6511d39bda55,"Candle & Pillar Moulds","Eco-Resin & Stone Moulds","HIGH","Matched type Resin/Concrete Mould"
5b1d33bc-fb39-4b5f-92a1-969476882c8c,"Containers & Packaging","Eco-Resin & Stone Moulds","HIGH","Matched type Resin/Concrete Mould"
45bc4520-3cba-4140-9bfb-fdf76210ba87,"Containers & Packaging","Eco-Resin & Stone Moulds","HIGH","Matched type Resin/Concrete Mould"
47de461d-1942-464f-8b13-155b68695a0c,"Candle & Pillar Moulds","Containers & Packaging","HIGH","Matched type Bottle/Container"
1eb91bd4-ae35-4a83-9a18-07fb56082138,"Containers & Packaging","Eco-Resin & Stone Moulds","HIGH","Matched type Resin/Concrete Mould"
8b74b581-0ca6-4525-be62-ed3e4edd9ba0,"Candle & Pillar Moulds","Eco-Resin & Stone Moulds","HIGH","Matched type Resin/Concrete Mould"
75d1823f-8280-4236-9a19-83db44fcf46b,"Candle & Pillar Moulds","Eco-Resin & Stone Moulds","HIGH","Matched type Resin/Concrete Mould"
ae966bcc-94cc-41cf-a01f-be8a75ee575d,"Candle & Pillar Moulds","Eco-Resin & Stone Moulds","HIGH","Matched type Resin/Concrete Mould"
320f00e4-96b1-4ac7-86cd-52be9e11076f,"Candle & Pillar Moulds","Eco-Resin & Stone Moulds","HIGH","Matched type Resin/Concrete Mould"
66ddd947-4a7c-4df6-a3a7-7d6cba852d98,"Candle & Pillar Moulds","Eco-Resin & Stone Moulds","HIGH","Matched type Resin/Concrete Mould"
71478dca-dd49-4659-b82a-8e936d511505,"Candle & Pillar Moulds","Eco-Resin & Stone Moulds","HIGH","Matched type Resin/Concrete Mould"
537edee6-0ea7-48ad-a63f-e5bc6b4529a3,"Candle & Pillar Moulds","Eco-Resin & Stone Moulds","HIGH","Matched type Resin/Concrete Mould"
13c30098-6dd6-40c2-8806-3d43f71fa9f3,"Candle & Pillar Moulds","Containers & Packaging","HIGH","Matched type Bottle/Container"
93a28d42-5013-45ab-97d3-5bc52c4c2d15,"Candle & Pillar Moulds","Containers & Packaging","HIGH","Matched type Bottle/Container"
4989ce28-8d40-4a21-afe2-5b724ad5d211,"Candle & Pillar Moulds","Fragrance Oils","HIGH","Matched type Fragrance Oil"
786568ee-deca-4a6d-bb11-3718d82a477a,"Pigments & Colors","Containers & Packaging","HIGH","Matched type Bottle/Container"
0b6c3578-45e5-4a56-9f38-a347eb83d816,"Candle & Pillar Moulds","Eco-Resin & Stone Moulds","HIGH","Matched type Resin/Concrete Mould"
97b1daf6-65db-4f62-ad19-ff1bf1944a67,"Containers & Packaging","Eco-Resin & Stone Moulds","HIGH","Matched type Resin/Concrete Mould"
fb529334-23a6-4a29-b112-e0bbc8f34557,"Candle & Pillar Moulds","Eco-Resin & Stone Moulds","HIGH","Matched type Resin/Concrete Mould"
14b0e92e-4de9-4c8f-9ae1-0cb780a65de9,"Candle & Pillar Moulds","Eco-Resin & Stone Moulds","HIGH","Matched type Resin/Concrete Mould"
74e3c8df-ee14-4daf-b7db-ba6bbd3a6f85,"Containers & Packaging","Eco-Resin & Stone Moulds","HIGH","Matched type Resin/Concrete Mould"
9e26b6e2-fb04-44f1-be79-a316b55b1dfe,"Containers & Packaging","Eco-Resin & Stone Moulds","HIGH","Matched type Resin/Concrete Mould"
884d1873-e142-41de-a8ae-55374ae930e8,"Containers & Packaging","Eco-Resin & Stone Moulds","HIGH","Matched type Resin/Concrete Mould"
092582fe-a896-4dca-9583-ac2c315fdfdf,"Containers & Packaging","Eco-Resin & Stone Moulds","HIGH","Matched type Resin/Concrete Mould"
4f6f58c9-ed93-4ba4-8be1-79d025f63516,"Candle & Pillar Moulds","Eco-Resin & Stone Moulds","HIGH","Matched type Resin/Concrete Mould"
b88a4f3c-15ec-47c1-9f84-aee31694b68f,"Containers & Packaging","Eco-Resin & Stone Moulds","HIGH","Matched type Resin/Concrete Mould"
48552e88-9f3b-4c15-8cf7-4b5aec26367d,"Candle & Pillar Moulds","Containers & Packaging","HIGH","Matched type Bottle/Container"
f480cc07-7b01-44a7-b908-dee150f365b1,"Candle & Pillar Moulds","Eco-Resin & Stone Moulds","HIGH","Matched type Resin/Concrete Mould"
600aa46c-b2be-49f4-bd88-e9f407cb90ec,"Candle & Pillar Moulds","Eco-Resin & Stone Moulds","HIGH","Matched type Resin/Concrete Mould"
557aa7a8-0c8f-4e6e-9703-fe46001c0c54,"Candle & Pillar Moulds","Containers & Packaging","HIGH","Matched type Bottle/Container"
904da598-dde4-47df-aeff-13bd72959bba,"Candle & Pillar Moulds","Containers & Packaging","HIGH","Matched type Bottle/Container"
5c150a8f-18ce-4b38-9f91-ca5e88e1ddf9,"Candle & Pillar Moulds","Eco-Resin & Stone Moulds","HIGH","Matched type Resin/Concrete Mould"
9ef67c4f-67a2-4dc5-9a7c-438fe7f2af4c,"Containers & Packaging","Eco-Resin & Stone Moulds","HIGH","Matched type Resin/Concrete Mould"
64e21e04-f9a5-4ba7-8626-775826d6a0df,"Food Safe Flavour Oil","Containers & Packaging","HIGH","Matched type Bottle/Container"
e4b93639-14dd-4996-9e6e-7517d23d3344,"Containers & Packaging","Eco-Resin & Stone Moulds","HIGH","Matched type Resin/Concrete Mould"
8508c0db-9ae6-4405-8f55-ff54ada950fa,"Candle & Pillar Moulds","Containers & Packaging","HIGH","Matched type Bottle/Container"
c9a54875-b2b3-4125-8d1d-81c1498d17c0,"Candle & Pillar Moulds","Eco-Resin & Stone Moulds","HIGH","Matched type Resin/Concrete Mould"
444eade1-92ac-4527-b59d-5d62dd826b73,"Candle & Pillar Moulds","Eco-Resin & Stone Moulds","HIGH","Matched type Resin/Concrete Mould"
8d3facca-86a2-4e78-aa64-1ab590cf3a99,"Candle & Pillar Moulds","Eco-Resin & Stone Moulds","HIGH","Matched type Resin/Concrete Mould"
13cb01cb-8703-4d70-939c-1aed68624a0d,"Candle & Pillar Moulds","Eco-Resin & Stone Moulds","HIGH","Matched type Resin/Concrete Mould"
578455ff-a950-4780-9897-9dfea93a96a5,"Candle & Pillar Moulds","Eco-Resin & Stone Moulds","HIGH","Matched type Resin/Concrete Mould"
10420c92-62bc-49e4-93d7-14d8041d28fc,"Candle & Pillar Moulds","Eco-Resin & Stone Moulds","HIGH","Matched type Resin/Concrete Mould"
42c6ab69-31c4-4cf0-8e0c-daac86477dbf,"Candle & Pillar Moulds","Eco-Resin & Stone Moulds","HIGH","Matched type Resin/Concrete Mould"
138c192d-18fb-4c17-8d4f-acb6de4f5d16,"Candle & Pillar Moulds","Eco-Resin & Stone Moulds","HIGH","Matched type Resin/Concrete Mould"
32c1d61b-beba-44da-8d32-cc123b532a94,"Candle & Pillar Moulds","Containers & Packaging","HIGH","Matched type Bottle/Container"
9338d86d-e543-4d54-8f6f-ae64dbb3acc2,"Candle & Pillar Moulds","Containers & Packaging","HIGH","Matched type Bottle/Container"
d6007088-7a9b-424c-97e1-9b1c0eb8916b,"Candle & Pillar Moulds","Fragrance Oils","HIGH","Matched type Fragrance Oil"
bbe1dc25-d2e3-46da-8b38-59f81d549530,"Pigments & Colors","Containers & Packaging","HIGH","Matched type Bottle/Container"
5f1a40b6-8aea-46fb-8641-1b72d995e19b,"Candle & Pillar Moulds","Containers & Packaging","HIGH","Matched type Bottle/Container"
f6176078-89d3-4320-beea-48302804a09d,"Candle & Pillar Moulds","Eco-Resin & Stone Moulds","HIGH","Matched type Resin/Concrete Mould"
4af9712e-68e1-40b2-9f6e-28ed876b0810,"Candle & Pillar Moulds","Eco-Resin & Stone Moulds","HIGH","Matched type Resin/Concrete Mould"
c6a516b0-262b-4230-be52-d9b4c2f890ff,"Candle & Pillar Moulds","Containers & Packaging","HIGH","Matched type Bottle/Container"
572374b5-d1ac-46d4-aff7-4243d086ba1c,"Candle & Pillar Moulds","Containers & Packaging","HIGH","Matched type Bottle/Container"
7284beab-d3c8-4785-bb2e-5d47b1ae96c1,"Candle & Pillar Moulds","Eco-Resin & Stone Moulds","HIGH","Matched type Resin/Concrete Mould"
8834a9a0-0c5a-4934-abd2-1f138b5df188,"Containers & Packaging","Eco-Resin & Stone Moulds","HIGH","Matched type Resin/Concrete Mould"
12346b6d-2faf-4fbe-b37f-7e97ab6e6d11,"Candle & Pillar Moulds","Containers & Packaging","HIGH","Matched type Bottle/Container"
c2e448fd-3670-4af4-8033-d3284419bcfb,"Containers & Packaging","Eco-Resin & Stone Moulds","HIGH","Matched type Resin/Concrete Mould"
d39f1fd8-fdc3-4104-aa88-ebaeb7e3b54b,"Candle & Pillar Moulds","Eco-Resin & Stone Moulds","HIGH","Matched type Resin/Concrete Mould"
dfa77d0d-2d2d-4e4b-945a-aed9f8d51ae5,"Candle & Pillar Moulds","Eco-Resin & Stone Moulds","HIGH","Matched type Resin/Concrete Mould"
c81ee37b-143d-4fef-a074-d0eb2d15e40d,"Candle & Pillar Moulds","Eco-Resin & Stone Moulds","HIGH","Matched type Resin/Concrete Mould"
df9e7eb3-e9df-49d9-ae70-71727be62149,"Candle & Pillar Moulds","Eco-Resin & Stone Moulds","HIGH","Matched type Resin/Concrete Mould"
aa96e35a-8453-4953-ba23-e8f7fbd5e659,"Candle & Pillar Moulds","Eco-Resin & Stone Moulds","HIGH","Matched type Resin/Concrete Mould"
328a2e38-37cd-4b1b-9722-c535fbf8d57d,"Candle & Pillar Moulds","Eco-Resin & Stone Moulds","HIGH","Matched type Resin/Concrete Mould"
cf45d69c-abeb-4635-856d-2e1bd0cc18df,"Candle & Pillar Moulds","Eco-Resin & Stone Moulds","HIGH","Matched type Resin/Concrete Mould"
44c94e0e-3ee9-4eac-b887-b2856398d90a,"Candle & Pillar Moulds","Containers & Packaging","HIGH","Matched type Bottle/Container"
b4bd4a66-52d6-407f-bf79-22b98ef7cffd,"Candle & Pillar Moulds","Eco-Resin & Stone Moulds","HIGH","Matched type Resin/Concrete Mould"
c2fa49f3-bd99-4ee1-92ae-c6743fe1a21c,"Candle & Pillar Moulds","Eco-Resin & Stone Moulds","HIGH","Matched type Resin/Concrete Mould"
cce45b30-4451-417b-b415-ec7e0dc184d4,"Candle & Pillar Moulds","Containers & Packaging","HIGH","Matched type Bottle/Container"
66fe0cf1-58fc-422d-ba32-952f7b77774e,"Candle & Pillar Moulds","Containers & Packaging","HIGH","Matched type Bottle/Container"
8068afd8-31f4-413e-856c-f8e7ae494fbe,"Candle & Pillar Moulds","Soap & Bar Moulds","HIGH","Matched type Soap Mould"
b200c6bd-ff0e-43fc-860c-db420a624bc2,"Candle & Pillar Moulds","Eco-Resin & Stone Moulds","HIGH","Matched type Resin/Concrete Mould"
b7ee42a1-a76c-486b-84dc-69ef17cf5dc8,"Containers & Packaging","Eco-Resin & Stone Moulds","HIGH","Matched type Resin/Concrete Mould"
658a86a0-8a49-4119-81bd-0329d16f4ec3,"Candle & Pillar Moulds","Containers & Packaging","HIGH","Matched type Bottle/Container"
14a9ded9-c40a-4e04-a99c-a339d79ad850,"Candle & Pillar Moulds","Eco-Resin & Stone Moulds","HIGH","Matched type Resin/Concrete Mould"
f7f624a9-d116-4ffc-8433-5c3c96c26daf,"Candle & Pillar Moulds","Eco-Resin & Stone Moulds","HIGH","Matched type Resin/Concrete Mould"
39bb8b4f-b334-40ab-b7be-4728ec8218ff,"Candle & Pillar Moulds","Eco-Resin & Stone Moulds","HIGH","Matched type Resin/Concrete Mould"
c4389311-72a9-48d3-9f54-6cf67482b240,"Candle & Pillar Moulds","Eco-Resin & Stone Moulds","HIGH","Matched type Resin/Concrete Mould"
75a09c51-13d5-46fb-9fe8-dfcea92619df,"Candle & Pillar Moulds","Eco-Resin & Stone Moulds","HIGH","Matched type Resin/Concrete Mould"
65191fd1-f1c8-49d9-b41d-792ebcd9d7a4,"Candle & Pillar Moulds","Eco-Resin & Stone Moulds","HIGH","Matched type Resin/Concrete Mould"
e2763f0a-c036-4c27-b316-4cbf117294e3,"Candle & Pillar Moulds","Eco-Resin & Stone Moulds","HIGH","Matched type Resin/Concrete Mould"
b95d056a-3141-43ed-a556-0ab4fa6808c2,"Candle & Pillar Moulds","Eco-Resin & Stone Moulds","HIGH","Matched type Resin/Concrete Mould"
40c38f2e-1755-4c24-b235-4c0616d82d3e,"Candle & Pillar Moulds","Containers & Packaging","HIGH","Matched type Bottle/Container"
d1b985cc-7a58-40ed-833c-a3a07956748b,"Candle & Pillar Moulds","Containers & Packaging","HIGH","Matched type Bottle/Container"
65692a6e-dc4a-4251-9e0e-e5bff5e7798f,"Candle & Pillar Moulds","Fragrance Oils","HIGH","Matched type Fragrance Oil"
6271dd48-24cd-4d6e-a04c-4140a38c2368,"Pigments & Colors","Containers & Packaging","HIGH","Matched type Bottle/Container"
78476dd5-6044-4ad7-9c55-038135f1fa53,"Candle & Pillar Moulds","Eco-Resin & Stone Moulds","HIGH","Matched type Resin/Concrete Mould"
61a1e599-5cf8-43cd-8d65-1324f44c4fb1,"Containers & Packaging","Eco-Resin & Stone Moulds","HIGH","Matched type Resin/Concrete Mould"
efc38268-4ebd-43a6-a34b-e48acffddc8a,"Candle & Pillar Moulds","Containers & Packaging","HIGH","Matched type Bottle/Container"
a31856cc-8a43-4e35-9850-c8a9629d9fa3,"Candle & Pillar Moulds","Eco-Resin & Stone Moulds","HIGH","Matched type Resin/Concrete Mould"
8ca4f387-7a4f-451f-90d2-8317ea2ee755,"Containers & Packaging","Eco-Resin & Stone Moulds","HIGH","Matched type Resin/Concrete Mould"
f2b91666-12c9-4917-aab1-b5b07a39cee1,"Candle & Pillar Moulds","Eco-Resin & Stone Moulds","HIGH","Matched type Resin/Concrete Mould"
7e2cda08-ae3c-4e74-93ba-7d14b4c4b1e3,"Containers & Packaging","Eco-Resin & Stone Moulds","HIGH","Matched type Resin/Concrete Mould"
35477a62-d6ab-48d0-99a5-a599da77dbad,"Containers & Packaging","Eco-Resin & Stone Moulds","HIGH","Matched type Resin/Concrete Mould"
e048da00-4970-49f7-b8a1-7987cd043285,"Candle & Pillar Moulds","Eco-Resin & Stone Moulds","HIGH","Matched type Resin/Concrete Mould"
cf5b5bb1-54f9-45d5-ac02-74f72c059402,"Containers & Packaging","Eco-Resin & Stone Moulds","HIGH","Matched type Resin/Concrete Mould"
4501fd62-54f4-429c-88f8-2e448f361d72,"Candle & Pillar Moulds","Eco-Resin & Stone Moulds","HIGH","Matched type Resin/Concrete Mould"
74479e0c-36e7-4915-a75b-67eead9ce3cb,"Premium Bases & Waxes","Containers & Packaging","HIGH","Matched type Bottle/Container"
fa0c0e5a-9ea8-4a50-96f5-c07afc06b270,"Food Safe Flavour Oil","Containers & Packaging","HIGH","Matched type Bottle/Container"
5aa7c4f5-9697-4c9a-9f9e-cbe687966faa,"Food Safe Flavour Oil","Containers & Packaging","HIGH","Matched type Bottle/Container"
efb512ab-5020-48a7-961f-5cc7ec4f92a2,"Candle & Pillar Moulds","Eco-Resin & Stone Moulds","HIGH","Matched type Resin/Concrete Mould"
7f9a0f1c-e9d6-4600-9dbe-f895e06fcd6d,"Candle & Pillar Moulds","Containers & Packaging","HIGH","Matched type Bottle/Container"
8e5ea196-cce7-46a2-ad9f-2014cdc36cb8,"Candle & Pillar Moulds","Eco-Resin & Stone Moulds","HIGH","Matched type Resin/Concrete Mould"
408ee114-f7de-4c87-b5a0-77c53c1f0f1a,"Candle & Pillar Moulds","Eco-Resin & Stone Moulds","HIGH","Matched type Resin/Concrete Mould"
efbb9135-b920-4480-92ff-0183f423546f,"Candle & Pillar Moulds","Containers & Packaging","HIGH","Matched type Bottle/Container"
330bf795-c14f-4105-bf2d-d09673ca443c,"Candle & Pillar Moulds","Eco-Resin & Stone Moulds","HIGH","Matched type Resin/Concrete Mould"
92183962-b6df-4d5d-8775-6a74fb4e3301,"Candle & Pillar Moulds","Eco-Resin & Stone Moulds","HIGH","Matched type Resin/Concrete Mould"
42ffd2f8-b3fd-438e-85ba-ac1d99ae00cd,"Candle & Pillar Moulds","Containers & Packaging","HIGH","Matched type Bottle/Container"
94de0be7-a3f1-4558-bed1-9a46fa9255ca,"Candle & Pillar Moulds","Eco-Resin & Stone Moulds","HIGH","Matched type Resin/Concrete Mould"
be3b7d1b-b50c-4e92-8879-679e18ff3c95,"Containers & Packaging","Eco-Resin & Stone Moulds","HIGH","Matched type Resin/Concrete Mould"
179c3e3d-47cf-4002-898e-f1ab38940789,"Food Safe Flavour Oil","Containers & Packaging","HIGH","Matched type Bottle/Container"
0beeb012-ea42-41b2-9343-3be4ebd6dd43,"Candle & Pillar Moulds","Containers & Packaging","HIGH","Matched type Bottle/Container"
605f5b07-b6fb-434b-bbb8-644cc703ddcb,"Containers & Packaging","Eco-Resin & Stone Moulds","HIGH","Matched type Resin/Concrete Mould"
fabc40f0-f037-46be-b211-ad02036a3e70,"Candle & Pillar Moulds","Eco-Resin & Stone Moulds","HIGH","Matched type Resin/Concrete Mould"
ea2209e0-264a-4bc5-9fa3-a900fd5b9561,"Candle & Pillar Moulds","Eco-Resin & Stone Moulds","HIGH","Matched type Resin/Concrete Mould"
06bf1a9e-193e-4269-9711-cce60072878c,"Candle & Pillar Moulds","Eco-Resin & Stone Moulds","HIGH","Matched type Resin/Concrete Mould"
d11b97fc-eeb1-4fa8-ac64-917aecf91cbe,"Candle & Pillar Moulds","Eco-Resin & Stone Moulds","HIGH","Matched type Resin/Concrete Mould"
90016305-9777-4833-9e1d-b2070da3de99,"Candle & Pillar Moulds","Eco-Resin & Stone Moulds","HIGH","Matched type Resin/Concrete Mould"
5b2b4c16-654d-4d9c-af35-35b7af366c9d,"Candle & Pillar Moulds","Eco-Resin & Stone Moulds","HIGH","Matched type Resin/Concrete Mould"
b26a9ee3-0cd8-4405-9ac4-1d84de388529,"Containers & Packaging","Eco-Resin & Stone Moulds","HIGH","Matched type Resin/Concrete Mould"
665cc6d0-7b1d-470e-ad43-27383523c2bb,"Candle & Pillar Moulds","Eco-Resin & Stone Moulds","HIGH","Matched type Resin/Concrete Mould"
9f392136-75b7-4f02-ad1f-f00a2144473d,"Candle & Pillar Moulds","Containers & Packaging","HIGH","Matched type Bottle/Container"
ce0d56f5-0514-4c96-987a-6cdf5529a0dd,"Candle & Pillar Moulds","Containers & Packaging","HIGH","Matched type Bottle/Container"
153e8c8f-acb0-4353-a2fc-f93ec08d276a,"Candle & Pillar Moulds","Fragrance Oils","HIGH","Matched type Fragrance Oil"
a89393a7-2340-4f6b-bb60-77db6a8d44e3,"Pigments & Colors","Containers & Packaging","HIGH","Matched type Bottle/Container"
4b6bf5d8-b507-4889-9caa-5469a653694e,"Candle & Pillar Moulds","Eco-Resin & Stone Moulds","HIGH","Matched type Resin/Concrete Mould"
494e3573-3684-4851-ad86-36ebdd360bdf,"Candle & Pillar Moulds","Containers & Packaging","HIGH","Matched type Bottle/Container"
1cf77308-fd8a-4e65-b066-7d4c610ca4f1,"Candle & Pillar Moulds","Eco-Resin & Stone Moulds","HIGH","Matched type Resin/Concrete Mould"
336ab59a-f3cf-4492-8607-17ea51e38f36,"Candle & Pillar Moulds","Eco-Resin & Stone Moulds","HIGH","Matched type Resin/Concrete Mould"
f20c249b-69d3-4e34-aee6-560232d960a6,"Candle & Pillar Moulds","Containers & Packaging","HIGH","Matched type Bottle/Container"
aa9f8779-6b4b-4a88-9d0c-aae4f8de8a3d,"Candle & Pillar Moulds","Containers & Packaging","HIGH","Matched type Bottle/Container"
66e95b9b-dfe1-483e-b7a8-a8a70d7616d1,"Candle & Pillar Moulds","Eco-Resin & Stone Moulds","HIGH","Matched type Resin/Concrete Mould"
90b6e5b1-d2b4-4cc2-b099-69add1c41e0d,"Containers & Packaging","Eco-Resin & Stone Moulds","HIGH","Matched type Resin/Concrete Mould"
2053862c-473f-4911-a6fa-85a4d94b880b,"Candle & Pillar Moulds","Containers & Packaging","HIGH","Matched type Bottle/Container"
85eef9de-651e-4e5d-b800-7bde4b26b8a7,"Containers & Packaging","Eco-Resin & Stone Moulds","HIGH","Matched type Resin/Concrete Mould"
1320ff82-1ce8-414b-b9bc-8236858b8df2,"Candle & Pillar Moulds","Eco-Resin & Stone Moulds","HIGH","Matched type Resin/Concrete Mould"
f7997cde-2504-41e8-bf4c-1f3009219bc5,"Candle & Pillar Moulds","Eco-Resin & Stone Moulds","HIGH","Matched type Resin/Concrete Mould"
53d19cba-1030-4022-8cb3-aa12a12f0a82,"Candle & Pillar Moulds","Eco-Resin & Stone Moulds","HIGH","Matched type Resin/Concrete Mould"
680a135a-a014-4c45-9e3d-f42a6d85bdea,"Candle & Pillar Moulds","Eco-Resin & Stone Moulds","HIGH","Matched type Resin/Concrete Mould"
105e56aa-a0f3-4e0a-84f0-7e2c47681a6a,"Candle & Pillar Moulds","Eco-Resin & Stone Moulds","HIGH","Matched type Resin/Concrete Mould"
3b497b50-a784-47eb-926a-9d1299ef4633,"Candle & Pillar Moulds","Eco-Resin & Stone Moulds","HIGH","Matched type Resin/Concrete Mould"
47cdbf41-a670-46fa-a9e4-7452fa2e9f07,"Containers & Packaging","Eco-Resin & Stone Moulds","HIGH","Matched type Resin/Concrete Mould"
24ce1b3f-83d8-4a17-9492-0b732045cd81,"Containers & Packaging","Eco-Resin & Stone Moulds","HIGH","Matched type Resin/Concrete Mould"
5e58f797-b8e4-495b-9b07-7a34cfc4cf65,"Candle & Pillar Moulds","Containers & Packaging","HIGH","Matched type Bottle/Container"
71aa3e4a-4306-467c-9540-58424e277dcb,"Candle & Pillar Moulds","Eco-Resin & Stone Moulds","HIGH","Matched type Resin/Concrete Mould"
6d05ce54-cf23-42fd-92b3-b8773522bf67,"Candle & Pillar Moulds","Eco-Resin & Stone Moulds","HIGH","Matched type Resin/Concrete Mould"
c4b6d1e3-d3d6-4686-84a5-b66f9fdb521c,"Candle & Pillar Moulds","Containers & Packaging","HIGH","Matched type Bottle/Container"
d4d0a9e6-ad3b-4923-9d57-b483e87d926f,"Candle & Pillar Moulds","Containers & Packaging","HIGH","Matched type Bottle/Container"
d2cab98d-f631-488b-9fca-2753cf2f01ce,"Containers & Packaging","Eco-Resin & Stone Moulds","HIGH","Matched type Resin/Concrete Mould"
09e2f9a5-2b55-4065-9266-e0b76fc95e94,"Containers & Packaging","Eco-Resin & Stone Moulds","HIGH","Matched type Resin/Concrete Mould"
ed512629-92eb-4233-be4f-cc3078f6cdf7,"Containers & Packaging","Eco-Resin & Stone Moulds","HIGH","Matched type Resin/Concrete Mould"
90e008b7-4da6-4cb8-bc34-5ca915a6f95a,"Candle & Pillar Moulds","Eco-Resin & Stone Moulds","HIGH","Matched type Resin/Concrete Mould"
d83dd372-8d7b-460a-b970-07836a5a0b12,"Containers & Packaging","Eco-Resin & Stone Moulds","HIGH","Matched type Resin/Concrete Mould"
ce031187-968a-4c55-8b13-aada5ac36fb4,"Candle & Pillar Moulds","Eco-Resin & Stone Moulds","HIGH","Matched type Resin/Concrete Mould"
a9de743d-2df3-4709-85c7-6e15fad8a6ee,"Candle & Pillar Moulds","Eco-Resin & Stone Moulds","HIGH","Matched type Resin/Concrete Mould"
238440e3-2948-47e0-81b1-ef7e41541673,"Containers & Packaging","Eco-Resin & Stone Moulds","HIGH","Matched type Resin/Concrete Mould"
b209969a-774e-4779-a1e0-56ccc2f5488d,"Candle & Pillar Moulds","Fragrance Oils","HIGH","Matched type Fragrance Oil"
1c62c2bb-2f70-46a4-bc31-e0ee1d42da7b,"Candle & Pillar Moulds","Eco-Resin & Stone Moulds","HIGH","Matched type Resin/Concrete Mould"
94a18ece-d179-40b2-bd47-8a6b34269439,"Premium Bases & Waxes","Containers & Packaging","HIGH","Matched type Bottle/Container"
94b9fdf5-cd89-463b-bff6-c3f1542084ac,"Food Safe Flavour Oil","Containers & Packaging","HIGH","Matched type Bottle/Container"
148dce3c-d118-4447-b94c-f74f137d21ef,"Food Safe Flavour Oil","Containers & Packaging","HIGH","Matched type Bottle/Container"
ec3c8126-bc25-4636-8b99-b01c650b9df6,"Candle & Pillar Moulds","Eco-Resin & Stone Moulds","HIGH","Matched type Resin/Concrete Mould"
0f5eb346-143e-4a71-bfef-ef2b0a07f961,"Candle & Pillar Moulds","Containers & Packaging","HIGH","Matched type Bottle/Container"
72d57dcf-8210-431c-95eb-e68cf8edd571,"Candle & Pillar Moulds","Eco-Resin & Stone Moulds","HIGH","Matched type Resin/Concrete Mould"
851c9c29-7b6e-41f2-ac6d-ad061eb0a8d9,"Candle & Pillar Moulds","Eco-Resin & Stone Moulds","HIGH","Matched type Resin/Concrete Mould"
8d9f1d71-f612-417a-b8ce-c3c670151af6,"Pigments & Colors","Containers & Packaging","HIGH","Matched type Bottle/Container"
dba98fed-b2bb-4d59-9eed-c80388c3a3aa,"Candle & Pillar Moulds","Eco-Resin & Stone Moulds","HIGH","Matched type Resin/Concrete Mould"
dd211c4b-0c6f-471b-9de9-e2a4660e8a30,"Containers & Packaging","Eco-Resin & Stone Moulds","HIGH","Matched type Resin/Concrete Mould"
40d03e39-ba73-43ad-b3a9-622123784123,"Candle & Pillar Moulds","Containers & Packaging","HIGH","Matched type Bottle/Container"
853ce776-0452-4fec-9295-3bec94fcb76b,"Candle & Pillar Moulds","Eco-Resin & Stone Moulds","HIGH","Matched type Resin/Concrete Mould"
53d8206c-b478-4e47-be16-a06779feee82,"Containers & Packaging","Culinary & Fondant Moulds","HIGH","Matched type Culinary Mould"
cf5f4035-74b6-4733-8762-4c4ddf641739,"Containers & Packaging","Culinary & Fondant Moulds","HIGH","Matched type Culinary Mould"
a1aae23a-c92f-47b8-af9f-8fa789649895,"Containers & Packaging","Culinary & Fondant Moulds","HIGH","Matched type Culinary Mould"
4aa09afa-7e0b-408e-871c-faf5658e4fb7,"Containers & Packaging","Culinary & Fondant Moulds","HIGH","Matched type Culinary Mould"
059a3cc6-e2bb-4386-98ed-c63a12f0aed2,"Containers & Packaging","Culinary & Fondant Moulds","HIGH","Matched type Culinary Mould"
306d5676-a827-4dfa-90de-1185de987c53,"Containers & Packaging","Culinary & Fondant Moulds","HIGH","Matched type Culinary Mould"
658c46fc-7349-4f59-8c54-d9daa946da54,"Containers & Packaging","Culinary & Fondant Moulds","HIGH","Matched type Culinary Mould"
387ef404-a2d7-4f2e-98d5-20ea261bd85c,"Containers & Packaging","Culinary & Fondant Moulds","HIGH","Matched type Culinary Mould"
7c00a4c0-a255-499a-82f9-cb419711a81e,"Containers & Packaging","Culinary & Fondant Moulds","HIGH","Matched type Culinary Mould"
c7b23f75-592a-45a9-a481-cd9b5dff3b17,"Containers & Packaging","Culinary & Fondant Moulds","HIGH","Matched type Culinary Mould"
df227cbd-11dc-4ca6-97e5-ff7640dbb186,"Soap & Bar Moulds","Fragrance Oils","HIGH","Matched type Fragrance Oil"
730ea689-2e2f-4dd2-a528-b9967eae92ee,"Containers & Packaging","Culinary & Fondant Moulds","HIGH","Matched type Culinary Mould"
69c6838e-5217-45b7-ba50-d213d128dd8d,"Containers & Packaging","Culinary & Fondant Moulds","HIGH","Matched type Culinary Mould"
5de93172-c5ca-467d-814c-5fd079c11e20,"Containers & Packaging","Culinary & Fondant Moulds","HIGH","Matched type Culinary Mould"
aa1605dd-c7c9-44c5-a510-2dc558c6a961,"Containers & Packaging","Culinary & Fondant Moulds","HIGH","Matched type Culinary Mould"
867212d9-ebd3-4b8b-9ea3-461336f9eb55,"Containers & Packaging","Culinary & Fondant Moulds","HIGH","Matched type Culinary Mould"
957440b9-6006-44d7-8f31-b840a5c4f227,"Soap & Bar Moulds","Fragrance Oils","HIGH","Matched type Fragrance Oil"
72477d88-ddea-4ae6-b4f8-f575d4cb89e3,"Candle & Pillar Moulds","Soap & Bar Moulds","HIGH","Matched type Soap Mould"
1da3b78e-1a6f-4186-bccd-adeb858c0d96,"Soap & Bar Moulds","Fragrance Oils","HIGH","Matched type Fragrance Oil"
8d40857f-0ba3-4add-b139-75de2bd718e5,"Soap & Bar Moulds","Fragrance Oils","HIGH","Matched type Fragrance Oil"
1a6dca4d-b571-484e-b8fd-1de7461a329e,"Candle & Pillar Moulds","Soap & Bar Moulds","HIGH","Matched type Soap Mould"
9cc65439-3741-483b-b383-d11410721b40,"Candle & Pillar Moulds","Soap & Bar Moulds","HIGH","Matched type Soap Mould"
b52d4044-b358-4499-808f-2fbadc168933,"Candle & Pillar Moulds","Soap & Bar Moulds","HIGH","Matched type Soap Mould"
c01cc3b8-70d5-48e3-b0c3-e3037ea08c14,"Candle & Pillar Moulds","Soap & Bar Moulds","HIGH","Matched type Soap Mould"
6c6efe1e-dce7-4dbf-8327-0cdb0c304dc5,"Candle & Pillar Moulds","Soap & Bar Moulds","HIGH","Matched type Soap Mould"
92eb84da-2e01-4fb8-9b3a-ee6b32858294,"Candle & Pillar Moulds","Soap & Bar Moulds","HIGH","Matched type Soap Mould"
ba9c0b67-2c1e-4606-a99b-c85fbb22578d,"Candle & Pillar Moulds","Soap & Bar Moulds","HIGH","Matched type Soap Mould"
5e6d65e6-4fd8-4f16-8cae-5221aa71b028,"Candle & Pillar Moulds","Soap & Bar Moulds","HIGH","Matched type Soap Mould"
e5efa8b7-3ae4-44dd-b1d5-cdc18986940c,"Candle & Pillar Moulds","Soap & Bar Moulds","HIGH","Matched type Soap Mould"
a070858d-7224-47e5-a80e-4004d925a51a,"Soap & Bar Moulds","Fragrance Oils","HIGH","Matched type Fragrance Oil"
dde447ba-9d52-456d-b8b8-0861cf56554c,"Candle & Pillar Moulds","Soap & Bar Moulds","HIGH","Matched type Soap Mould"
867bb1ec-437b-4b9e-80be-e1c95e0def90,"Candle & Pillar Moulds","Soap & Bar Moulds","HIGH","Matched type Soap Mould"
273bdab9-c918-4a24-b581-26e41f1cb8de,"Soap & Bar Moulds","Fragrance Oils","HIGH","Matched type Fragrance Oil"
4596f700-365c-4144-8963-0bd935e6cce1,"Soap & Bar Moulds","Fragrance Oils","HIGH","Matched type Fragrance Oil"
fd8ee60a-cd61-49e0-a4c0-e7ed1cd650e1,"Candle & Pillar Moulds","Soap & Bar Moulds","HIGH","Matched type Soap Mould"
94e60eb1-a1eb-49d4-abea-26b1f6f5e7cb,"Candle & Pillar Moulds","Soap & Bar Moulds","HIGH","Matched type Soap Mould"
97768f5d-e355-4040-9e4e-73271cfff2f3,"Food Safe Flavour Oil","Culinary & Fondant Moulds","HIGH","Matched type Culinary Mould"
be08aa17-acec-4bbd-bca1-3854be548148,"Food Safe Flavour Oil","Culinary & Fondant Moulds","HIGH","Matched type Culinary Mould"
3f329fc7-463b-49cc-afa2-a35ff9348d43,"Food Safe Flavour Oil","Culinary & Fondant Moulds","HIGH","Matched type Culinary Mould"
528d4961-4a63-4a95-bd0b-b38eb8da7910,"Culinary & Fondant Moulds","General Silicone Moulds","HIGH","Matched type General Mould"
ec91ebb3-f9e9-49d9-9629-5b4e0c3d35c6,"Candle & Pillar Moulds","Soap & Bar Moulds","HIGH","Matched type Soap Mould"
35229c18-7693-46c6-b4a3-61d2c2c769f8,"Candle & Pillar Moulds","Soap & Bar Moulds","HIGH","Matched type Soap Mould"
486bb8c9-5195-4e0e-b3ee-c63e4f832900,"Candle & Pillar Moulds","Soap & Bar Moulds","HIGH","Matched type Soap Mould"
f5d09a6a-44d8-415e-beb6-89e983cac8f6,"Candle & Pillar Moulds","Soap & Bar Moulds","HIGH","Matched type Soap Mould"
a566609e-8263-4259-94e7-e7a5781973bf,"Candle & Pillar Moulds","Soap & Bar Moulds","HIGH","Matched type Soap Mould"
f0a383a5-623b-44ea-8814-f03fb525e893,"Food Safe Flavour Oil","Premium Bases & Waxes","HIGH","Matched type Wax/Base"
940b9489-4851-43b7-beef-36730cf3b560,"Food Safe Flavour Oil","Premium Bases & Waxes","HIGH","Matched type Wax/Base"
3dd8b9a6-dcc0-4d55-b4dc-72f5257e4d80,"Candle & Pillar Moulds","Soap & Bar Moulds","HIGH","Matched type Soap Mould"
a3086c85-e9a3-4276-bce4-3cdda7ffbf04,"Candle & Pillar Moulds","Soap & Bar Moulds","HIGH","Matched type Soap Mould"
d7d2289e-3dc6-481a-adf1-4a0ad9f8164d,"Candle & Pillar Moulds","Soap & Bar Moulds","HIGH","Matched type Soap Mould"
ec3ab5bd-8a11-4295-8362-4cb275058bbc,"Candle & Pillar Moulds","Soap & Bar Moulds","HIGH","Matched type Soap Mould"
ecd8684e-5a35-4b5e-bb8a-b679470b93c8,"Candle & Pillar Moulds","Soap & Bar Moulds","HIGH","Matched type Soap Mould"
17c3b9b7-cf68-469c-9031-320399c9eaa0,"Candle & Pillar Moulds","Soap & Bar Moulds","HIGH","Matched type Soap Mould"
5bfb2608-c80e-4dbe-a3e3-5d26d0017a6d,"Candle & Pillar Moulds","Soap & Bar Moulds","HIGH","Matched type Soap Mould"
8c645f5f-a764-4fc6-ba54-47c85ff4613a,"Candle & Pillar Moulds","Soap & Bar Moulds","HIGH","Matched type Soap Mould"
8f067c56-99b1-4d1b-9317-b8941b11f712,"Candle & Pillar Moulds","Soap & Bar Moulds","HIGH","Matched type Soap Mould"
2f9b178b-f99c-43c4-81f0-6854bd185d56,"Candle & Pillar Moulds","Soap & Bar Moulds","HIGH","Matched type Soap Mould"
0b536f99-f9d9-47a1-a492-ec62e1135e3c,"Candle & Pillar Moulds","Soap & Bar Moulds","HIGH","Matched type Soap Mould"
d86856fc-2afd-473c-a350-dffa07292673,"Candle & Pillar Moulds","Soap & Bar Moulds","HIGH","Matched type Soap Mould"
a9e920dd-06b9-48a5-b0d7-674b43cec3b3,"Candle & Pillar Moulds","Soap & Bar Moulds","HIGH","Matched type Soap Mould"
74d00441-b4f1-4c26-8ad9-df0a7c7c7c05,"Candle & Pillar Moulds","Soap & Bar Moulds","HIGH","Matched type Soap Mould"
0eabb2ef-3e6f-4394-9ce3-7efebf472609,"Candle & Pillar Moulds","Soap & Bar Moulds","HIGH","Matched type Soap Mould"
626e77c4-e576-485b-a5a7-dc3c6c360dc2,"Candle & Pillar Moulds","Soap & Bar Moulds","HIGH","Matched type Soap Mould"
87f5ce8e-c32a-4be7-8618-0359c82f5944,"Candle & Pillar Moulds","Soap & Bar Moulds","HIGH","Matched type Soap Mould"
0dcc1b4a-e370-461d-889b-2b962e87a7b2,"Candle & Pillar Moulds","Soap & Bar Moulds","HIGH","Matched type Soap Mould"
e94303fd-743d-44ae-9a37-d6523aaec283,"Candle & Pillar Moulds","Soap & Bar Moulds","HIGH","Matched type Soap Mould"
88d8c8f6-7700-4453-b721-23a88747d93b,"Candle & Pillar Moulds","Soap & Bar Moulds","HIGH","Matched type Soap Mould"
6337d314-8802-4cfe-85e0-bfe39de03605,"Premium Bases & Waxes","Soap & Bar Moulds","HIGH","Matched type Soap Mould"
c516c000-8bbc-4c9b-9b6f-66b5817fbc4c,"Candle & Pillar Moulds","Soap & Bar Moulds","HIGH","Matched type Soap Mould"
57e9feb5-46ee-4da1-9e68-ef2a0b709766,"Candle & Pillar Moulds","Soap & Bar Moulds","HIGH","Matched type Soap Mould"
1560ca99-d106-40b5-877b-567ad696f4ce,"Containers & Packaging","Culinary & Fondant Moulds","HIGH","Matched type Culinary Mould"
a76465ce-f525-4091-b12d-ed7dd8b2b550,"Containers & Packaging","Culinary & Fondant Moulds","HIGH","Matched type Culinary Mould"
d76612f9-72e8-494d-9b9d-c0c451fdf325,"Containers & Packaging","Culinary & Fondant Moulds","HIGH","Matched type Culinary Mould"
db775463-b478-4128-b12c-43fcb28362c0,"Candle & Pillar Moulds","Soap & Bar Moulds","HIGH","Matched type Soap Mould"
185c4844-bc29-4bbe-a203-521e962ad6ae,"Candle & Pillar Moulds","Soap & Bar Moulds","HIGH","Matched type Soap Mould"
661637c9-d41f-4e8f-a1ea-5cf32fa44259,"Candle & Pillar Moulds","Soap & Bar Moulds","HIGH","Matched type Soap Mould"
0f30a639-b5e3-4b80-99a9-95bbcec4c123,"Candle & Pillar Moulds","Soap & Bar Moulds","HIGH","Matched type Soap Mould"
e87259a4-f508-4b60-898d-930a9e1b02b6,"Candle & Pillar Moulds","Soap & Bar Moulds","HIGH","Matched type Soap Mould"
589c9e46-2bec-414f-8f15-21f7fdb38920,"Containers & Packaging","Soap & Bar Moulds","HIGH","Matched type Soap Mould"
fdbb79f5-5bdc-4121-9e61-1012355bb38e,"Candle & Pillar Moulds","Soap & Bar Moulds","HIGH","Matched type Soap Mould"
cf02e052-b485-4f80-83c9-d3937ff0f372,"Candle & Pillar Moulds","Soap & Bar Moulds","HIGH","Matched type Soap Mould"
8e2b3815-cb7c-4f44-a50d-cef5f745f82b,"Candle & Pillar Moulds","Soap & Bar Moulds","HIGH","Matched type Soap Mould"
a5d074df-c1b5-4a25-8626-c2c1a8fe76cf,"Candle & Pillar Moulds","Soap & Bar Moulds","HIGH","Matched type Soap Mould"
08a5046d-dcde-4a9a-a26b-b38f9f3af09a,"Candle & Pillar Moulds","Soap & Bar Moulds","HIGH","Matched type Soap Mould"
2a403d1b-f333-4c60-93f2-c305288c1092,"Candle & Pillar Moulds","Soap & Bar Moulds","HIGH","Matched type Soap Mould"
35ae05f7-0b07-4fbb-9c2c-665bd25bc4ae,"Candle & Pillar Moulds","Soap & Bar Moulds","HIGH","Matched type Soap Mould"
53e61a8f-a9e6-477b-bcb6-c80c72ed7db2,"Candle & Pillar Moulds","Soap & Bar Moulds","HIGH","Matched type Soap Mould"
5c67610f-663b-486a-ba68-dcde033a974b,"Candle & Pillar Moulds","Soap & Bar Moulds","HIGH","Matched type Soap Mould"
370a0458-51d0-43d2-ab35-b5584b726ea6,"Candle & Pillar Moulds","Soap & Bar Moulds","HIGH","Matched type Soap Mould"
9b48dde2-b240-4328-8d5c-969c87012f46,"Candle & Pillar Moulds","Soap & Bar Moulds","HIGH","Matched type Soap Mould"
4bd8a230-4693-47d2-a7a7-704d2a1d67ae,"Candle & Pillar Moulds","Soap & Bar Moulds","HIGH","Matched type Soap Mould"
57889908-17a2-4904-8329-b77039e1a4da,"Candle & Pillar Moulds","Soap & Bar Moulds","HIGH","Matched type Soap Mould"
be5a3201-40aa-4249-ba94-203f2cf589f2,"Candle & Pillar Moulds","Soap & Bar Moulds","HIGH","Matched type Soap Mould"
e033eaae-6337-4991-8a3e-ecfb5f8c0929,"Candle & Pillar Moulds","Soap & Bar Moulds","HIGH","Matched type Soap Mould"
d96c965f-138a-4b22-83ed-1edc91c072bb,"Candle & Pillar Moulds","Soap & Bar Moulds","HIGH","Matched type Soap Mould"
82902759-8805-4e4d-bf3c-ebcd83678b04,"Candle & Pillar Moulds","Soap & Bar Moulds","HIGH","Matched type Soap Mould"
d54a91e2-d09f-4705-88ae-5e463527ed02,"Candle & Pillar Moulds","Soap & Bar Moulds","HIGH","Matched type Soap Mould"
a22fbc09-7f97-4c37-a415-dc59103b026f,"Candle & Pillar Moulds","Eco-Resin & Stone Moulds","HIGH","Matched type Resin/Concrete Mould"
5f1fff72-25f8-4997-a53d-47bf15c75bac,"Candle & Pillar Moulds","Soap & Bar Moulds","HIGH","Matched type Soap Mould"
6279936c-1824-4d93-8044-260ebdb98fd5,"Candle & Pillar Moulds","Soap & Bar Moulds","HIGH","Matched type Soap Mould"
f14c2340-2d35-4a60-8fcb-5fbdc8a56926,"Candle & Pillar Moulds","Soap & Bar Moulds","HIGH","Matched type Soap Mould"
f6dde3d4-5f5b-4c32-9eff-91a0d77ee78a,"Candle & Pillar Moulds","Soap & Bar Moulds","HIGH","Matched type Soap Mould"
d659f030-6cc4-4f59-9289-9ad4fc637217,"Candle & Pillar Moulds","Soap & Bar Moulds","HIGH","Matched type Soap Mould"
bcc9cca7-44cc-47a5-a2f7-152189dcbc21,"Candle & Pillar Moulds","Soap & Bar Moulds","HIGH","Matched type Soap Mould"
bcdbe95b-4ce3-4dab-a528-2ff496e86ae9,"Candle & Pillar Moulds","Soap & Bar Moulds","HIGH","Matched type Soap Mould"
863387de-0f51-4423-812d-1de686cd0e3c,"Candle & Pillar Moulds","Soap & Bar Moulds","HIGH","Matched type Soap Mould"
c9ceda7f-da63-40f5-a6a3-549a85c80015,"Candle & Pillar Moulds","Soap & Bar Moulds","HIGH","Matched type Soap Mould"
70fb91d1-95e5-435b-be28-9b636cd999e7,"Candle & Pillar Moulds","Soap & Bar Moulds","HIGH","Matched type Soap Mould"
d4daf36c-3f99-4d35-a2e6-4bac7853eecb,"Candle & Pillar Moulds","Soap & Bar Moulds","HIGH","Matched type Soap Mould"
2a51b68e-4a6b-4686-8c85-3f38b2d8eb06,"Candle & Pillar Moulds","Soap & Bar Moulds","HIGH","Matched type Soap Mould"
4cd8f819-8a40-4be3-9ff7-341a519447ba,"Candle & Pillar Moulds","Soap & Bar Moulds","HIGH","Matched type Soap Mould"
ea756974-c711-479d-ba94-fc1a4eb1433f,"Candle & Pillar Moulds","Soap & Bar Moulds","HIGH","Matched type Soap Mould"
40ad0287-5773-4a24-986c-b36b572e6736,"Candle & Pillar Moulds","Soap & Bar Moulds","HIGH","Matched type Soap Mould"
290f899f-0a75-4fbe-b1f3-b80f063b3fe5,"Containers & Packaging","Soap & Bar Moulds","HIGH","Matched type Soap Mould"
99d1712c-6a13-448c-bf02-15a60ed1bc76,"Candle & Pillar Moulds","Soap & Bar Moulds","HIGH","Matched type Soap Mould"
4e9bf2cd-4d8b-4314-9b17-c32ca7c7359e,"Candle & Pillar Moulds","Soap & Bar Moulds","HIGH","Matched type Soap Mould"
02894910-4ba9-4258-b04d-8ad19d57bff4,"Candle & Pillar Moulds","Eco-Resin & Stone Moulds","HIGH","Matched type Resin/Concrete Mould"
2b2fe390-c020-4e64-8632-c01f4969e3d0,"Candle & Pillar Moulds","Soap & Bar Moulds","HIGH","Matched type Soap Mould"
4b229f7e-075d-46ca-820e-7420ce7a2941,"Candle & Pillar Moulds","Soap & Bar Moulds","HIGH","Matched type Soap Mould"
f6968af0-227a-4ad0-a903-4e3e8a3fdaa1,"Candle & Pillar Moulds","Soap & Bar Moulds","HIGH","Matched type Soap Mould"
b40aba62-98d7-4253-8540-8f94a5fe4a6f,"Candle & Pillar Moulds","Soap & Bar Moulds","HIGH","Matched type Soap Mould"
238661b9-b036-4c30-b63b-593eaa41f1f7,"Candle & Pillar Moulds","Soap & Bar Moulds","HIGH","Matched type Soap Mould"
28e5d8a7-74fe-4b6a-b84f-729abe5a5f98,"Candle & Pillar Moulds","Soap & Bar Moulds","HIGH","Matched type Soap Mould"
481236eb-58aa-43fd-b2d5-7c7589eab478,"Candle & Pillar Moulds","Soap & Bar Moulds","HIGH","Matched type Soap Mould"
8c8d69e2-2477-4b6e-8429-4dfb3da283b3,"Candle & Pillar Moulds","Soap & Bar Moulds","HIGH","Matched type Soap Mould"
079a1d62-513b-46af-9b01-82b2e9ddba92,"Food Safe Flavour Oil","Culinary & Fondant Moulds","HIGH","Matched type Culinary Mould"
fb445c40-fdb7-44bf-ab8b-2f26458a395d,"Food Safe Flavour Oil","Culinary & Fondant Moulds","HIGH","Matched type Culinary Mould"
d061f92e-549b-44c3-b181-cc8417404c1a,"Food Safe Flavour Oil","Culinary & Fondant Moulds","HIGH","Matched type Culinary Mould"
9a1bf106-8dad-446c-9089-ebacc0cdc637,"Food Safe Flavour Oil","Culinary & Fondant Moulds","HIGH","Matched type Culinary Mould"
7540c79c-4f45-43e0-afb8-500f2eb35899,"Food Safe Flavour Oil","Culinary & Fondant Moulds","HIGH","Matched type Culinary Mould"